epoch,gpu,driverVersion,memoryUsedMiB,memoryTotalMiB,restartCount,oomKilled,running,imageId
1791654201,NVIDIA GeForce RTX 4060,595.91.07,5834,8188,0,false,true,sha256:150b59966fb5b2cb1a8fa9d226267c56ebd22c520c7b3640331cde87f3c4fb01
1791654202,NVIDIA GeForce RTX 4060,595.91.07,5834,8188,0,false,true,sha256:150b59966fb5b2cb1a8fa9d226267c56ebd22c520c7b3640331cde87f3c4fb01
1791654203,NVIDIA GeForce RTX 4060,595.91.07,5834,8188,0,false,true,sha256:150b59966fb5b2cb1a8fa9d226267c56ebd22c520c7b3640331cde87f3c4fb01
1791654204,NVIDIA GeForce RTX 4060,595.91.07,5834,8188,0,false,true,sha256:150b59966fb5b2cb1a8fa9d226267c56ebd22c520c7b3640331cde87f3c4fb01
1791654205,NVIDIA GeForce RTX 4060,595.91.07,5834,8188,0,false,true,sha256:150b59966fb5b2cb1a8fa9d226267c56ebd22c520c7b3640331cde87f3c4fb01
1791654206,NVIDIA GeForce RTX 4060,595.91.07,5834,8188,0,false,true,sha256:150b59966fb5b2cb1a8fa9d226267c56ebd22c520c7b3640331cde87f3c4fb01
1791654207,NVIDIA GeForce RTX 4060,595.91.07,5834,8188,0,false,true,sha256:150b59966fb5b2cb1a8fa9d226267c56ebd22c520c7b3640331cde87f3c4fb01
1791654208,NVIDIA GeForce RTX 4060,595.91.07,5834,8188,0,false,true,sha256:150b59966fb5b2cb1a8fa9d226267c56ebd22c520c7b3640331cde87f3c4fb01
1791654209,NVIDIA GeForce RTX 4060,595.91.07,5834,8188,0,false,true,sha256:150b59966fb5b2cb1a8fa9d226267c56ebd22c520c7b3640331cde87f3c4fb01
1791654210,NVIDIA GeForce RTX 4060,595.91.07,5834,8188,0,false,true,sha256:150b59966fb5b2cb1a8fa9d226267c56ebd22c520c7b3640331cde87f3c4fb01
1791654211,NVIDIA GeForce RTX 4060,595.91.07,5834,8188,0,false,true,sha256:150b59966fb5b2cb1a8fa9d226267c56ebd22c520c7b3640331cde87f3c4fb01
1791654213,NVIDIA GeForce RTX 4060,595.91.07,5834,8188,0,false,true,sha256:150b59966fb5b2cb1a8fa9d226267c56ebd22c520c7b3640331cde87f3c4fb01
1791654214,NVIDIA GeForce RTX 4060,595.91.07,5834,8188,0,false,true,sha256:150b59966fb5b2cb1a8fa9d226267c56ebd22c520c7b3640331cde87f3c4fb01
1791654215,NVIDIA GeForce RTX 4060,595.91.07,5834,8188,0,false,true,sha256:150b59966fb5b2cb1a8fa9d226267c56ebd22c520c7b3640331cde87f3c4fb01
1791654216,NVIDIA GeForce RTX 4060,595.91.07,5834,8188,0,false,true,sha256:150b59966fb5b2cb1a8fa9d226267c56ebd22c520c7b3640331cde87f3c4fb01
1791654217,NVIDIA GeForce RTX 4060,595.91.07,5834,8188,0,false,true,sha256:150b59966fb5b2cb1a8fa9d226267c56ebd22c520c7b3640331cde87f3c4fb01
1791654218,NVIDIA GeForce RTX 4060,595.91.07,5834,8188,0,false,true,sha256:150b59966fb5b2cb1a8fa9d226267c56ebd22c520c7b3640331cde87f3c4fb01
1791654219,NVIDIA GeForce RTX 4060,595.91.07,5834,8188,0,false,true,sha256:150b59966fb5b2cb1a8fa9d226267c56ebd22c520c7b3640331cde87f3c4fb01
1791654220,NVIDIA GeForce RTX 4060,595.91.07,5834,8188,0,false,true,sha256:150b59966fb5b2cb1a8fa9d226267c56ebd22c520c7b3640331cde87f3c4fb01
1791654221,NVIDIA GeForce RTX 4060,595.91.07,5834,8188,0,false,true,sha256:150b59966fb5b2cb1a8fa9d226267c56ebd22c520c7b3640331cde87f3c4fb01
1791654222,NVIDIA GeForce RTX 4060,595.91.07,5834,8188,0,false,true,sha256:150b59966fb5b2cb1a8fa9d226267c56ebd22c520c7b3640331cde87f3c4fb01
1791654223,NVIDIA GeForce RTX 4060,595.91.07,5834,8188,0,false,true,sha256:150b59966fb5b2cb1a8fa9d226267c56ebd22c520c7b3640331cde87f3c4fb01
1791654224,NVIDIA GeForce RTX 4060,595.91.07,5834,8188,0,false,true,sha256:150b59966fb5b2cb1a8fa9d226267c56ebd22c520c7b3640331cde87f3c4fb01
1791654225,NVIDIA GeForce RTX 4060,595.91.07,5834,8188,0,false,true,sha256:150b59966fb5b2cb1a8fa9d226267c56ebd22c520c7b3640331cde87f3c4fb01
1791654227,NVIDIA GeForce RTX 4060,595.91.07,5834,8188,0,false,true,sha256:150b59966fb5b2cb1a8fa9d226267c56ebd22c520c7b3640331cde87f3c4fb01
1791654228,NVIDIA GeForce RTX 4060,595.91.07,5834,8188,0,false,true,sha256:150b59966fb5b2cb1a8fa9d226267c56ebd22c520c7b3640331cde87f3c4fb01
1791654229,NVIDIA GeForce RTX 4060,595.91.07,5834,8188,0,false,true,sha256:150b59966fb5b2cb1a8fa9d226267c56ebd22c520c7b3640331cde87f3c4fb01
1791654230,NVIDIA GeForce RTX 4060,595.91.07,5834,8188,0,false,true,sha256:150b59966fb5b2cb1a8fa9d226267c56ebd22c520c7b3640331cde87f3c4fb01
1791654231,NVIDIA GeForce RTX 4060,595.91.07,5834,8188,0,false,true,sha256:150b59966fb5b2cb1a8fa9d226267c56ebd22c520c7b3640331cde87f3c4fb01
1791654232,NVIDIA GeForce RTX 4060,595.91.07,5834,8188,0,false,true,sha256:150b59966fb5b2cb1a8fa9d226267c56ebd22c520c7b3640331cde87f3c4fb01
1791654233,NVIDIA GeForce RTX 4060,595.91.07,5834,8188,0,false,true,sha256:150b59966fb5b2cb1a8fa9d226267c56ebd22c520c7b3640331cde87f3c4fb01
1791654234,NVIDIA GeForce RTX 4060,595.91.07,5834,8188,0,false,true,sha256:150b59966fb5b2cb1a8fa9d226267c56ebd22c520c7b3640331cde87f3c4fb01
1791654235,NVIDIA GeForce RTX 4060,595.91.07,5834,8188,0,false,true,sha256:150b59966fb5b2cb1a8fa9d226267c56ebd22c520c7b3640331cde87f3c4fb01
1791654236,NVIDIA GeForce RTX 4060,595.91.07,5834,8188,0,false,true,sha256:150b59966fb5b2cb1a8fa9d226267c56ebd22c520c7b3640331cde87f3c4fb01
1791654237,NVIDIA GeForce RTX 4060,595.91.07,5834,8188,0,false,true,sha256:150b59966fb5b2cb1a8fa9d226267c56ebd22c520c7b3640331cde87f3c4fb01
1791654239,NVIDIA GeForce RTX 4060,595.91.07,5834,8188,0,false,true,sha256:150b59966fb5b2cb1a8fa9d226267c56ebd22c520c7b3640331cde87f3c4fb01
1791654240,NVIDIA GeForce RTX 4060,595.91.07,5834,8188,0,false,true,sha256:150b59966fb5b2cb1a8fa9d226267c56ebd22c520c7b3640331cde87f3c4fb01
1791654241,NVIDIA GeForce RTX 4060,595.91.07,5834,8188,0,false,true,sha256:150b59966fb5b2cb1a8fa9d226267c56ebd22c520c7b3640331cde87f3c4fb01
1791654242,NVIDIA GeForce RTX 4060,595.91.07,5834,8188,0,false,true,sha256:150b59966fb5b2cb1a8fa9d226267c56ebd22c520c7b3640331cde87f3c4fb01
1791654243,NVIDIA GeForce RTX 4060,595.91.07,5834,8188,0,false,true,sha256:150b59966fb5b2cb1a8fa9d226267c56ebd22c520c7b3640331cde87f3c4fb01
1791654244,NVIDIA GeForce RTX 4060,595.91.07,5834,8188,0,false,true,sha256:150b59966fb5b2cb1a8fa9d226267c56ebd22c520c7b3640331cde87f3c4fb01
1791654245,NVIDIA GeForce RTX 4060,595.91.07,5834,8188,0,false,true,sha256:150b59966fb5b2cb1a8fa9d226267c56ebd22c520c7b3640331cde87f3c4fb01
1791654246,NVIDIA GeForce RTX 4060,595.91.07,5834,8188,0,false,true,sha256:150b59966fb5b2cb1a8fa9d226267c56ebd22c520c7b3640331cde87f3c4fb01
1791654247,NVIDIA GeForce RTX 4060,595.91.07,5834,8188,0,false,true,sha256:150b59966fb5b2cb1a8fa9d226267c56ebd22c520c7b3640331cde87f3c4fb01
1791654248,NVIDIA GeForce RTX 4060,595.91.07,5834,8188,0,false,true,sha256:150b59966fb5b2cb1a8fa9d226267c56ebd22c520c7b3640331cde87f3c4fb01
1791654249,NVIDIA GeForce RTX 4060,595.91.07,5834,8188,0,false,true,sha256:150b59966fb5b2cb1a8fa9d226267c56ebd22c520c7b3640331cde87f3c4fb01
1791654250,NVIDIA GeForce RTX 4060,595.91.07,5834,8188,0,false,true,sha256:150b59966fb5b2cb1a8fa9d226267c56ebd22c520c7b3640331cde87f3c4fb01
1791654252,NVIDIA GeForce RTX 4060,595.91.07,5834,8188,0,false,true,sha256:150b59966fb5b2cb1a8fa9d226267c56ebd22c520c7b3640331cde87f3c4fb01
1791654253,NVIDIA GeForce RTX 4060,595.91.07,5834,8188,0,false,true,sha256:150b59966fb5b2cb1a8fa9d226267c56ebd22c520c7b3640331cde87f3c4fb01
1791654254,NVIDIA GeForce RTX 4060,595.91.07,5834,8188,0,false,true,sha256:150b59966fb5b2cb1a8fa9d226267c56ebd22c520c7b3640331cde87f3c4fb01
1791654255,NVIDIA GeForce RTX 4060,595.91.07,5834,8188,0,false,true,sha256:150b59966fb5b2cb1a8fa9d226267c56ebd22c520c7b3640331cde87f3c4fb01
1791654256,NVIDIA GeForce RTX 4060,595.91.07,5834,8188,0,false,true,sha256:150b59966fb5b2cb1a8fa9d226267c56ebd22c520c7b3640331cde87f3c4fb01
1791654257,NVIDIA GeForce RTX 4060,595.91.07,5834,8188,0,false,true,sha256:150b59966fb5b2cb1a8fa9d226267c56ebd22c520c7b3640331cde87f3c4fb01
1791654258,NVIDIA GeForce RTX 4060,595.91.07,5834,8188,0,false,true,sha256:150b59966fb5b2cb1a8fa9d226267c56ebd22c520c7b3640331cde87f3c4fb01
1791654259,NVIDIA GeForce RTX 4060,595.91.07,5834,8188,0,false,true,sha256:150b59966fb5b2cb1a8fa9d226267c56ebd22c520c7b3640331cde87f3c4fb01
1791654260,NVIDIA GeForce RTX 4060,595.91.07,5834,8188,0,false,true,sha256:150b59966fb5b2cb1a8fa9d226267c56ebd22c520c7b3640331cde87f3c4fb01
1791654261,NVIDIA GeForce RTX 4060,595.91.07,5834,8188,0,false,true,sha256:150b59966fb5b2cb1a8fa9d226267c56ebd22c520c7b3640331cde87f3c4fb01
1791654262,NVIDIA GeForce RTX 4060,595.91.07,5834,8188,0,false,true,sha256:150b59966fb5b2cb1a8fa9d226267c56ebd22c520c7b3640331cde87f3c4fb01
1791654263,NVIDIA GeForce RTX 4060,595.91.07,5834,8188,0,false,true,sha256:150b59966fb5b2cb1a8fa9d226267c56ebd22c520c7b3640331cde87f3c4fb01
1791654265,NVIDIA GeForce RTX 4060,595.91.07,5834,8188,0,false,true,sha256:150b59966fb5b2cb1a8fa9d226267c56ebd22c520c7b3640331cde87f3c4fb01
1791654266,NVIDIA GeForce RTX 4060,595.91.07,5834,8188,0,false,true,sha256:150b59966fb5b2cb1a8fa9d226267c56ebd22c520c7b3640331cde87f3c4fb01
1791654267,NVIDIA GeForce RTX 4060,595.91.07,5834,8188,0,false,true,sha256:150b59966fb5b2cb1a8fa9d226267c56ebd22c520c7b3640331cde87f3c4fb01
1791654268,NVIDIA GeForce RTX 4060,595.91.07,5834,8188,0,false,true,sha256:150b59966fb5b2cb1a8fa9d226267c56ebd22c520c7b3640331cde87f3c4fb01
1791654269,NVIDIA GeForce RTX 4060,595.91.07,5834,8188,0,false,true,sha256:150b59966fb5b2cb1a8fa9d226267c56ebd22c520c7b3640331cde87f3c4fb01
1791654270,NVIDIA GeForce RTX 4060,595.91.07,5834,8188,0,false,true,sha256:150b59966fb5b2cb1a8fa9d226267c56ebd22c520c7b3640331cde87f3c4fb01
1791654271,NVIDIA GeForce RTX 4060,595.91.07,5834,8188,0,false,true,sha256:150b59966fb5b2cb1a8fa9d226267c56ebd22c520c7b3640331cde87f3c4fb01
1791654272,NVIDIA GeForce RTX 4060,595.91.07,5834,8188,0,false,true,sha256:150b59966fb5b2cb1a8fa9d226267c56ebd22c520c7b3640331cde87f3c4fb01
1791654273,NVIDIA GeForce RTX 4060,595.91.07,5834,8188,0,false,true,sha256:150b59966fb5b2cb1a8fa9d226267c56ebd22c520c7b3640331cde87f3c4fb01
1791654274,NVIDIA GeForce RTX 4060,595.91.07,5834,8188,0,false,true,sha256:150b59966fb5b2cb1a8fa9d226267c56ebd22c520c7b3640331cde87f3c4fb01
1791654275,NVIDIA GeForce RTX 4060,595.91.07,5834,8188,0,false,true,sha256:150b59966fb5b2cb1a8fa9d226267c56ebd22c520c7b3640331cde87f3c4fb01
1791654276,NVIDIA GeForce RTX 4060,595.91.07,5834,8188,0,false,true,sha256:150b59966fb5b2cb1a8fa9d226267c56ebd22c520c7b3640331cde87f3c4fb01
1791654277,NVIDIA GeForce RTX 4060,595.91.07,5834,8188,0,false,true,sha256:150b59966fb5b2cb1a8fa9d226267c56ebd22c520c7b3640331cde87f3c4fb01
1791654279,NVIDIA GeForce RTX 4060,595.91.07,5834,8188,0,false,true,sha256:150b59966fb5b2cb1a8fa9d226267c56ebd22c520c7b3640331cde87f3c4fb01
1791654280,NVIDIA GeForce RTX 4060,595.91.07,5834,8188,0,false,true,sha256:150b59966fb5b2cb1a8fa9d226267c56ebd22c520c7b3640331cde87f3c4fb01
1791654281,NVIDIA GeForce RTX 4060,595.91.07,5834,8188,0,false,true,sha256:150b59966fb5b2cb1a8fa9d226267c56ebd22c520c7b3640331cde87f3c4fb01
1791654282,NVIDIA GeForce RTX 4060,595.91.07,5834,8188,0,false,true,sha256:150b59966fb5b2cb1a8fa9d226267c56ebd22c520c7b3640331cde87f3c4fb01
1791654283,NVIDIA GeForce RTX 4060,595.91.07,5834,8188,0,false,true,sha256:150b59966fb5b2cb1a8fa9d226267c56ebd22c520c7b3640331cde87f3c4fb01
1791654284,NVIDIA GeForce RTX 4060,595.91.07,5834,8188,0,false,true,sha256:150b59966fb5b2cb1a8fa9d226267c56ebd22c520c7b3640331cde87f3c4fb01
1791654285,NVIDIA GeForce RTX 4060,595.91.07,5834,8188,0,false,true,sha256:150b59966fb5b2cb1a8fa9d226267c56ebd22c520c7b3640331cde87f3c4fb01
1791654286,NVIDIA GeForce RTX 4060,595.91.07,5834,8188,0,false,true,sha256:150b59966fb5b2cb1a8fa9d226267c56ebd22c520c7b3640331cde87f3c4fb01
1791654287,NVIDIA GeForce RTX 4060,595.91.07,5834,8188,0,false,true,sha256:150b59966fb5b2cb1a8fa9d226267c56ebd22c520c7b3640331cde87f3c4fb01
1791654288,NVIDIA GeForce RTX 4060,595.91.07,5834,8188,0,false,true,sha256:150b59966fb5b2cb1a8fa9d226267c56ebd22c520c7b3640331cde87f3c4fb01
1791654289,NVIDIA GeForce RTX 4060,595.91.07,5834,8188,0,false,true,sha256:150b59966fb5b2cb1a8fa9d226267c56ebd22c520c7b3640331cde87f3c4fb01
1791654290,NVIDIA GeForce RTX 4060,595.91.07,5834,8188,0,false,true,sha256:150b59966fb5b2cb1a8fa9d226267c56ebd22c520c7b3640331cde87f3c4fb01
1791654292,NVIDIA GeForce RTX 4060,595.91.07,5834,8188,0,false,true,sha256:150b59966fb5b2cb1a8fa9d226267c56ebd22c520c7b3640331cde87f3c4fb01
1791654293,NVIDIA GeForce RTX 4060,595.91.07,5834,8188,0,false,true,sha256:150b59966fb5b2cb1a8fa9d226267c56ebd22c520c7b3640331cde87f3c4fb01
1791654294,NVIDIA GeForce RTX 4060,595.91.07,5834,8188,0,false,true,sha256:150b59966fb5b2cb1a8fa9d226267c56ebd22c520c7b3640331cde87f3c4fb01
1791654295,NVIDIA GeForce RTX 4060,595.91.07,5834,8188,0,false,true,sha256:150b59966fb5b2cb1a8fa9d226267c56ebd22c520c7b3640331cde87f3c4fb01
1791654296,NVIDIA GeForce RTX 4060,595.91.07,5834,8188,0,false,true,sha256:150b59966fb5b2cb1a8fa9d226267c56ebd22c520c7b3640331cde87f3c4fb01
1791654297,NVIDIA GeForce RTX 4060,595.91.07,5834,8188,0,false,true,sha256:150b59966fb5b2cb1a8fa9d226267c56ebd22c520c7b3640331cde87f3c4fb01
1791654298,NVIDIA GeForce RTX 4060,595.91.07,5834,8188,0,false,true,sha256:150b59966fb5b2cb1a8fa9d226267c56ebd22c520c7b3640331cde87f3c4fb01
1791654299,NVIDIA GeForce RTX 4060,595.91.07,5834,8188,0,false,true,sha256:150b59966fb5b2cb1a8fa9d226267c56ebd22c520c7b3640331cde87f3c4fb01
1791654300,NVIDIA GeForce RTX 4060,595.91.07,5834,8188,0,false,true,sha256:150b59966fb5b2cb1a8fa9d226267c56ebd22c520c7b3640331cde87f3c4fb01
1791654301,NVIDIA GeForce RTX 4060,595.91.07,5834,8188,0,false,true,sha256:150b59966fb5b2cb1a8fa9d226267c56ebd22c520c7b3640331cde87f3c4fb01
1791654302,NVIDIA GeForce RTX 4060,595.91.07,5834,8188,0,false,true,sha256:150b59966fb5b2cb1a8fa9d226267c56ebd22c520c7b3640331cde87f3c4fb01
1791654303,NVIDIA GeForce RTX 4060,595.91.07,5834,8188,0,false,true,sha256:150b59966fb5b2cb1a8fa9d226267c56ebd22c520c7b3640331cde87f3c4fb01
1791654305,NVIDIA GeForce RTX 4060,595.91.07,5834,8188,0,false,true,sha256:150b59966fb5b2cb1a8fa9d226267c56ebd22c520c7b3640331cde87f3c4fb01
1791654306,NVIDIA GeForce RTX 4060,595.91.07,5834,8188,0,false,true,sha256:150b59966fb5b2cb1a8fa9d226267c56ebd22c520c7b3640331cde87f3c4fb01
1791654307,NVIDIA GeForce RTX 4060,595.91.07,5834,8188,0,false,true,sha256:150b59966fb5b2cb1a8fa9d226267c56ebd22c520c7b3640331cde87f3c4fb01
1791654308,NVIDIA GeForce RTX 4060,595.91.07,5834,8188,0,false,true,sha256:150b59966fb5b2cb1a8fa9d226267c56ebd22c520c7b3640331cde87f3c4fb01
1791654309,NVIDIA GeForce RTX 4060,595.91.07,5834,8188,0,false,true,sha256:150b59966fb5b2cb1a8fa9d226267c56ebd22c520c7b3640331cde87f3c4fb01
1791654310,NVIDIA GeForce RTX 4060,595.91.07,5836,8188,0,false,true,sha256:150b59966fb5b2cb1a8fa9d226267c56ebd22c520c7b3640331cde87f3c4fb01
1791654311,NVIDIA GeForce RTX 4060,595.91.07,5842,8188,0,false,true,sha256:150b59966fb5b2cb1a8fa9d226267c56ebd22c520c7b3640331cde87f3c4fb01
1791654312,NVIDIA GeForce RTX 4060,595.91.07,5842,8188,0,false,true,sha256:150b59966fb5b2cb1a8fa9d226267c56ebd22c520c7b3640331cde87f3c4fb01
1791654313,NVIDIA GeForce RTX 4060,595.91.07,5842,8188,0,false,true,sha256:150b59966fb5b2cb1a8fa9d226267c56ebd22c520c7b3640331cde87f3c4fb01
1791654314,NVIDIA GeForce RTX 4060,595.91.07,5842,8188,0,false,true,sha256:150b59966fb5b2cb1a8fa9d226267c56ebd22c520c7b3640331cde87f3c4fb01
1791654315,NVIDIA GeForce RTX 4060,595.91.07,5842,8188,0,false,true,sha256:150b59966fb5b2cb1a8fa9d226267c56ebd22c520c7b3640331cde87f3c4fb01
1791654316,NVIDIA GeForce RTX 4060,595.91.07,5842,8188,0,false,true,sha256:150b59966fb5b2cb1a8fa9d226267c56ebd22c520c7b3640331cde87f3c4fb01
1791654317,NVIDIA GeForce RTX 4060,595.91.07,5842,8188,0,false,true,sha256:150b59966fb5b2cb1a8fa9d226267c56ebd22c520c7b3640331cde87f3c4fb01
1791654319,NVIDIA GeForce RTX 4060,595.91.07,5842,8188,0,false,true,sha256:150b59966fb5b2cb1a8fa9d226267c56ebd22c520c7b3640331cde87f3c4fb01
1791654320,NVIDIA GeForce RTX 4060,595.91.07,5842,8188,0,false,true,sha256:150b59966fb5b2cb1a8fa9d226267c56ebd22c520c7b3640331cde87f3c4fb01
1791654321,NVIDIA GeForce RTX 4060,595.91.07,5842,8188,0,false,true,sha256:150b59966fb5b2cb1a8fa9d226267c56ebd22c520c7b3640331cde87f3c4fb01
1791654322,NVIDIA GeForce RTX 4060,595.91.07,5842,8188,0,false,true,sha256:150b59966fb5b2cb1a8fa9d226267c56ebd22c520c7b3640331cde87f3c4fb01
1791654323,NVIDIA GeForce RTX 4060,595.91.07,5842,8188,0,false,true,sha256:150b59966fb5b2cb1a8fa9d226267c56ebd22c520c7b3640331cde87f3c4fb01
1791654324,NVIDIA GeForce RTX 4060,595.91.07,5842,8188,0,false,true,sha256:150b59966fb5b2cb1a8fa9d226267c56ebd22c520c7b3640331cde87f3c4fb01
1791654325,NVIDIA GeForce RTX 4060,595.91.07,5842,8188,0,false,true,sha256:150b59966fb5b2cb1a8fa9d226267c56ebd22c520c7b3640331cde87f3c4fb01
1791654326,NVIDIA GeForce RTX 4060,595.91.07,5842,8188,0,false,true,sha256:150b59966fb5b2cb1a8fa9d226267c56ebd22c520c7b3640331cde87f3c4fb01
1791654327,NVIDIA GeForce RTX 4060,595.91.07,5842,8188,0,false,true,sha256:150b59966fb5b2cb1a8fa9d226267c56ebd22c520c7b3640331cde87f3c4fb01
1791654328,NVIDIA GeForce RTX 4060,595.91.07,5842,8188,0,false,true,sha256:150b59966fb5b2cb1a8fa9d226267c56ebd22c520c7b3640331cde87f3c4fb01
1791654329,NVIDIA GeForce RTX 4060,595.91.07,5844,8188,0,false,true,sha256:150b59966fb5b2cb1a8fa9d226267c56ebd22c520c7b3640331cde87f3c4fb01
1791654330,NVIDIA GeForce RTX 4060,595.91.07,5844,8188,0,false,true,sha256:150b59966fb5b2cb1a8fa9d226267c56ebd22c520c7b3640331cde87f3c4fb01
1791654332,NVIDIA GeForce RTX 4060,595.91.07,5844,8188,0,false,true,sha256:150b59966fb5b2cb1a8fa9d226267c56ebd22c520c7b3640331cde87f3c4fb01
1791654333,NVIDIA GeForce RTX 4060,595.91.07,5844,8188,0,false,true,sha256:150b59966fb5b2cb1a8fa9d226267c56ebd22c520c7b3640331cde87f3c4fb01
1791654334,NVIDIA GeForce RTX 4060,595.91.07,5844,8188,0,false,true,sha256:150b59966fb5b2cb1a8fa9d226267c56ebd22c520c7b3640331cde87f3c4fb01
1791654335,NVIDIA GeForce RTX 4060,595.91.07,5844,8188,0,false,true,sha256:150b59966fb5b2cb1a8fa9d226267c56ebd22c520c7b3640331cde87f3c4fb01
1791654336,NVIDIA GeForce RTX 4060,595.91.07,5844,8188,0,false,true,sha256:150b59966fb5b2cb1a8fa9d226267c56ebd22c520c7b3640331cde87f3c4fb01
1791654337,NVIDIA GeForce RTX 4060,595.91.07,5844,8188,0,false,true,sha256:150b59966fb5b2cb1a8fa9d226267c56ebd22c520c7b3640331cde87f3c4fb01
1791654338,NVIDIA GeForce RTX 4060,595.91.07,5844,8188,0,false,true,sha256:150b59966fb5b2cb1a8fa9d226267c56ebd22c520c7b3640331cde87f3c4fb01
1791654339,NVIDIA GeForce RTX 4060,595.91.07,5844,8188,0,false,true,sha256:150b59966fb5b2cb1a8fa9d226267c56ebd22c520c7b3640331cde87f3c4fb01
1791654340,NVIDIA GeForce RTX 4060,595.91.07,5844,8188,0,false,true,sha256:150b59966fb5b2cb1a8fa9d226267c56ebd22c520c7b3640331cde87f3c4fb01
1791654341,NVIDIA GeForce RTX 4060,595.91.07,5844,8188,0,false,true,sha256:150b59966fb5b2cb1a8fa9d226267c56ebd22c520c7b3640331cde87f3c4fb01
1791654342,NVIDIA GeForce RTX 4060,595.91.07,5844,8188,0,false,true,sha256:150b59966fb5b2cb1a8fa9d226267c56ebd22c520c7b3640331cde87f3c4fb01
1791654343,NVIDIA GeForce RTX 4060,595.91.07,5844,8188,0,false,true,sha256:150b59966fb5b2cb1a8fa9d226267c56ebd22c520c7b3640331cde87f3c4fb01
1791654344,NVIDIA GeForce RTX 4060,595.91.07,5844,8188,0,false,true,sha256:150b59966fb5b2cb1a8fa9d226267c56ebd22c520c7b3640331cde87f3c4fb01
1791654346,NVIDIA GeForce RTX 4060,595.91.07,5844,8188,0,false,true,sha256:150b59966fb5b2cb1a8fa9d226267c56ebd22c520c7b3640331cde87f3c4fb01
1791654347,NVIDIA GeForce RTX 4060,595.91.07,5844,8188,0,false,true,sha256:150b59966fb5b2cb1a8fa9d226267c56ebd22c520c7b3640331cde87f3c4fb01
1791654348,NVIDIA GeForce RTX 4060,595.91.07,5844,8188,0,false,true,sha256:150b59966fb5b2cb1a8fa9d226267c56ebd22c520c7b3640331cde87f3c4fb01
1791654349,NVIDIA GeForce RTX 4060,595.91.07,5844,8188,0,false,true,sha256:150b59966fb5b2cb1a8fa9d226267c56ebd22c520c7b3640331cde87f3c4fb01
1791654350,NVIDIA GeForce RTX 4060,595.91.07,5844,8188,0,false,true,sha256:150b59966fb5b2cb1a8fa9d226267c56ebd22c520c7b3640331cde87f3c4fb01
1791654351,NVIDIA GeForce RTX 4060,595.91.07,5844,8188,0,false,true,sha256:150b59966fb5b2cb1a8fa9d226267c56ebd22c520c7b3640331cde87f3c4fb01
1791654352,NVIDIA GeForce RTX 4060,595.91.07,5844,8188,0,false,true,sha256:150b59966fb5b2cb1a8fa9d226267c56ebd22c520c7b3640331cde87f3c4fb01
1791654353,NVIDIA GeForce RTX 4060,595.91.07,5844,8188,0,false,true,sha256:150b59966fb5b2cb1a8fa9d226267c56ebd22c520c7b3640331cde87f3c4fb01
1791654354,NVIDIA GeForce RTX 4060,595.91.07,5844,8188,0,false,true,sha256:150b59966fb5b2cb1a8fa9d226267c56ebd22c520c7b3640331cde87f3c4fb01
1791654355,NVIDIA GeForce RTX 4060,595.91.07,5844,8188,0,false,true,sha256:150b59966fb5b2cb1a8fa9d226267c56ebd22c520c7b3640331cde87f3c4fb01
1791654356,NVIDIA GeForce RTX 4060,595.91.07,5844,8188,0,false,true,sha256:150b59966fb5b2cb1a8fa9d226267c56ebd22c520c7b3640331cde87f3c4fb01
1791654357,NVIDIA GeForce RTX 4060,595.91.07,5844,8188,0,false,true,sha256:150b59966fb5b2cb1a8fa9d226267c56ebd22c520c7b3640331cde87f3c4fb01
1791654359,NVIDIA GeForce RTX 4060,595.91.07,5844,8188,0,false,true,sha256:150b59966fb5b2cb1a8fa9d226267c56ebd22c520c7b3640331cde87f3c4fb01
1791654360,NVIDIA GeForce RTX 4060,595.91.07,5844,8188,0,false,true,sha256:150b59966fb5b2cb1a8fa9d226267c56ebd22c520c7b3640331cde87f3c4fb01
1791654361,NVIDIA GeForce RTX 4060,595.91.07,5844,8188,0,false,true,sha256:150b59966fb5b2cb1a8fa9d226267c56ebd22c520c7b3640331cde87f3c4fb01
1791654362,NVIDIA GeForce RTX 4060,595.91.07,5844,8188,0,false,true,sha256:150b59966fb5b2cb1a8fa9d226267c56ebd22c520c7b3640331cde87f3c4fb01
1791654363,NVIDIA GeForce RTX 4060,595.91.07,5844,8188,0,false,true,sha256:150b59966fb5b2cb1a8fa9d226267c56ebd22c520c7b3640331cde87f3c4fb01
1791654364,NVIDIA GeForce RTX 4060,595.91.07,5844,8188,0,false,true,sha256:150b59966fb5b2cb1a8fa9d226267c56ebd22c520c7b3640331cde87f3c4fb01
1791654365,NVIDIA GeForce RTX 4060,595.91.07,5844,8188,0,false,true,sha256:150b59966fb5b2cb1a8fa9d226267c56ebd22c520c7b3640331cde87f3c4fb01
1791654366,NVIDIA GeForce RTX 4060,595.91.07,5844,8188,0,false,true,sha256:150b59966fb5b2cb1a8fa9d226267c56ebd22c520c7b3640331cde87f3c4fb01
1791654367,NVIDIA GeForce RTX 4060,595.91.07,5844,8188,0,false,true,sha256:150b59966fb5b2cb1a8fa9d226267c56ebd22c520c7b3640331cde87f3c4fb01
1791654368,NVIDIA GeForce RTX 4060,595.91.07,5844,8188,0,false,true,sha256:150b59966fb5b2cb1a8fa9d226267c56ebd22c520c7b3640331cde87f3c4fb01
1791654369,NVIDIA GeForce RTX 4060,595.91.07,5844,8188,0,false,true,sha256:150b59966fb5b2cb1a8fa9d226267c56ebd22c520c7b3640331cde87f3c4fb01
1791654370,NVIDIA GeForce RTX 4060,595.91.07,5844,8188,0,false,true,sha256:150b59966fb5b2cb1a8fa9d226267c56ebd22c520c7b3640331cde87f3c4fb01
1791654372,NVIDIA GeForce RTX 4060,595.91.07,5844,8188,0,false,true,sha256:150b59966fb5b2cb1a8fa9d226267c56ebd22c520c7b3640331cde87f3c4fb01
1791654373,NVIDIA GeForce RTX 4060,595.91.07,5844,8188,0,false,true,sha256:150b59966fb5b2cb1a8fa9d226267c56ebd22c520c7b3640331cde87f3c4fb01
1791654374,NVIDIA GeForce RTX 4060,595.91.07,5844,8188,0,false,true,sha256:150b59966fb5b2cb1a8fa9d226267c56ebd22c520c7b3640331cde87f3c4fb01
1791654375,NVIDIA GeForce RTX 4060,595.91.07,5844,8188,0,false,true,sha256:150b59966fb5b2cb1a8fa9d226267c56ebd22c520c7b3640331cde87f3c4fb01
1791654376,NVIDIA GeForce RTX 4060,595.91.07,5844,8188,0,false,true,sha256:150b59966fb5b2cb1a8fa9d226267c56ebd22c520c7b3640331cde87f3c4fb01
1791654377,NVIDIA GeForce RTX 4060,595.91.07,5844,8188,0,false,true,sha256:150b59966fb5b2cb1a8fa9d226267c56ebd22c520c7b3640331cde87f3c4fb01
1791654378,NVIDIA GeForce RTX 4060,595.91.07,5844,8188,0,false,true,sha256:150b59966fb5b2cb1a8fa9d226267c56ebd22c520c7b3640331cde87f3c4fb01
1791654379,NVIDIA GeForce RTX 4060,595.91.07,5844,8188,0,false,true,sha256:150b59966fb5b2cb1a8fa9d226267c56ebd22c520c7b3640331cde87f3c4fb01
1791654380,NVIDIA GeForce RTX 4060,595.91.07,5844,8188,0,false,true,sha256:150b59966fb5b2cb1a8fa9d226267c56ebd22c520c7b3640331cde87f3c4fb01
1791654381,NVIDIA GeForce RTX 4060,595.91.07,5844,8188,0,false,true,sha256:150b59966fb5b2cb1a8fa9d226267c56ebd22c520c7b3640331cde87f3c4fb01
1791654382,NVIDIA GeForce RTX 4060,595.91.07,5844,8188,0,false,true,sha256:150b59966fb5b2cb1a8fa9d226267c56ebd22c520c7b3640331cde87f3c4fb01
1791654383,NVIDIA GeForce RTX 4060,595.91.07,5844,8188,0,false,true,sha256:150b59966fb5b2cb1a8fa9d226267c56ebd22c520c7b3640331cde87f3c4fb01
1791654384,NVIDIA GeForce RTX 4060,595.91.07,5844,8188,0,false,true,sha256:150b59966fb5b2cb1a8fa9d226267c56ebd22c520c7b3640331cde87f3c4fb01
1791654386,NVIDIA GeForce RTX 4060,595.91.07,5844,8188,0,false,true,sha256:150b59966fb5b2cb1a8fa9d226267c56ebd22c520c7b3640331cde87f3c4fb01
1791654387,NVIDIA GeForce RTX 4060,595.91.07,5844,8188,0,false,true,sha256:150b59966fb5b2cb1a8fa9d226267c56ebd22c520c7b3640331cde87f3c4fb01
1791654388,NVIDIA GeForce RTX 4060,595.91.07,5844,8188,0,false,true,sha256:150b59966fb5b2cb1a8fa9d226267c56ebd22c520c7b3640331cde87f3c4fb01
1791654389,NVIDIA GeForce RTX 4060,595.91.07,5844,8188,0,false,true,sha256:150b59966fb5b2cb1a8fa9d226267c56ebd22c520c7b3640331cde87f3c4fb01
1791654390,NVIDIA GeForce RTX 4060,595.91.07,5844,8188,0,false,true,sha256:150b59966fb5b2cb1a8fa9d226267c56ebd22c520c7b3640331cde87f3c4fb01
1791654391,NVIDIA GeForce RTX 4060,595.91.07,5844,8188,0,false,true,sha256:150b59966fb5b2cb1a8fa9d226267c56ebd22c520c7b3640331cde87f3c4fb01
1791654392,NVIDIA GeForce RTX 4060,595.91.07,5844,8188,0,false,true,sha256:150b59966fb5b2cb1a8fa9d226267c56ebd22c520c7b3640331cde87f3c4fb01
1791654393,NVIDIA GeForce RTX 4060,595.91.07,5844,8188,0,false,true,sha256:150b59966fb5b2cb1a8fa9d226267c56ebd22c520c7b3640331cde87f3c4fb01
1791654394,NVIDIA GeForce RTX 4060,595.91.07,5844,8188,0,false,true,sha256:150b59966fb5b2cb1a8fa9d226267c56ebd22c520c7b3640331cde87f3c4fb01
1791654395,NVIDIA GeForce RTX 4060,595.91.07,5844,8188,0,false,true,sha256:150b59966fb5b2cb1a8fa9d226267c56ebd22c520c7b3640331cde87f3c4fb01
1791654396,NVIDIA GeForce RTX 4060,595.91.07,5844,8188,0,false,true,sha256:150b59966fb5b2cb1a8fa9d226267c56ebd22c520c7b3640331cde87f3c4fb01
1791654397,NVIDIA GeForce RTX 4060,595.91.07,5844,8188,0,false,true,sha256:150b59966fb5b2cb1a8fa9d226267c56ebd22c520c7b3640331cde87f3c4fb01
1791654399,NVIDIA GeForce RTX 4060,595.91.07,5844,8188,0,false,true,sha256:150b59966fb5b2cb1a8fa9d226267c56ebd22c520c7b3640331cde87f3c4fb01
1791654400,NVIDIA GeForce RTX 4060,595.91.07,5844,8188,0,false,true,sha256:150b59966fb5b2cb1a8fa9d226267c56ebd22c520c7b3640331cde87f3c4fb01
1791654401,NVIDIA GeForce RTX 4060,595.91.07,5844,8188,0,false,true,sha256:150b59966fb5b2cb1a8fa9d226267c56ebd22c520c7b3640331cde87f3c4fb01
1791654402,NVIDIA GeForce RTX 4060,595.91.07,5844,8188,0,false,true,sha256:150b59966fb5b2cb1a8fa9d226267c56ebd22c520c7b3640331cde87f3c4fb01
1791654403,NVIDIA GeForce RTX 4060,595.91.07,5844,8188,0,false,true,sha256:150b59966fb5b2cb1a8fa9d226267c56ebd22c520c7b3640331cde87f3c4fb01
1791654404,NVIDIA GeForce RTX 4060,595.91.07,5844,8188,0,false,true,sha256:150b59966fb5b2cb1a8fa9d226267c56ebd22c520c7b3640331cde87f3c4fb01
1791654405,NVIDIA GeForce RTX 4060,595.91.07,5844,8188,0,false,true,sha256:150b59966fb5b2cb1a8fa9d226267c56ebd22c520c7b3640331cde87f3c4fb01
1791654406,NVIDIA GeForce RTX 4060,595.91.07,5844,8188,0,false,true,sha256:150b59966fb5b2cb1a8fa9d226267c56ebd22c520c7b3640331cde87f3c4fb01
1791654407,NVIDIA GeForce RTX 4060,595.91.07,5844,8188,0,false,true,sha256:150b59966fb5b2cb1a8fa9d226267c56ebd22c520c7b3640331cde87f3c4fb01
1791654408,NVIDIA GeForce RTX 4060,595.91.07,5844,8188,0,false,true,sha256:150b59966fb5b2cb1a8fa9d226267c56ebd22c520c7b3640331cde87f3c4fb01
1791654409,NVIDIA GeForce RTX 4060,595.91.07,5844,8188,0,false,true,sha256:150b59966fb5b2cb1a8fa9d226267c56ebd22c520c7b3640331cde87f3c4fb01
1791654410,NVIDIA GeForce RTX 4060,595.91.07,5844,8188,0,false,true,sha256:150b59966fb5b2cb1a8fa9d226267c56ebd22c520c7b3640331cde87f3c4fb01
1791654412,NVIDIA GeForce RTX 4060,595.91.07,5844,8188,0,false,true,sha256:150b59966fb5b2cb1a8fa9d226267c56ebd22c520c7b3640331cde87f3c4fb01
1791654413,NVIDIA GeForce RTX 4060,595.91.07,5844,8188,0,false,true,sha256:150b59966fb5b2cb1a8fa9d226267c56ebd22c520c7b3640331cde87f3c4fb01
1791654414,NVIDIA GeForce RTX 4060,595.91.07,5844,8188,0,false,true,sha256:150b59966fb5b2cb1a8fa9d226267c56ebd22c520c7b3640331cde87f3c4fb01
1791654415,NVIDIA GeForce RTX 4060,595.91.07,5844,8188,0,false,true,sha256:150b59966fb5b2cb1a8fa9d226267c56ebd22c520c7b3640331cde87f3c4fb01
1791654416,NVIDIA GeForce RTX 4060,595.91.07,5844,8188,0,false,true,sha256:150b59966fb5b2cb1a8fa9d226267c56ebd22c520c7b3640331cde87f3c4fb01
1791654417,NVIDIA GeForce RTX 4060,595.91.07,5844,8188,0,false,true,sha256:150b59966fb5b2cb1a8fa9d226267c56ebd22c520c7b3640331cde87f3c4fb01
1791654418,NVIDIA GeForce RTX 4060,595.91.07,5844,8188,0,false,true,sha256:150b59966fb5b2cb1a8fa9d226267c56ebd22c520c7b3640331cde87f3c4fb01
1791654419,NVIDIA GeForce RTX 4060,595.91.07,5844,8188,0,false,true,sha256:150b59966fb5b2cb1a8fa9d226267c56ebd22c520c7b3640331cde87f3c4fb01
1791654420,NVIDIA GeForce RTX 4060,595.91.07,5844,8188,0,false,true,sha256:150b59966fb5b2cb1a8fa9d226267c56ebd22c520c7b3640331cde87f3c4fb01
1791654421,NVIDIA GeForce RTX 4060,595.91.07,5844,8188,0,false,true,sha256:150b59966fb5b2cb1a8fa9d226267c56ebd22c520c7b3640331cde87f3c4fb01
1791654422,NVIDIA GeForce RTX 4060,595.91.07,5844,8188,0,false,true,sha256:150b59966fb5b2cb1a8fa9d226267c56ebd22c520c7b3640331cde87f3c4fb01
1791654423,NVIDIA GeForce RTX 4060,595.91.07,5844,8188,0,false,true,sha256:150b59966fb5b2cb1a8fa9d226267c56ebd22c520c7b3640331cde87f3c4fb01
1791654424,NVIDIA GeForce RTX 4060,595.91.07,5844,8188,0,false,true,sha256:150b59966fb5b2cb1a8fa9d226267c56ebd22c520c7b3640331cde87f3c4fb01
1791654426,NVIDIA GeForce RTX 4060,595.91.07,5844,8188,0,false,true,sha256:150b59966fb5b2cb1a8fa9d226267c56ebd22c520c7b3640331cde87f3c4fb01
1791654427,NVIDIA GeForce RTX 4060,595.91.07,5844,8188,0,false,true,sha256:150b59966fb5b2cb1a8fa9d226267c56ebd22c520c7b3640331cde87f3c4fb01
1791654428,NVIDIA GeForce RTX 4060,595.91.07,5844,8188,0,false,true,sha256:150b59966fb5b2cb1a8fa9d226267c56ebd22c520c7b3640331cde87f3c4fb01
1791654429,NVIDIA GeForce RTX 4060,595.91.07,5844,8188,0,false,true,sha256:150b59966fb5b2cb1a8fa9d226267c56ebd22c520c7b3640331cde87f3c4fb01
1791654430,NVIDIA GeForce RTX 4060,595.91.07,5844,8188,0,false,true,sha256:150b59966fb5b2cb1a8fa9d226267c56ebd22c520c7b3640331cde87f3c4fb01
1791654431,NVIDIA GeForce RTX 4060,595.91.07,5844,8188,0,false,true,sha256:150b59966fb5b2cb1a8fa9d226267c56ebd22c520c7b3640331cde87f3c4fb01
1791654432,NVIDIA GeForce RTX 4060,595.91.07,5844,8188,0,false,true,sha256:150b59966fb5b2cb1a8fa9d226267c56ebd22c520c7b3640331cde87f3c4fb01
1791654433,NVIDIA GeForce RTX 4060,595.91.07,5844,8188,0,false,true,sha256:150b59966fb5b2cb1a8fa9d226267c56ebd22c520c7b3640331cde87f3c4fb01
1791654434,NVIDIA GeForce RTX 4060,595.91.07,5844,8188,0,false,true,sha256:150b59966fb5b2cb1a8fa9d226267c56ebd22c520c7b3640331cde87f3c4fb01
1791654435,NVIDIA GeForce RTX 4060,595.91.07,5844,8188,0,false,true,sha256:150b59966fb5b2cb1a8fa9d226267c56ebd22c520c7b3640331cde87f3c4fb01
1791654436,NVIDIA GeForce RTX 4060,595.91.07,5844,8188,0,false,true,sha256:150b59966fb5b2cb1a8fa9d226267c56ebd22c520c7b3640331cde87f3c4fb01
1791654437,NVIDIA GeForce RTX 4060,595.91.07,5844,8188,0,false,true,sha256:150b59966fb5b2cb1a8fa9d226267c56ebd22c520c7b3640331cde87f3c4fb01
1791654439,NVIDIA GeForce RTX 4060,595.91.07,5844,8188,0,false,true,sha256:150b59966fb5b2cb1a8fa9d226267c56ebd22c520c7b3640331cde87f3c4fb01
1791654440,NVIDIA GeForce RTX 4060,595.91.07,5844,8188,0,false,true,sha256:150b59966fb5b2cb1a8fa9d226267c56ebd22c520c7b3640331cde87f3c4fb01
1791654441,NVIDIA GeForce RTX 4060,595.91.07,5844,8188,0,false,true,sha256:150b59966fb5b2cb1a8fa9d226267c56ebd22c520c7b3640331cde87f3c4fb01
1791654442,NVIDIA GeForce RTX 4060,595.91.07,5844,8188,0,false,true,sha256:150b59966fb5b2cb1a8fa9d226267c56ebd22c520c7b3640331cde87f3c4fb01
1791654443,NVIDIA GeForce RTX 4060,595.91.07,5844,8188,0,false,true,sha256:150b59966fb5b2cb1a8fa9d226267c56ebd22c520c7b3640331cde87f3c4fb01
1791654444,NVIDIA GeForce RTX 4060,595.91.07,5844,8188,0,false,true,sha256:150b59966fb5b2cb1a8fa9d226267c56ebd22c520c7b3640331cde87f3c4fb01
1791654445,NVIDIA GeForce RTX 4060,595.91.07,5844,8188,0,false,true,sha256:150b59966fb5b2cb1a8fa9d226267c56ebd22c520c7b3640331cde87f3c4fb01
1791654446,NVIDIA GeForce RTX 4060,595.91.07,5844,8188,0,false,true,sha256:150b59966fb5b2cb1a8fa9d226267c56ebd22c520c7b3640331cde87f3c4fb01
1791654447,NVIDIA GeForce RTX 4060,595.91.07,5844,8188,0,false,true,sha256:150b59966fb5b2cb1a8fa9d226267c56ebd22c520c7b3640331cde87f3c4fb01
1791654448,NVIDIA GeForce RTX 4060,595.91.07,5844,8188,0,false,true,sha256:150b59966fb5b2cb1a8fa9d226267c56ebd22c520c7b3640331cde87f3c4fb01
1791654449,NVIDIA GeForce RTX 4060,595.91.07,5844,8188,0,false,true,sha256:150b59966fb5b2cb1a8fa9d226267c56ebd22c520c7b3640331cde87f3c4fb01
1791654450,NVIDIA GeForce RTX 4060,595.91.07,5844,8188,0,false,true,sha256:150b59966fb5b2cb1a8fa9d226267c56ebd22c520c7b3640331cde87f3c4fb01
1791654452,NVIDIA GeForce RTX 4060,595.91.07,5844,8188,0,false,true,sha256:150b59966fb5b2cb1a8fa9d226267c56ebd22c520c7b3640331cde87f3c4fb01
1791654453,NVIDIA GeForce RTX 4060,595.91.07,5844,8188,0,false,true,sha256:150b59966fb5b2cb1a8fa9d226267c56ebd22c520c7b3640331cde87f3c4fb01
1791654454,NVIDIA GeForce RTX 4060,595.91.07,5844,8188,0,false,true,sha256:150b59966fb5b2cb1a8fa9d226267c56ebd22c520c7b3640331cde87f3c4fb01
1791654455,NVIDIA GeForce RTX 4060,595.91.07,5844,8188,0,false,true,sha256:150b59966fb5b2cb1a8fa9d226267c56ebd22c520c7b3640331cde87f3c4fb01
1791654456,NVIDIA GeForce RTX 4060,595.91.07,5844,8188,0,false,true,sha256:150b59966fb5b2cb1a8fa9d226267c56ebd22c520c7b3640331cde87f3c4fb01
1791654457,NVIDIA GeForce RTX 4060,595.91.07,5844,8188,0,false,true,sha256:150b59966fb5b2cb1a8fa9d226267c56ebd22c520c7b3640331cde87f3c4fb01
1791654458,NVIDIA GeForce RTX 4060,595.91.07,5844,8188,0,false,true,sha256:150b59966fb5b2cb1a8fa9d226267c56ebd22c520c7b3640331cde87f3c4fb01
1791654459,NVIDIA GeForce RTX 4060,595.91.07,5844,8188,0,false,true,sha256:150b59966fb5b2cb1a8fa9d226267c56ebd22c520c7b3640331cde87f3c4fb01
1791654460,NVIDIA GeForce RTX 4060,595.91.07,5844,8188,0,false,true,sha256:150b59966fb5b2cb1a8fa9d226267c56ebd22c520c7b3640331cde87f3c4fb01
1791654461,NVIDIA GeForce RTX 4060,595.91.07,5844,8188,0,false,true,sha256:150b59966fb5b2cb1a8fa9d226267c56ebd22c520c7b3640331cde87f3c4fb01
1791654462,NVIDIA GeForce RTX 4060,595.91.07,5844,8188,0,false,true,sha256:150b59966fb5b2cb1a8fa9d226267c56ebd22c520c7b3640331cde87f3c4fb01
1791654463,NVIDIA GeForce RTX 4060,595.91.07,5844,8188,0,false,true,sha256:150b59966fb5b2cb1a8fa9d226267c56ebd22c520c7b3640331cde87f3c4fb01
1791654465,NVIDIA GeForce RTX 4060,595.91.07,5844,8188,0,false,true,sha256:150b59966fb5b2cb1a8fa9d226267c56ebd22c520c7b3640331cde87f3c4fb01
1791654466,NVIDIA GeForce RTX 4060,595.91.07,5844,8188,0,false,true,sha256:150b59966fb5b2cb1a8fa9d226267c56ebd22c520c7b3640331cde87f3c4fb01
1791654467,NVIDIA GeForce RTX 4060,595.91.07,5844,8188,0,false,true,sha256:150b59966fb5b2cb1a8fa9d226267c56ebd22c520c7b3640331cde87f3c4fb01
1791654468,NVIDIA GeForce RTX 4060,595.91.07,5844,8188,0,false,true,sha256:150b59966fb5b2cb1a8fa9d226267c56ebd22c520c7b3640331cde87f3c4fb01
1791654469,NVIDIA GeForce RTX 4060,595.91.07,5844,8188,0,false,true,sha256:150b59966fb5b2cb1a8fa9d226267c56ebd22c520c7b3640331cde87f3c4fb01
1791654470,NVIDIA GeForce RTX 4060,595.91.07,5844,8188,0,false,true,sha256:150b59966fb5b2cb1a8fa9d226267c56ebd22c520c7b3640331cde87f3c4fb01
1791654471,NVIDIA GeForce RTX 4060,595.91.07,5844,8188,0,false,true,sha256:150b59966fb5b2cb1a8fa9d226267c56ebd22c520c7b3640331cde87f3c4fb01
1791654472,NVIDIA GeForce RTX 4060,595.91.07,5844,8188,0,false,true,sha256:150b59966fb5b2cb1a8fa9d226267c56ebd22c520c7b3640331cde87f3c4fb01
1791654473,NVIDIA GeForce RTX 4060,595.91.07,5844,8188,0,false,true,sha256:150b59966fb5b2cb1a8fa9d226267c56ebd22c520c7b3640331cde87f3c4fb01
1791654474,NVIDIA GeForce RTX 4060,595.91.07,5844,8188,0,false,true,sha256:150b59966fb5b2cb1a8fa9d226267c56ebd22c520c7b3640331cde87f3c4fb01
1791654475,NVIDIA GeForce RTX 4060,595.91.07,5844,8188,0,false,true,sha256:150b59966fb5b2cb1a8fa9d226267c56ebd22c520c7b3640331cde87f3c4fb01
1791654476,NVIDIA GeForce RTX 4060,595.91.07,5844,8188,0,false,true,sha256:150b59966fb5b2cb1a8fa9d226267c56ebd22c520c7b3640331cde87f3c4fb01
1791654478,NVIDIA GeForce RTX 4060,595.91.07,5844,8188,0,false,true,sha256:150b59966fb5b2cb1a8fa9d226267c56ebd22c520c7b3640331cde87f3c4fb01
1791654479,NVIDIA GeForce RTX 4060,595.91.07,5844,8188,0,false,true,sha256:150b59966fb5b2cb1a8fa9d226267c56ebd22c520c7b3640331cde87f3c4fb01
1791654480,NVIDIA GeForce RTX 4060,595.91.07,5844,8188,0,false,true,sha256:150b59966fb5b2cb1a8fa9d226267c56ebd22c520c7b3640331cde87f3c4fb01
1791654481,NVIDIA GeForce RTX 4060,595.91.07,5844,8188,0,false,true,sha256:150b59966fb5b2cb1a8fa9d226267c56ebd22c520c7b3640331cde87f3c4fb01
1791654482,NVIDIA GeForce RTX 4060,595.91.07,5844,8188,0,false,true,sha256:150b59966fb5b2cb1a8fa9d226267c56ebd22c520c7b3640331cde87f3c4fb01
1791654483,NVIDIA GeForce RTX 4060,595.91.07,5844,8188,0,false,true,sha256:150b59966fb5b2cb1a8fa9d226267c56ebd22c520c7b3640331cde87f3c4fb01
1791654484,NVIDIA GeForce RTX 4060,595.91.07,5844,8188,0,false,true,sha256:150b59966fb5b2cb1a8fa9d226267c56ebd22c520c7b3640331cde87f3c4fb01
1791654485,NVIDIA GeForce RTX 4060,595.91.07,5844,8188,0,false,true,sha256:150b59966fb5b2cb1a8fa9d226267c56ebd22c520c7b3640331cde87f3c4fb01
1791654486,NVIDIA GeForce RTX 4060,595.91.07,5844,8188,0,false,true,sha256:150b59966fb5b2cb1a8fa9d226267c56ebd22c520c7b3640331cde87f3c4fb01
1791654487,NVIDIA GeForce RTX 4060,595.91.07,5844,8188,0,false,true,sha256:150b59966fb5b2cb1a8fa9d226267c56ebd22c520c7b3640331cde87f3c4fb01
1791654488,NVIDIA GeForce RTX 4060,595.91.07,5844,8188,0,false,true,sha256:150b59966fb5b2cb1a8fa9d226267c56ebd22c520c7b3640331cde87f3c4fb01
1791654489,NVIDIA GeForce RTX 4060,595.91.07,5844,8188,0,false,true,sha256:150b59966fb5b2cb1a8fa9d226267c56ebd22c520c7b3640331cde87f3c4fb01
1791654491,NVIDIA GeForce RTX 4060,595.91.07,5844,8188,0,false,true,sha256:150b59966fb5b2cb1a8fa9d226267c56ebd22c520c7b3640331cde87f3c4fb01
1791654492,NVIDIA GeForce RTX 4060,595.91.07,5844,8188,0,false,true,sha256:150b59966fb5b2cb1a8fa9d226267c56ebd22c520c7b3640331cde87f3c4fb01
1791654493,NVIDIA GeForce RTX 4060,595.91.07,5844,8188,0,false,true,sha256:150b59966fb5b2cb1a8fa9d226267c56ebd22c520c7b3640331cde87f3c4fb01
1791654494,NVIDIA GeForce RTX 4060,595.91.07,5844,8188,0,false,true,sha256:150b59966fb5b2cb1a8fa9d226267c56ebd22c520c7b3640331cde87f3c4fb01
1791654495,NVIDIA GeForce RTX 4060,595.91.07,5844,8188,0,false,true,sha256:150b59966fb5b2cb1a8fa9d226267c56ebd22c520c7b3640331cde87f3c4fb01
1791654496,NVIDIA GeForce RTX 4060,595.91.07,5844,8188,0,false,true,sha256:150b59966fb5b2cb1a8fa9d226267c56ebd22c520c7b3640331cde87f3c4fb01
1791654497,NVIDIA GeForce RTX 4060,595.91.07,5844,8188,0,false,true,sha256:150b59966fb5b2cb1a8fa9d226267c56ebd22c520c7b3640331cde87f3c4fb01
1791654498,NVIDIA GeForce RTX 4060,595.91.07,5844,8188,0,false,true,sha256:150b59966fb5b2cb1a8fa9d226267c56ebd22c520c7b3640331cde87f3c4fb01
1791654499,NVIDIA GeForce RTX 4060,595.91.07,5844,8188,0,false,true,sha256:150b59966fb5b2cb1a8fa9d226267c56ebd22c520c7b3640331cde87f3c4fb01
1791654500,NVIDIA GeForce RTX 4060,595.91.07,5844,8188,0,false,true,sha256:150b59966fb5b2cb1a8fa9d226267c56ebd22c520c7b3640331cde87f3c4fb01
1791654501,NVIDIA GeForce RTX 4060,595.91.07,5844,8188,0,false,true,sha256:150b59966fb5b2cb1a8fa9d226267c56ebd22c520c7b3640331cde87f3c4fb01
1791654502,NVIDIA GeForce RTX 4060,595.91.07,5844,8188,0,false,true,sha256:150b59966fb5b2cb1a8fa9d226267c56ebd22c520c7b3640331cde87f3c4fb01
1791654504,NVIDIA GeForce RTX 4060,595.91.07,5844,8188,0,false,true,sha256:150b59966fb5b2cb1a8fa9d226267c56ebd22c520c7b3640331cde87f3c4fb01
1791654505,NVIDIA GeForce RTX 4060,595.91.07,5844,8188,0,false,true,sha256:150b59966fb5b2cb1a8fa9d226267c56ebd22c520c7b3640331cde87f3c4fb01
1791654506,NVIDIA GeForce RTX 4060,595.91.07,5844,8188,0,false,true,sha256:150b59966fb5b2cb1a8fa9d226267c56ebd22c520c7b3640331cde87f3c4fb01
1791654507,NVIDIA GeForce RTX 4060,595.91.07,5844,8188,0,false,true,sha256:150b59966fb5b2cb1a8fa9d226267c56ebd22c520c7b3640331cde87f3c4fb01
1791654508,NVIDIA GeForce RTX 4060,595.91.07,5844,8188,0,false,true,sha256:150b59966fb5b2cb1a8fa9d226267c56ebd22c520c7b3640331cde87f3c4fb01
1791654509,NVIDIA GeForce RTX 4060,595.91.07,5844,8188,0,false,true,sha256:150b59966fb5b2cb1a8fa9d226267c56ebd22c520c7b3640331cde87f3c4fb01
1791654510,NVIDIA GeForce RTX 4060,595.91.07,5844,8188,0,false,true,sha256:150b59966fb5b2cb1a8fa9d226267c56ebd22c520c7b3640331cde87f3c4fb01
1791654511,NVIDIA GeForce RTX 4060,595.91.07,5844,8188,0,false,true,sha256:150b59966fb5b2cb1a8fa9d226267c56ebd22c520c7b3640331cde87f3c4fb01
1791654512,NVIDIA GeForce RTX 4060,595.91.07,5844,8188,0,false,true,sha256:150b59966fb5b2cb1a8fa9d226267c56ebd22c520c7b3640331cde87f3c4fb01
1791654513,NVIDIA GeForce RTX 4060,595.91.07,5844,8188,0,false,true,sha256:150b59966fb5b2cb1a8fa9d226267c56ebd22c520c7b3640331cde87f3c4fb01
1791654514,NVIDIA GeForce RTX 4060,595.91.07,5844,8188,0,false,true,sha256:150b59966fb5b2cb1a8fa9d226267c56ebd22c520c7b3640331cde87f3c4fb01
1791654515,NVIDIA GeForce RTX 4060,595.91.07,5844,8188,0,false,true,sha256:150b59966fb5b2cb1a8fa9d226267c56ebd22c520c7b3640331cde87f3c4fb01
1791654517,NVIDIA GeForce RTX 4060,595.91.07,5844,8188,0,false,true,sha256:150b59966fb5b2cb1a8fa9d226267c56ebd22c520c7b3640331cde87f3c4fb01
1791654518,NVIDIA GeForce RTX 4060,595.91.07,5844,8188,0,false,true,sha256:150b59966fb5b2cb1a8fa9d226267c56ebd22c520c7b3640331cde87f3c4fb01
1791654519,NVIDIA GeForce RTX 4060,595.91.07,5844,8188,0,false,true,sha256:150b59966fb5b2cb1a8fa9d226267c56ebd22c520c7b3640331cde87f3c4fb01
1791654520,NVIDIA GeForce RTX 4060,595.91.07,5844,8188,0,false,true,sha256:150b59966fb5b2cb1a8fa9d226267c56ebd22c520c7b3640331cde87f3c4fb01
1791654521,NVIDIA GeForce RTX 4060,595.91.07,5844,8188,0,false,true,sha256:150b59966fb5b2cb1a8fa9d226267c56ebd22c520c7b3640331cde87f3c4fb01
1791654522,NVIDIA GeForce RTX 4060,595.91.07,5844,8188,0,false,true,sha256:150b59966fb5b2cb1a8fa9d226267c56ebd22c520c7b3640331cde87f3c4fb01
1791654523,NVIDIA GeForce RTX 4060,595.91.07,5844,8188,0,false,true,sha256:150b59966fb5b2cb1a8fa9d226267c56ebd22c520c7b3640331cde87f3c4fb01
1791654524,NVIDIA GeForce RTX 4060,595.91.07,5844,8188,0,false,true,sha256:150b59966fb5b2cb1a8fa9d226267c56ebd22c520c7b3640331cde87f3c4fb01
1791654525,NVIDIA GeForce RTX 4060,595.91.07,5844,8188,0,false,true,sha256:150b59966fb5b2cb1a8fa9d226267c56ebd22c520c7b3640331cde87f3c4fb01
1791654526,NVIDIA GeForce RTX 4060,595.91.07,5844,8188,0,false,true,sha256:150b59966fb5b2cb1a8fa9d226267c56ebd22c520c7b3640331cde87f3c4fb01
1791654527,NVIDIA GeForce RTX 4060,595.91.07,5844,8188,0,false,true,sha256:150b59966fb5b2cb1a8fa9d226267c56ebd22c520c7b3640331cde87f3c4fb01
1791654528,NVIDIA GeForce RTX 4060,595.91.07,5844,8188,0,false,true,sha256:150b59966fb5b2cb1a8fa9d226267c56ebd22c520c7b3640331cde87f3c4fb01
1791654529,NVIDIA GeForce RTX 4060,595.91.07,5844,8188,0,false,true,sha256:150b59966fb5b2cb1a8fa9d226267c56ebd22c520c7b3640331cde87f3c4fb01
1791654531,NVIDIA GeForce RTX 4060,595.91.07,5844,8188,0,false,true,sha256:150b59966fb5b2cb1a8fa9d226267c56ebd22c520c7b3640331cde87f3c4fb01
1791654532,NVIDIA GeForce RTX 4060,595.91.07,5844,8188,0,false,true,sha256:150b59966fb5b2cb1a8fa9d226267c56ebd22c520c7b3640331cde87f3c4fb01
1791654533,NVIDIA GeForce RTX 4060,595.91.07,5844,8188,0,false,true,sha256:150b59966fb5b2cb1a8fa9d226267c56ebd22c520c7b3640331cde87f3c4fb01
1791654534,NVIDIA GeForce RTX 4060,595.91.07,5844,8188,0,false,true,sha256:150b59966fb5b2cb1a8fa9d226267c56ebd22c520c7b3640331cde87f3c4fb01
1791654535,NVIDIA GeForce RTX 4060,595.91.07,5844,8188,0,false,true,sha256:150b59966fb5b2cb1a8fa9d226267c56ebd22c520c7b3640331cde87f3c4fb01
1791654536,NVIDIA GeForce RTX 4060,595.91.07,5844,8188,0,false,true,sha256:150b59966fb5b2cb1a8fa9d226267c56ebd22c520c7b3640331cde87f3c4fb01
1791654537,NVIDIA GeForce RTX 4060,595.91.07,5844,8188,0,false,true,sha256:150b59966fb5b2cb1a8fa9d226267c56ebd22c520c7b3640331cde87f3c4fb01
1791654538,NVIDIA GeForce RTX 4060,595.91.07,5844,8188,0,false,true,sha256:150b59966fb5b2cb1a8fa9d226267c56ebd22c520c7b3640331cde87f3c4fb01
1791654539,NVIDIA GeForce RTX 4060,595.91.07,5844,8188,0,false,true,sha256:150b59966fb5b2cb1a8fa9d226267c56ebd22c520c7b3640331cde87f3c4fb01
1791654540,NVIDIA GeForce RTX 4060,595.91.07,5844,8188,0,false,true,sha256:150b59966fb5b2cb1a8fa9d226267c56ebd22c520c7b3640331cde87f3c4fb01
1791654541,NVIDIA GeForce RTX 4060,595.91.07,5844,8188,0,false,true,sha256:150b59966fb5b2cb1a8fa9d226267c56ebd22c520c7b3640331cde87f3c4fb01
1791654542,NVIDIA GeForce RTX 4060,595.91.07,5844,8188,0,false,true,sha256:150b59966fb5b2cb1a8fa9d226267c56ebd22c520c7b3640331cde87f3c4fb01
1791654544,NVIDIA GeForce RTX 4060,595.91.07,5844,8188,0,false,true,sha256:150b59966fb5b2cb1a8fa9d226267c56ebd22c520c7b3640331cde87f3c4fb01
1791654545,NVIDIA GeForce RTX 4060,595.91.07,5844,8188,0,false,true,sha256:150b59966fb5b2cb1a8fa9d226267c56ebd22c520c7b3640331cde87f3c4fb01
1791654546,NVIDIA GeForce RTX 4060,595.91.07,5844,8188,0,false,true,sha256:150b59966fb5b2cb1a8fa9d226267c56ebd22c520c7b3640331cde87f3c4fb01
1791654547,NVIDIA GeForce RTX 4060,595.91.07,5844,8188,0,false,true,sha256:150b59966fb5b2cb1a8fa9d226267c56ebd22c520c7b3640331cde87f3c4fb01
1791654548,NVIDIA GeForce RTX 4060,595.91.07,5844,8188,0,false,true,sha256:150b59966fb5b2cb1a8fa9d226267c56ebd22c520c7b3640331cde87f3c4fb01
1791654549,NVIDIA GeForce RTX 4060,595.91.07,5844,8188,0,false,true,sha256:150b59966fb5b2cb1a8fa9d226267c56ebd22c520c7b3640331cde87f3c4fb01
1791654550,NVIDIA GeForce RTX 4060,595.91.07,5844,8188,0,false,true,sha256:150b59966fb5b2cb1a8fa9d226267c56ebd22c520c7b3640331cde87f3c4fb01
1791654551,NVIDIA GeForce RTX 4060,595.91.07,5844,8188,0,false,true,sha256:150b59966fb5b2cb1a8fa9d226267c56ebd22c520c7b3640331cde87f3c4fb01
1791654552,NVIDIA GeForce RTX 4060,595.91.07,5844,8188,0,false,true,sha256:150b59966fb5b2cb1a8fa9d226267c56ebd22c520c7b3640331cde87f3c4fb01
1791654553,NVIDIA GeForce RTX 4060,595.91.07,5844,8188,0,false,true,sha256:150b59966fb5b2cb1a8fa9d226267c56ebd22c520c7b3640331cde87f3c4fb01
1791654554,NVIDIA GeForce RTX 4060,595.91.07,5844,8188,0,false,true,sha256:150b59966fb5b2cb1a8fa9d226267c56ebd22c520c7b3640331cde87f3c4fb01
1791654555,NVIDIA GeForce RTX 4060,595.91.07,5844,8188,0,false,true,sha256:150b59966fb5b2cb1a8fa9d226267c56ebd22c520c7b3640331cde87f3c4fb01
1791654556,NVIDIA GeForce RTX 4060,595.91.07,5844,8188,0,false,true,sha256:150b59966fb5b2cb1a8fa9d226267c56ebd22c520c7b3640331cde87f3c4fb01
1791654558,NVIDIA GeForce RTX 4060,595.91.07,5844,8188,0,false,true,sha256:150b59966fb5b2cb1a8fa9d226267c56ebd22c520c7b3640331cde87f3c4fb01
1791654559,NVIDIA GeForce RTX 4060,595.91.07,5844,8188,0,false,true,sha256:150b59966fb5b2cb1a8fa9d226267c56ebd22c520c7b3640331cde87f3c4fb01
1791654560,NVIDIA GeForce RTX 4060,595.91.07,5844,8188,0,false,true,sha256:150b59966fb5b2cb1a8fa9d226267c56ebd22c520c7b3640331cde87f3c4fb01
1791654561,NVIDIA GeForce RTX 4060,595.91.07,5844,8188,0,false,true,sha256:150b59966fb5b2cb1a8fa9d226267c56ebd22c520c7b3640331cde87f3c4fb01
1791654562,NVIDIA GeForce RTX 4060,595.91.07,5844,8188,0,false,true,sha256:150b59966fb5b2cb1a8fa9d226267c56ebd22c520c7b3640331cde87f3c4fb01
1791654563,NVIDIA GeForce RTX 4060,595.91.07,5844,8188,0,false,true,sha256:150b59966fb5b2cb1a8fa9d226267c56ebd22c520c7b3640331cde87f3c4fb01
1791654564,NVIDIA GeForce RTX 4060,595.91.07,5844,8188,0,false,true,sha256:150b59966fb5b2cb1a8fa9d226267c56ebd22c520c7b3640331cde87f3c4fb01
1791654565,NVIDIA GeForce RTX 4060,595.91.07,5844,8188,0,false,true,sha256:150b59966fb5b2cb1a8fa9d226267c56ebd22c520c7b3640331cde87f3c4fb01
1791654566,NVIDIA GeForce RTX 4060,595.91.07,5844,8188,0,false,true,sha256:150b59966fb5b2cb1a8fa9d226267c56ebd22c520c7b3640331cde87f3c4fb01
1791654567,NVIDIA GeForce RTX 4060,595.91.07,5844,8188,0,false,true,sha256:150b59966fb5b2cb1a8fa9d226267c56ebd22c520c7b3640331cde87f3c4fb01
1791654568,NVIDIA GeForce RTX 4060,595.91.07,5844,8188,0,false,true,sha256:150b59966fb5b2cb1a8fa9d226267c56ebd22c520c7b3640331cde87f3c4fb01
1791654569,NVIDIA GeForce RTX 4060,595.91.07,5844,8188,0,false,true,sha256:150b59966fb5b2cb1a8fa9d226267c56ebd22c520c7b3640331cde87f3c4fb01
1791654570,NVIDIA GeForce RTX 4060,595.91.07,5844,8188,0,false,true,sha256:150b59966fb5b2cb1a8fa9d226267c56ebd22c520c7b3640331cde87f3c4fb01
1791654572,NVIDIA GeForce RTX 4060,595.91.07,5844,8188,0,false,true,sha256:150b59966fb5b2cb1a8fa9d226267c56ebd22c520c7b3640331cde87f3c4fb01
1791654573,NVIDIA GeForce RTX 4060,595.91.07,5844,8188,0,false,true,sha256:150b59966fb5b2cb1a8fa9d226267c56ebd22c520c7b3640331cde87f3c4fb01
1791654574,NVIDIA GeForce RTX 4060,595.91.07,5844,8188,0,false,true,sha256:150b59966fb5b2cb1a8fa9d226267c56ebd22c520c7b3640331cde87f3c4fb01
1791654575,NVIDIA GeForce RTX 4060,595.91.07,5844,8188,0,false,true,sha256:150b59966fb5b2cb1a8fa9d226267c56ebd22c520c7b3640331cde87f3c4fb01
1791654576,NVIDIA GeForce RTX 4060,595.91.07,5844,8188,0,false,true,sha256:150b59966fb5b2cb1a8fa9d226267c56ebd22c520c7b3640331cde87f3c4fb01
1791654577,NVIDIA GeForce RTX 4060,595.91.07,5844,8188,0,false,true,sha256:150b59966fb5b2cb1a8fa9d226267c56ebd22c520c7b3640331cde87f3c4fb01
1791654578,NVIDIA GeForce RTX 4060,595.91.07,5844,8188,0,false,true,sha256:150b59966fb5b2cb1a8fa9d226267c56ebd22c520c7b3640331cde87f3c4fb01
1791654579,NVIDIA GeForce RTX 4060,595.91.07,5844,8188,0,false,true,sha256:150b59966fb5b2cb1a8fa9d226267c56ebd22c520c7b3640331cde87f3c4fb01
1791654580,NVIDIA GeForce RTX 4060,595.91.07,5844,8188,0,false,true,sha256:150b59966fb5b2cb1a8fa9d226267c56ebd22c520c7b3640331cde87f3c4fb01
1791654581,NVIDIA GeForce RTX 4060,595.91.07,5844,8188,0,false,true,sha256:150b59966fb5b2cb1a8fa9d226267c56ebd22c520c7b3640331cde87f3c4fb01
1791654582,NVIDIA GeForce RTX 4060,595.91.07,5844,8188,0,false,true,sha256:150b59966fb5b2cb1a8fa9d226267c56ebd22c520c7b3640331cde87f3c4fb01
1791654583,NVIDIA GeForce RTX 4060,595.91.07,5844,8188,0,false,true,sha256:150b59966fb5b2cb1a8fa9d226267c56ebd22c520c7b3640331cde87f3c4fb01
1791654585,NVIDIA GeForce RTX 4060,595.91.07,5844,8188,0,false,true,sha256:150b59966fb5b2cb1a8fa9d226267c56ebd22c520c7b3640331cde87f3c4fb01
1791654586,NVIDIA GeForce RTX 4060,595.91.07,5844,8188,0,false,true,sha256:150b59966fb5b2cb1a8fa9d226267c56ebd22c520c7b3640331cde87f3c4fb01
1791654587,NVIDIA GeForce RTX 4060,595.91.07,5844,8188,0,false,true,sha256:150b59966fb5b2cb1a8fa9d226267c56ebd22c520c7b3640331cde87f3c4fb01
1791654588,NVIDIA GeForce RTX 4060,595.91.07,5844,8188,0,false,true,sha256:150b59966fb5b2cb1a8fa9d226267c56ebd22c520c7b3640331cde87f3c4fb01
1791654589,NVIDIA GeForce RTX 4060,595.91.07,5844,8188,0,false,true,sha256:150b59966fb5b2cb1a8fa9d226267c56ebd22c520c7b3640331cde87f3c4fb01
1791654590,NVIDIA GeForce RTX 4060,595.91.07,5844,8188,0,false,true,sha256:150b59966fb5b2cb1a8fa9d226267c56ebd22c520c7b3640331cde87f3c4fb01
1791654591,NVIDIA GeForce RTX 4060,595.91.07,5844,8188,0,false,true,sha256:150b59966fb5b2cb1a8fa9d226267c56ebd22c520c7b3640331cde87f3c4fb01
1791654592,NVIDIA GeForce RTX 4060,595.91.07,5844,8188,0,false,true,sha256:150b59966fb5b2cb1a8fa9d226267c56ebd22c520c7b3640331cde87f3c4fb01
1791654593,NVIDIA GeForce RTX 4060,595.91.07,5844,8188,0,false,true,sha256:150b59966fb5b2cb1a8fa9d226267c56ebd22c520c7b3640331cde87f3c4fb01
1791654594,NVIDIA GeForce RTX 4060,595.91.07,5844,8188,0,false,true,sha256:150b59966fb5b2cb1a8fa9d226267c56ebd22c520c7b3640331cde87f3c4fb01
1791654595,NVIDIA GeForce RTX 4060,595.91.07,5844,8188,0,false,true,sha256:150b59966fb5b2cb1a8fa9d226267c56ebd22c520c7b3640331cde87f3c4fb01
1791654596,NVIDIA GeForce RTX 4060,595.91.07,5844,8188,0,false,true,sha256:150b59966fb5b2cb1a8fa9d226267c56ebd22c520c7b3640331cde87f3c4fb01
1791654598,NVIDIA GeForce RTX 4060,595.91.07,5844,8188,0,false,true,sha256:150b59966fb5b2cb1a8fa9d226267c56ebd22c520c7b3640331cde87f3c4fb01
1791654599,NVIDIA GeForce RTX 4060,595.91.07,5844,8188,0,false,true,sha256:150b59966fb5b2cb1a8fa9d226267c56ebd22c520c7b3640331cde87f3c4fb01
1791654600,NVIDIA GeForce RTX 4060,595.91.07,5844,8188,0,false,true,sha256:150b59966fb5b2cb1a8fa9d226267c56ebd22c520c7b3640331cde87f3c4fb01
1791654601,NVIDIA GeForce RTX 4060,595.91.07,5844,8188,0,false,true,sha256:150b59966fb5b2cb1a8fa9d226267c56ebd22c520c7b3640331cde87f3c4fb01
1791654602,NVIDIA GeForce RTX 4060,595.91.07,5844,8188,0,false,true,sha256:150b59966fb5b2cb1a8fa9d226267c56ebd22c520c7b3640331cde87f3c4fb01
1791654603,NVIDIA GeForce RTX 4060,595.91.07,5844,8188,0,false,true,sha256:150b59966fb5b2cb1a8fa9d226267c56ebd22c520c7b3640331cde87f3c4fb01
1791654604,NVIDIA GeForce RTX 4060,595.91.07,5844,8188,0,false,true,sha256:150b59966fb5b2cb1a8fa9d226267c56ebd22c520c7b3640331cde87f3c4fb01
1791654605,NVIDIA GeForce RTX 4060,595.91.07,5844,8188,0,false,true,sha256:150b59966fb5b2cb1a8fa9d226267c56ebd22c520c7b3640331cde87f3c4fb01
1791654606,NVIDIA GeForce RTX 4060,595.91.07,5844,8188,0,false,true,sha256:150b59966fb5b2cb1a8fa9d226267c56ebd22c520c7b3640331cde87f3c4fb01
1791654607,NVIDIA GeForce RTX 4060,595.91.07,5844,8188,0,false,true,sha256:150b59966fb5b2cb1a8fa9d226267c56ebd22c520c7b3640331cde87f3c4fb01
1791654608,NVIDIA GeForce RTX 4060,595.91.07,5844,8188,0,false,true,sha256:150b59966fb5b2cb1a8fa9d226267c56ebd22c520c7b3640331cde87f3c4fb01
1791654609,NVIDIA GeForce RTX 4060,595.91.07,5844,8188,0,false,true,sha256:150b59966fb5b2cb1a8fa9d226267c56ebd22c520c7b3640331cde87f3c4fb01
1791654611,NVIDIA GeForce RTX 4060,595.91.07,5844,8188,0,false,true,sha256:150b59966fb5b2cb1a8fa9d226267c56ebd22c520c7b3640331cde87f3c4fb01
1791654612,NVIDIA GeForce RTX 4060,595.91.07,5844,8188,0,false,true,sha256:150b59966fb5b2cb1a8fa9d226267c56ebd22c520c7b3640331cde87f3c4fb01
1791654613,NVIDIA GeForce RTX 4060,595.91.07,5844,8188,0,false,true,sha256:150b59966fb5b2cb1a8fa9d226267c56ebd22c520c7b3640331cde87f3c4fb01
1791654614,NVIDIA GeForce RTX 4060,595.91.07,5844,8188,0,false,true,sha256:150b59966fb5b2cb1a8fa9d226267c56ebd22c520c7b3640331cde87f3c4fb01
1791654615,NVIDIA GeForce RTX 4060,595.91.07,5844,8188,0,false,true,sha256:150b59966fb5b2cb1a8fa9d226267c56ebd22c520c7b3640331cde87f3c4fb01
1791654616,NVIDIA GeForce RTX 4060,595.91.07,5844,8188,0,false,true,sha256:150b59966fb5b2cb1a8fa9d226267c56ebd22c520c7b3640331cde87f3c4fb01
1791654617,NVIDIA GeForce RTX 4060,595.91.07,5844,8188,0,false,true,sha256:150b59966fb5b2cb1a8fa9d226267c56ebd22c520c7b3640331cde87f3c4fb01
1791654618,NVIDIA GeForce RTX 4060,595.91.07,5844,8188,0,false,true,sha256:150b59966fb5b2cb1a8fa9d226267c56ebd22c520c7b3640331cde87f3c4fb01
1791654619,NVIDIA GeForce RTX 4060,595.91.07,5844,8188,0,false,true,sha256:150b59966fb5b2cb1a8fa9d226267c56ebd22c520c7b3640331cde87f3c4fb01
1791654620,NVIDIA GeForce RTX 4060,595.91.07,5844,8188,0,false,true,sha256:150b59966fb5b2cb1a8fa9d226267c56ebd22c520c7b3640331cde87f3c4fb01
1791654621,NVIDIA GeForce RTX 4060,595.91.07,5844,8188,0,false,true,sha256:150b59966fb5b2cb1a8fa9d226267c56ebd22c520c7b3640331cde87f3c4fb01
1791654622,NVIDIA GeForce RTX 4060,595.91.07,5844,8188,0,false,true,sha256:150b59966fb5b2cb1a8fa9d226267c56ebd22c520c7b3640331cde87f3c4fb01
1791654624,NVIDIA GeForce RTX 4060,595.91.07,5844,8188,0,false,true,sha256:150b59966fb5b2cb1a8fa9d226267c56ebd22c520c7b3640331cde87f3c4fb01
1791654625,NVIDIA GeForce RTX 4060,595.91.07,5844,8188,0,false,true,sha256:150b59966fb5b2cb1a8fa9d226267c56ebd22c520c7b3640331cde87f3c4fb01
1791654626,NVIDIA GeForce RTX 4060,595.91.07,5844,8188,0,false,true,sha256:150b59966fb5b2cb1a8fa9d226267c56ebd22c520c7b3640331cde87f3c4fb01
1791654627,NVIDIA GeForce RTX 4060,595.91.07,5844,8188,0,false,true,sha256:150b59966fb5b2cb1a8fa9d226267c56ebd22c520c7b3640331cde87f3c4fb01
1791654628,NVIDIA GeForce RTX 4060,595.91.07,5844,8188,0,false,true,sha256:150b59966fb5b2cb1a8fa9d226267c56ebd22c520c7b3640331cde87f3c4fb01
1791654629,NVIDIA GeForce RTX 4060,595.91.07,5844,8188,0,false,true,sha256:150b59966fb5b2cb1a8fa9d226267c56ebd22c520c7b3640331cde87f3c4fb01
1791654630,NVIDIA GeForce RTX 4060,595.91.07,5844,8188,0,false,true,sha256:150b59966fb5b2cb1a8fa9d226267c56ebd22c520c7b3640331cde87f3c4fb01
1791654631,NVIDIA GeForce RTX 4060,595.91.07,5844,8188,0,false,true,sha256:150b59966fb5b2cb1a8fa9d226267c56ebd22c520c7b3640331cde87f3c4fb01
1791654632,NVIDIA GeForce RTX 4060,595.91.07,5844,8188,0,false,true,sha256:150b59966fb5b2cb1a8fa9d226267c56ebd22c520c7b3640331cde87f3c4fb01
1791654633,NVIDIA GeForce RTX 4060,595.91.07,5844,8188,0,false,true,sha256:150b59966fb5b2cb1a8fa9d226267c56ebd22c520c7b3640331cde87f3c4fb01
1791654634,NVIDIA GeForce RTX 4060,595.91.07,5844,8188,0,false,true,sha256:150b59966fb5b2cb1a8fa9d226267c56ebd22c520c7b3640331cde87f3c4fb01
1791654635,NVIDIA GeForce RTX 4060,595.91.07,5844,8188,0,false,true,sha256:150b59966fb5b2cb1a8fa9d226267c56ebd22c520c7b3640331cde87f3c4fb01
1791654637,NVIDIA GeForce RTX 4060,595.91.07,5844,8188,0,false,true,sha256:150b59966fb5b2cb1a8fa9d226267c56ebd22c520c7b3640331cde87f3c4fb01
1791654638,NVIDIA GeForce RTX 4060,595.91.07,5844,8188,0,false,true,sha256:150b59966fb5b2cb1a8fa9d226267c56ebd22c520c7b3640331cde87f3c4fb01
1791654639,NVIDIA GeForce RTX 4060,595.91.07,5844,8188,0,false,true,sha256:150b59966fb5b2cb1a8fa9d226267c56ebd22c520c7b3640331cde87f3c4fb01
1791654640,NVIDIA GeForce RTX 4060,595.91.07,5844,8188,0,false,true,sha256:150b59966fb5b2cb1a8fa9d226267c56ebd22c520c7b3640331cde87f3c4fb01
1791654641,NVIDIA GeForce RTX 4060,595.91.07,5844,8188,0,false,true,sha256:150b59966fb5b2cb1a8fa9d226267c56ebd22c520c7b3640331cde87f3c4fb01
1791654642,NVIDIA GeForce RTX 4060,595.91.07,5844,8188,0,false,true,sha256:150b59966fb5b2cb1a8fa9d226267c56ebd22c520c7b3640331cde87f3c4fb01
1791654643,NVIDIA GeForce RTX 4060,595.91.07,5844,8188,0,false,true,sha256:150b59966fb5b2cb1a8fa9d226267c56ebd22c520c7b3640331cde87f3c4fb01
1791654644,NVIDIA GeForce RTX 4060,595.91.07,5844,8188,0,false,true,sha256:150b59966fb5b2cb1a8fa9d226267c56ebd22c520c7b3640331cde87f3c4fb01
1791654645,NVIDIA GeForce RTX 4060,595.91.07,5844,8188,0,false,true,sha256:150b59966fb5b2cb1a8fa9d226267c56ebd22c520c7b3640331cde87f3c4fb01
1791654646,NVIDIA GeForce RTX 4060,595.91.07,5844,8188,0,false,true,sha256:150b59966fb5b2cb1a8fa9d226267c56ebd22c520c7b3640331cde87f3c4fb01
1791654647,NVIDIA GeForce RTX 4060,595.91.07,5844,8188,0,false,true,sha256:150b59966fb5b2cb1a8fa9d226267c56ebd22c520c7b3640331cde87f3c4fb01
1791654648,NVIDIA GeForce RTX 4060,595.91.07,5844,8188,0,false,true,sha256:150b59966fb5b2cb1a8fa9d226267c56ebd22c520c7b3640331cde87f3c4fb01
1791654650,NVIDIA GeForce RTX 4060,595.91.07,5844,8188,0,false,true,sha256:150b59966fb5b2cb1a8fa9d226267c56ebd22c520c7b3640331cde87f3c4fb01
1791654651,NVIDIA GeForce RTX 4060,595.91.07,5844,8188,0,false,true,sha256:150b59966fb5b2cb1a8fa9d226267c56ebd22c520c7b3640331cde87f3c4fb01
1791654652,NVIDIA GeForce RTX 4060,595.91.07,5844,8188,0,false,true,sha256:150b59966fb5b2cb1a8fa9d226267c56ebd22c520c7b3640331cde87f3c4fb01
1791654653,NVIDIA GeForce RTX 4060,595.91.07,5844,8188,0,false,true,sha256:150b59966fb5b2cb1a8fa9d226267c56ebd22c520c7b3640331cde87f3c4fb01
1791654654,NVIDIA GeForce RTX 4060,595.91.07,5844,8188,0,false,true,sha256:150b59966fb5b2cb1a8fa9d226267c56ebd22c520c7b3640331cde87f3c4fb01
1791654655,NVIDIA GeForce RTX 4060,595.91.07,5844,8188,0,false,true,sha256:150b59966fb5b2cb1a8fa9d226267c56ebd22c520c7b3640331cde87f3c4fb01
1791654656,NVIDIA GeForce RTX 4060,595.91.07,5844,8188,0,false,true,sha256:150b59966fb5b2cb1a8fa9d226267c56ebd22c520c7b3640331cde87f3c4fb01
1791654657,NVIDIA GeForce RTX 4060,595.91.07,5844,8188,0,false,true,sha256:150b59966fb5b2cb1a8fa9d226267c56ebd22c520c7b3640331cde87f3c4fb01
1791654658,NVIDIA GeForce RTX 4060,595.91.07,5844,8188,0,false,true,sha256:150b59966fb5b2cb1a8fa9d226267c56ebd22c520c7b3640331cde87f3c4fb01
1791654659,NVIDIA GeForce RTX 4060,595.91.07,5844,8188,0,false,true,sha256:150b59966fb5b2cb1a8fa9d226267c56ebd22c520c7b3640331cde87f3c4fb01
1791654660,NVIDIA GeForce RTX 4060,595.91.07,5844,8188,0,false,true,sha256:150b59966fb5b2cb1a8fa9d226267c56ebd22c520c7b3640331cde87f3c4fb01
1791654661,NVIDIA GeForce RTX 4060,595.91.07,5844,8188,0,false,true,sha256:150b59966fb5b2cb1a8fa9d226267c56ebd22c520c7b3640331cde87f3c4fb01
1791654663,NVIDIA GeForce RTX 4060,595.91.07,5844,8188,0,false,true,sha256:150b59966fb5b2cb1a8fa9d226267c56ebd22c520c7b3640331cde87f3c4fb01
1791654664,NVIDIA GeForce RTX 4060,595.91.07,5844,8188,0,false,true,sha256:150b59966fb5b2cb1a8fa9d226267c56ebd22c520c7b3640331cde87f3c4fb01
1791654665,NVIDIA GeForce RTX 4060,595.91.07,5844,8188,0,false,true,sha256:150b59966fb5b2cb1a8fa9d226267c56ebd22c520c7b3640331cde87f3c4fb01
1791654666,NVIDIA GeForce RTX 4060,595.91.07,5844,8188,0,false,true,sha256:150b59966fb5b2cb1a8fa9d226267c56ebd22c520c7b3640331cde87f3c4fb01
1791654667,NVIDIA GeForce RTX 4060,595.91.07,5844,8188,0,false,true,sha256:150b59966fb5b2cb1a8fa9d226267c56ebd22c520c7b3640331cde87f3c4fb01
1791654668,NVIDIA GeForce RTX 4060,595.91.07,5844,8188,0,false,true,sha256:150b59966fb5b2cb1a8fa9d226267c56ebd22c520c7b3640331cde87f3c4fb01
1791654669,NVIDIA GeForce RTX 4060,595.91.07,5844,8188,0,false,true,sha256:150b59966fb5b2cb1a8fa9d226267c56ebd22c520c7b3640331cde87f3c4fb01
1791654670,NVIDIA GeForce RTX 4060,595.91.07,5844,8188,0,false,true,sha256:150b59966fb5b2cb1a8fa9d226267c56ebd22c520c7b3640331cde87f3c4fb01
1791654671,NVIDIA GeForce RTX 4060,595.91.07,5844,8188,0,false,true,sha256:150b59966fb5b2cb1a8fa9d226267c56ebd22c520c7b3640331cde87f3c4fb01
1791654672,NVIDIA GeForce RTX 4060,595.91.07,5844,8188,0,false,true,sha256:150b59966fb5b2cb1a8fa9d226267c56ebd22c520c7b3640331cde87f3c4fb01
1791654673,NVIDIA GeForce RTX 4060,595.91.07,5844,8188,0,false,true,sha256:150b59966fb5b2cb1a8fa9d226267c56ebd22c520c7b3640331cde87f3c4fb01
1791654674,NVIDIA GeForce RTX 4060,595.91.07,5844,8188,0,false,true,sha256:150b59966fb5b2cb1a8fa9d226267c56ebd22c520c7b3640331cde87f3c4fb01
1791654676,NVIDIA GeForce RTX 4060,595.91.07,5844,8188,0,false,true,sha256:150b59966fb5b2cb1a8fa9d226267c56ebd22c520c7b3640331cde87f3c4fb01
1791654677,NVIDIA GeForce RTX 4060,595.91.07,5844,8188,0,false,true,sha256:150b59966fb5b2cb1a8fa9d226267c56ebd22c520c7b3640331cde87f3c4fb01
1791654678,NVIDIA GeForce RTX 4060,595.91.07,5844,8188,0,false,true,sha256:150b59966fb5b2cb1a8fa9d226267c56ebd22c520c7b3640331cde87f3c4fb01
1791654679,NVIDIA GeForce RTX 4060,595.91.07,5844,8188,0,false,true,sha256:150b59966fb5b2cb1a8fa9d226267c56ebd22c520c7b3640331cde87f3c4fb01
1791654680,NVIDIA GeForce RTX 4060,595.91.07,5844,8188,0,false,true,sha256:150b59966fb5b2cb1a8fa9d226267c56ebd22c520c7b3640331cde87f3c4fb01
1791654681,NVIDIA GeForce RTX 4060,595.91.07,5844,8188,0,false,true,sha256:150b59966fb5b2cb1a8fa9d226267c56ebd22c520c7b3640331cde87f3c4fb01
1791654682,NVIDIA GeForce RTX 4060,595.91.07,5844,8188,0,false,true,sha256:150b59966fb5b2cb1a8fa9d226267c56ebd22c520c7b3640331cde87f3c4fb01
1791654683,NVIDIA GeForce RTX 4060,595.91.07,5844,8188,0,false,true,sha256:150b59966fb5b2cb1a8fa9d226267c56ebd22c520c7b3640331cde87f3c4fb01
1791654684,NVIDIA GeForce RTX 4060,595.91.07,5844,8188,0,false,true,sha256:150b59966fb5b2cb1a8fa9d226267c56ebd22c520c7b3640331cde87f3c4fb01
1791654685,NVIDIA GeForce RTX 4060,595.91.07,5844,8188,0,false,true,sha256:150b59966fb5b2cb1a8fa9d226267c56ebd22c520c7b3640331cde87f3c4fb01
1791654686,NVIDIA GeForce RTX 4060,595.91.07,5844,8188,0,false,true,sha256:150b59966fb5b2cb1a8fa9d226267c56ebd22c520c7b3640331cde87f3c4fb01
1791654688,NVIDIA GeForce RTX 4060,595.91.07,5844,8188,0,false,true,sha256:150b59966fb5b2cb1a8fa9d226267c56ebd22c520c7b3640331cde87f3c4fb01
1791654689,NVIDIA GeForce RTX 4060,595.91.07,5844,8188,0,false,true,sha256:150b59966fb5b2cb1a8fa9d226267c56ebd22c520c7b3640331cde87f3c4fb01
1791654690,NVIDIA GeForce RTX 4060,595.91.07,5844,8188,0,false,true,sha256:150b59966fb5b2cb1a8fa9d226267c56ebd22c520c7b3640331cde87f3c4fb01
1791654691,NVIDIA GeForce RTX 4060,595.91.07,5844,8188,0,false,true,sha256:150b59966fb5b2cb1a8fa9d226267c56ebd22c520c7b3640331cde87f3c4fb01
1791654692,NVIDIA GeForce RTX 4060,595.91.07,5844,8188,0,false,true,sha256:150b59966fb5b2cb1a8fa9d226267c56ebd22c520c7b3640331cde87f3c4fb01
1791654693,NVIDIA GeForce RTX 4060,595.91.07,5844,8188,0,false,true,sha256:150b59966fb5b2cb1a8fa9d226267c56ebd22c520c7b3640331cde87f3c4fb01
1791654694,NVIDIA GeForce RTX 4060,595.91.07,5844,8188,0,false,true,sha256:150b59966fb5b2cb1a8fa9d226267c56ebd22c520c7b3640331cde87f3c4fb01
1791654695,NVIDIA GeForce RTX 4060,595.91.07,5844,8188,0,false,true,sha256:150b59966fb5b2cb1a8fa9d226267c56ebd22c520c7b3640331cde87f3c4fb01
1791654696,NVIDIA GeForce RTX 4060,595.91.07,5844,8188,0,false,true,sha256:150b59966fb5b2cb1a8fa9d226267c56ebd22c520c7b3640331cde87f3c4fb01
1791654697,NVIDIA GeForce RTX 4060,595.91.07,5844,8188,0,false,true,sha256:150b59966fb5b2cb1a8fa9d226267c56ebd22c520c7b3640331cde87f3c4fb01
1791654698,NVIDIA GeForce RTX 4060,595.91.07,5844,8188,0,false,true,sha256:150b59966fb5b2cb1a8fa9d226267c56ebd22c520c7b3640331cde87f3c4fb01
1791654699,NVIDIA GeForce RTX 4060,595.91.07,5844,8188,0,false,true,sha256:150b59966fb5b2cb1a8fa9d226267c56ebd22c520c7b3640331cde87f3c4fb01
1791654701,NVIDIA GeForce RTX 4060,595.91.07,5844,8188,0,false,true,sha256:150b59966fb5b2cb1a8fa9d226267c56ebd22c520c7b3640331cde87f3c4fb01
1791654702,NVIDIA GeForce RTX 4060,595.91.07,5844,8188,0,false,true,sha256:150b59966fb5b2cb1a8fa9d226267c56ebd22c520c7b3640331cde87f3c4fb01
1791654703,NVIDIA GeForce RTX 4060,595.91.07,5844,8188,0,false,true,sha256:150b59966fb5b2cb1a8fa9d226267c56ebd22c520c7b3640331cde87f3c4fb01
1791654704,NVIDIA GeForce RTX 4060,595.91.07,5844,8188,0,false,true,sha256:150b59966fb5b2cb1a8fa9d226267c56ebd22c520c7b3640331cde87f3c4fb01
1791654705,NVIDIA GeForce RTX 4060,595.91.07,5844,8188,0,false,true,sha256:150b59966fb5b2cb1a8fa9d226267c56ebd22c520c7b3640331cde87f3c4fb01
1791654706,NVIDIA GeForce RTX 4060,595.91.07,5844,8188,0,false,true,sha256:150b59966fb5b2cb1a8fa9d226267c56ebd22c520c7b3640331cde87f3c4fb01
1791654707,NVIDIA GeForce RTX 4060,595.91.07,5844,8188,0,false,true,sha256:150b59966fb5b2cb1a8fa9d226267c56ebd22c520c7b3640331cde87f3c4fb01
1791654708,NVIDIA GeForce RTX 4060,595.91.07,5844,8188,0,false,true,sha256:150b59966fb5b2cb1a8fa9d226267c56ebd22c520c7b3640331cde87f3c4fb01
1791654709,NVIDIA GeForce RTX 4060,595.91.07,5844,8188,0,false,true,sha256:150b59966fb5b2cb1a8fa9d226267c56ebd22c520c7b3640331cde87f3c4fb01
1791654710,NVIDIA GeForce RTX 4060,595.91.07,5844,8188,0,false,true,sha256:150b59966fb5b2cb1a8fa9d226267c56ebd22c520c7b3640331cde87f3c4fb01
1791654711,NVIDIA GeForce RTX 4060,595.91.07,5844,8188,0,false,true,sha256:150b59966fb5b2cb1a8fa9d226267c56ebd22c520c7b3640331cde87f3c4fb01
1791654712,NVIDIA GeForce RTX 4060,595.91.07,5844,8188,0,false,true,sha256:150b59966fb5b2cb1a8fa9d226267c56ebd22c520c7b3640331cde87f3c4fb01
1791654713,NVIDIA GeForce RTX 4060,595.91.07,5844,8188,0,false,true,sha256:150b59966fb5b2cb1a8fa9d226267c56ebd22c520c7b3640331cde87f3c4fb01
1791654715,NVIDIA GeForce RTX 4060,595.91.07,5844,8188,0,false,true,sha256:150b59966fb5b2cb1a8fa9d226267c56ebd22c520c7b3640331cde87f3c4fb01
1791654716,NVIDIA GeForce RTX 4060,595.91.07,5844,8188,0,false,true,sha256:150b59966fb5b2cb1a8fa9d226267c56ebd22c520c7b3640331cde87f3c4fb01
1791654717,NVIDIA GeForce RTX 4060,595.91.07,5844,8188,0,false,true,sha256:150b59966fb5b2cb1a8fa9d226267c56ebd22c520c7b3640331cde87f3c4fb01
1791654718,NVIDIA GeForce RTX 4060,595.91.07,5844,8188,0,false,true,sha256:150b59966fb5b2cb1a8fa9d226267c56ebd22c520c7b3640331cde87f3c4fb01
1791654719,NVIDIA GeForce RTX 4060,595.91.07,5844,8188,0,false,true,sha256:150b59966fb5b2cb1a8fa9d226267c56ebd22c520c7b3640331cde87f3c4fb01
1791654720,NVIDIA GeForce RTX 4060,595.91.07,5844,8188,0,false,true,sha256:150b59966fb5b2cb1a8fa9d226267c56ebd22c520c7b3640331cde87f3c4fb01
1791654721,NVIDIA GeForce RTX 4060,595.91.07,5844,8188,0,false,true,sha256:150b59966fb5b2cb1a8fa9d226267c56ebd22c520c7b3640331cde87f3c4fb01
1791654722,NVIDIA GeForce RTX 4060,595.91.07,5844,8188,0,false,true,sha256:150b59966fb5b2cb1a8fa9d226267c56ebd22c520c7b3640331cde87f3c4fb01
1791654723,NVIDIA GeForce RTX 4060,595.91.07,5844,8188,0,false,true,sha256:150b59966fb5b2cb1a8fa9d226267c56ebd22c520c7b3640331cde87f3c4fb01
1791654724,NVIDIA GeForce RTX 4060,595.91.07,5844,8188,0,false,true,sha256:150b59966fb5b2cb1a8fa9d226267c56ebd22c520c7b3640331cde87f3c4fb01
1791654725,NVIDIA GeForce RTX 4060,595.91.07,5844,8188,0,false,true,sha256:150b59966fb5b2cb1a8fa9d226267c56ebd22c520c7b3640331cde87f3c4fb01
1791654727,NVIDIA GeForce RTX 4060,595.91.07,5844,8188,0,false,true,sha256:150b59966fb5b2cb1a8fa9d226267c56ebd22c520c7b3640331cde87f3c4fb01
1791654728,NVIDIA GeForce RTX 4060,595.91.07,5844,8188,0,false,true,sha256:150b59966fb5b2cb1a8fa9d226267c56ebd22c520c7b3640331cde87f3c4fb01
1791654729,NVIDIA GeForce RTX 4060,595.91.07,5844,8188,0,false,true,sha256:150b59966fb5b2cb1a8fa9d226267c56ebd22c520c7b3640331cde87f3c4fb01
1791654730,NVIDIA GeForce RTX 4060,595.91.07,5844,8188,0,false,true,sha256:150b59966fb5b2cb1a8fa9d226267c56ebd22c520c7b3640331cde87f3c4fb01
1791654731,NVIDIA GeForce RTX 4060,595.91.07,5844,8188,0,false,true,sha256:150b59966fb5b2cb1a8fa9d226267c56ebd22c520c7b3640331cde87f3c4fb01
1791654732,NVIDIA GeForce RTX 4060,595.91.07,5844,8188,0,false,true,sha256:150b59966fb5b2cb1a8fa9d226267c56ebd22c520c7b3640331cde87f3c4fb01
1791654733,NVIDIA GeForce RTX 4060,595.91.07,5844,8188,0,false,true,sha256:150b59966fb5b2cb1a8fa9d226267c56ebd22c520c7b3640331cde87f3c4fb01
1791654734,NVIDIA GeForce RTX 4060,595.91.07,5844,8188,0,false,true,sha256:150b59966fb5b2cb1a8fa9d226267c56ebd22c520c7b3640331cde87f3c4fb01
1791654735,NVIDIA GeForce RTX 4060,595.91.07,5844,8188,0,false,true,sha256:150b59966fb5b2cb1a8fa9d226267c56ebd22c520c7b3640331cde87f3c4fb01
1791654736,NVIDIA GeForce RTX 4060,595.91.07,5844,8188,0,false,true,sha256:150b59966fb5b2cb1a8fa9d226267c56ebd22c520c7b3640331cde87f3c4fb01
1791654737,NVIDIA GeForce RTX 4060,595.91.07,5844,8188,0,false,true,sha256:150b59966fb5b2cb1a8fa9d226267c56ebd22c520c7b3640331cde87f3c4fb01
1791654738,NVIDIA GeForce RTX 4060,595.91.07,5844,8188,0,false,true,sha256:150b59966fb5b2cb1a8fa9d226267c56ebd22c520c7b3640331cde87f3c4fb01
1791654740,NVIDIA GeForce RTX 4060,595.91.07,5844,8188,0,false,true,sha256:150b59966fb5b2cb1a8fa9d226267c56ebd22c520c7b3640331cde87f3c4fb01
1791654741,NVIDIA GeForce RTX 4060,595.91.07,5844,8188,0,false,true,sha256:150b59966fb5b2cb1a8fa9d226267c56ebd22c520c7b3640331cde87f3c4fb01
1791654742,NVIDIA GeForce RTX 4060,595.91.07,5844,8188,0,false,true,sha256:150b59966fb5b2cb1a8fa9d226267c56ebd22c520c7b3640331cde87f3c4fb01
1791654743,NVIDIA GeForce RTX 4060,595.91.07,5844,8188,0,false,true,sha256:150b59966fb5b2cb1a8fa9d226267c56ebd22c520c7b3640331cde87f3c4fb01
1791654744,NVIDIA GeForce RTX 4060,595.91.07,5844,8188,0,false,true,sha256:150b59966fb5b2cb1a8fa9d226267c56ebd22c520c7b3640331cde87f3c4fb01
1791654745,NVIDIA GeForce RTX 4060,595.91.07,5844,8188,0,false,true,sha256:150b59966fb5b2cb1a8fa9d226267c56ebd22c520c7b3640331cde87f3c4fb01
1791654746,NVIDIA GeForce RTX 4060,595.91.07,5844,8188,0,false,true,sha256:150b59966fb5b2cb1a8fa9d226267c56ebd22c520c7b3640331cde87f3c4fb01
1791654747,NVIDIA GeForce RTX 4060,595.91.07,5844,8188,0,false,true,sha256:150b59966fb5b2cb1a8fa9d226267c56ebd22c520c7b3640331cde87f3c4fb01
1791654748,NVIDIA GeForce RTX 4060,595.91.07,5844,8188,0,false,true,sha256:150b59966fb5b2cb1a8fa9d226267c56ebd22c520c7b3640331cde87f3c4fb01
1791654749,NVIDIA GeForce RTX 4060,595.91.07,5844,8188,0,false,true,sha256:150b59966fb5b2cb1a8fa9d226267c56ebd22c520c7b3640331cde87f3c4fb01
1791654750,NVIDIA GeForce RTX 4060,595.91.07,5844,8188,0,false,true,sha256:150b59966fb5b2cb1a8fa9d226267c56ebd22c520c7b3640331cde87f3c4fb01
1791654751,NVIDIA GeForce RTX 4060,595.91.07,5844,8188,0,false,true,sha256:150b59966fb5b2cb1a8fa9d226267c56ebd22c520c7b3640331cde87f3c4fb01
1791654753,NVIDIA GeForce RTX 4060,595.91.07,5844,8188,0,false,true,sha256:150b59966fb5b2cb1a8fa9d226267c56ebd22c520c7b3640331cde87f3c4fb01
1791654754,NVIDIA GeForce RTX 4060,595.91.07,5844,8188,0,false,true,sha256:150b59966fb5b2cb1a8fa9d226267c56ebd22c520c7b3640331cde87f3c4fb01
1791654755,NVIDIA GeForce RTX 4060,595.91.07,5844,8188,0,false,true,sha256:150b59966fb5b2cb1a8fa9d226267c56ebd22c520c7b3640331cde87f3c4fb01
1791654756,NVIDIA GeForce RTX 4060,595.91.07,5844,8188,0,false,true,sha256:150b59966fb5b2cb1a8fa9d226267c56ebd22c520c7b3640331cde87f3c4fb01
1791654757,NVIDIA GeForce RTX 4060,595.91.07,5844,8188,0,false,true,sha256:150b59966fb5b2cb1a8fa9d226267c56ebd22c520c7b3640331cde87f3c4fb01
1791654758,NVIDIA GeForce RTX 4060,595.91.07,5844,8188,0,false,true,sha256:150b59966fb5b2cb1a8fa9d226267c56ebd22c520c7b3640331cde87f3c4fb01
1791654759,NVIDIA GeForce RTX 4060,595.91.07,5844,8188,0,false,true,sha256:150b59966fb5b2cb1a8fa9d226267c56ebd22c520c7b3640331cde87f3c4fb01
1791654760,NVIDIA GeForce RTX 4060,595.91.07,5844,8188,0,false,true,sha256:150b59966fb5b2cb1a8fa9d226267c56ebd22c520c7b3640331cde87f3c4fb01
1791654761,NVIDIA GeForce RTX 4060,595.91.07,5844,8188,0,false,true,sha256:150b59966fb5b2cb1a8fa9d226267c56ebd22c520c7b3640331cde87f3c4fb01
1791654762,NVIDIA GeForce RTX 4060,595.91.07,5844,8188,0,false,true,sha256:150b59966fb5b2cb1a8fa9d226267c56ebd22c520c7b3640331cde87f3c4fb01
1791654763,NVIDIA GeForce RTX 4060,595.91.07,5844,8188,0,false,true,sha256:150b59966fb5b2cb1a8fa9d226267c56ebd22c520c7b3640331cde87f3c4fb01
1791654764,NVIDIA GeForce RTX 4060,595.91.07,5844,8188,0,false,true,sha256:150b59966fb5b2cb1a8fa9d226267c56ebd22c520c7b3640331cde87f3c4fb01
1791654766,NVIDIA GeForce RTX 4060,595.91.07,5844,8188,0,false,true,sha256:150b59966fb5b2cb1a8fa9d226267c56ebd22c520c7b3640331cde87f3c4fb01
1791654767,NVIDIA GeForce RTX 4060,595.91.07,5844,8188,0,false,true,sha256:150b59966fb5b2cb1a8fa9d226267c56ebd22c520c7b3640331cde87f3c4fb01
1791654768,NVIDIA GeForce RTX 4060,595.91.07,5844,8188,0,false,true,sha256:150b59966fb5b2cb1a8fa9d226267c56ebd22c520c7b3640331cde87f3c4fb01
1791654769,NVIDIA GeForce RTX 4060,595.91.07,5844,8188,0,false,true,sha256:150b59966fb5b2cb1a8fa9d226267c56ebd22c520c7b3640331cde87f3c4fb01
1791654770,NVIDIA GeForce RTX 4060,595.91.07,5844,8188,0,false,true,sha256:150b59966fb5b2cb1a8fa9d226267c56ebd22c520c7b3640331cde87f3c4fb01
1791654771,NVIDIA GeForce RTX 4060,595.91.07,5844,8188,0,false,true,sha256:150b59966fb5b2cb1a8fa9d226267c56ebd22c520c7b3640331cde87f3c4fb01
1791654772,NVIDIA GeForce RTX 4060,595.91.07,5844,8188,0,false,true,sha256:150b59966fb5b2cb1a8fa9d226267c56ebd22c520c7b3640331cde87f3c4fb01
1791654773,NVIDIA GeForce RTX 4060,595.91.07,5844,8188,0,false,true,sha256:150b59966fb5b2cb1a8fa9d226267c56ebd22c520c7b3640331cde87f3c4fb01
1791654774,NVIDIA GeForce RTX 4060,595.91.07,5844,8188,0,false,true,sha256:150b59966fb5b2cb1a8fa9d226267c56ebd22c520c7b3640331cde87f3c4fb01
1791654775,NVIDIA GeForce RTX 4060,595.91.07,5844,8188,0,false,true,sha256:150b59966fb5b2cb1a8fa9d226267c56ebd22c520c7b3640331cde87f3c4fb01
1791654776,NVIDIA GeForce RTX 4060,595.91.07,5844,8188,0,false,true,sha256:150b59966fb5b2cb1a8fa9d226267c56ebd22c520c7b3640331cde87f3c4fb01
1791654777,NVIDIA GeForce RTX 4060,595.91.07,5844,8188,0,false,true,sha256:150b59966fb5b2cb1a8fa9d226267c56ebd22c520c7b3640331cde87f3c4fb01
1791654779,NVIDIA GeForce RTX 4060,595.91.07,5844,8188,0,false,true,sha256:150b59966fb5b2cb1a8fa9d226267c56ebd22c520c7b3640331cde87f3c4fb01
1791654780,NVIDIA GeForce RTX 4060,595.91.07,5844,8188,0,false,true,sha256:150b59966fb5b2cb1a8fa9d226267c56ebd22c520c7b3640331cde87f3c4fb01
1791654781,NVIDIA GeForce RTX 4060,595.91.07,5844,8188,0,false,true,sha256:150b59966fb5b2cb1a8fa9d226267c56ebd22c520c7b3640331cde87f3c4fb01
1791654782,NVIDIA GeForce RTX 4060,595.91.07,5844,8188,0,false,true,sha256:150b59966fb5b2cb1a8fa9d226267c56ebd22c520c7b3640331cde87f3c4fb01
1791654783,NVIDIA GeForce RTX 4060,595.91.07,5844,8188,0,false,true,sha256:150b59966fb5b2cb1a8fa9d226267c56ebd22c520c7b3640331cde87f3c4fb01
1791654784,NVIDIA GeForce RTX 4060,595.91.07,5844,8188,0,false,true,sha256:150b59966fb5b2cb1a8fa9d226267c56ebd22c520c7b3640331cde87f3c4fb01
1791654785,NVIDIA GeForce RTX 4060,595.91.07,5844,8188,0,false,true,sha256:150b59966fb5b2cb1a8fa9d226267c56ebd22c520c7b3640331cde87f3c4fb01
1791654786,NVIDIA GeForce RTX 4060,595.91.07,5844,8188,0,false,true,sha256:150b59966fb5b2cb1a8fa9d226267c56ebd22c520c7b3640331cde87f3c4fb01
1791654787,NVIDIA GeForce RTX 4060,595.91.07,5844,8188,0,false,true,sha256:150b59966fb5b2cb1a8fa9d226267c56ebd22c520c7b3640331cde87f3c4fb01
1791654788,NVIDIA GeForce RTX 4060,595.91.07,5844,8188,0,false,true,sha256:150b59966fb5b2cb1a8fa9d226267c56ebd22c520c7b3640331cde87f3c4fb01
1791654789,NVIDIA GeForce RTX 4060,595.91.07,5844,8188,0,false,true,sha256:150b59966fb5b2cb1a8fa9d226267c56ebd22c520c7b3640331cde87f3c4fb01
1791654790,NVIDIA GeForce RTX 4060,595.91.07,5844,8188,0,false,true,sha256:150b59966fb5b2cb1a8fa9d226267c56ebd22c520c7b3640331cde87f3c4fb01
1791654792,NVIDIA GeForce RTX 4060,595.91.07,5844,8188,0,false,true,sha256:150b59966fb5b2cb1a8fa9d226267c56ebd22c520c7b3640331cde87f3c4fb01
1791654793,NVIDIA GeForce RTX 4060,595.91.07,5844,8188,0,false,true,sha256:150b59966fb5b2cb1a8fa9d226267c56ebd22c520c7b3640331cde87f3c4fb01
1791654794,NVIDIA GeForce RTX 4060,595.91.07,5844,8188,0,false,true,sha256:150b59966fb5b2cb1a8fa9d226267c56ebd22c520c7b3640331cde87f3c4fb01
1791654795,NVIDIA GeForce RTX 4060,595.91.07,5844,8188,0,false,true,sha256:150b59966fb5b2cb1a8fa9d226267c56ebd22c520c7b3640331cde87f3c4fb01
1791654796,NVIDIA GeForce RTX 4060,595.91.07,5844,8188,0,false,true,sha256:150b59966fb5b2cb1a8fa9d226267c56ebd22c520c7b3640331cde87f3c4fb01
1791654797,NVIDIA GeForce RTX 4060,595.91.07,5844,8188,0,false,true,sha256:150b59966fb5b2cb1a8fa9d226267c56ebd22c520c7b3640331cde87f3c4fb01
1791654798,NVIDIA GeForce RTX 4060,595.91.07,5844,8188,0,false,true,sha256:150b59966fb5b2cb1a8fa9d226267c56ebd22c520c7b3640331cde87f3c4fb01
1791654799,NVIDIA GeForce RTX 4060,595.91.07,5844,8188,0,false,true,sha256:150b59966fb5b2cb1a8fa9d226267c56ebd22c520c7b3640331cde87f3c4fb01
1791654800,NVIDIA GeForce RTX 4060,595.91.07,5844,8188,0,false,true,sha256:150b59966fb5b2cb1a8fa9d226267c56ebd22c520c7b3640331cde87f3c4fb01
1791654801,NVIDIA GeForce RTX 4060,595.91.07,5844,8188,0,false,true,sha256:150b59966fb5b2cb1a8fa9d226267c56ebd22c520c7b3640331cde87f3c4fb01
1791654802,NVIDIA GeForce RTX 4060,595.91.07,5844,8188,0,false,true,sha256:150b59966fb5b2cb1a8fa9d226267c56ebd22c520c7b3640331cde87f3c4fb01
1791654803,NVIDIA GeForce RTX 4060,595.91.07,5844,8188,0,false,true,sha256:150b59966fb5b2cb1a8fa9d226267c56ebd22c520c7b3640331cde87f3c4fb01
1791654805,NVIDIA GeForce RTX 4060,595.91.07,5844,8188,0,false,true,sha256:150b59966fb5b2cb1a8fa9d226267c56ebd22c520c7b3640331cde87f3c4fb01
1791654806,NVIDIA GeForce RTX 4060,595.91.07,5844,8188,0,false,true,sha256:150b59966fb5b2cb1a8fa9d226267c56ebd22c520c7b3640331cde87f3c4fb01
1791654807,NVIDIA GeForce RTX 4060,595.91.07,5844,8188,0,false,true,sha256:150b59966fb5b2cb1a8fa9d226267c56ebd22c520c7b3640331cde87f3c4fb01
1791654808,NVIDIA GeForce RTX 4060,595.91.07,5844,8188,0,false,true,sha256:150b59966fb5b2cb1a8fa9d226267c56ebd22c520c7b3640331cde87f3c4fb01
1791654809,NVIDIA GeForce RTX 4060,595.91.07,5844,8188,0,false,true,sha256:150b59966fb5b2cb1a8fa9d226267c56ebd22c520c7b3640331cde87f3c4fb01
1791654810,NVIDIA GeForce RTX 4060,595.91.07,5844,8188,0,false,true,sha256:150b59966fb5b2cb1a8fa9d226267c56ebd22c520c7b3640331cde87f3c4fb01
1791654811,NVIDIA GeForce RTX 4060,595.91.07,5844,8188,0,false,true,sha256:150b59966fb5b2cb1a8fa9d226267c56ebd22c520c7b3640331cde87f3c4fb01
1791654812,NVIDIA GeForce RTX 4060,595.91.07,5844,8188,0,false,true,sha256:150b59966fb5b2cb1a8fa9d226267c56ebd22c520c7b3640331cde87f3c4fb01
1791654813,NVIDIA GeForce RTX 4060,595.91.07,5844,8188,0,false,true,sha256:150b59966fb5b2cb1a8fa9d226267c56ebd22c520c7b3640331cde87f3c4fb01
1791654814,NVIDIA GeForce RTX 4060,595.91.07,5844,8188,0,false,true,sha256:150b59966fb5b2cb1a8fa9d226267c56ebd22c520c7b3640331cde87f3c4fb01
1791654815,NVIDIA GeForce RTX 4060,595.91.07,5844,8188,0,false,true,sha256:150b59966fb5b2cb1a8fa9d226267c56ebd22c520c7b3640331cde87f3c4fb01
1791654816,NVIDIA GeForce RTX 4060,595.91.07,5844,8188,0,false,true,sha256:150b59966fb5b2cb1a8fa9d226267c56ebd22c520c7b3640331cde87f3c4fb01
1791654818,NVIDIA GeForce RTX 4060,595.91.07,5844,8188,0,false,true,sha256:150b59966fb5b2cb1a8fa9d226267c56ebd22c520c7b3640331cde87f3c4fb01
1791654819,NVIDIA GeForce RTX 4060,595.91.07,5844,8188,0,false,true,sha256:150b59966fb5b2cb1a8fa9d226267c56ebd22c520c7b3640331cde87f3c4fb01
1791654820,NVIDIA GeForce RTX 4060,595.91.07,5844,8188,0,false,true,sha256:150b59966fb5b2cb1a8fa9d226267c56ebd22c520c7b3640331cde87f3c4fb01
1791654821,NVIDIA GeForce RTX 4060,595.91.07,5844,8188,0,false,true,sha256:150b59966fb5b2cb1a8fa9d226267c56ebd22c520c7b3640331cde87f3c4fb01
1791654822,NVIDIA GeForce RTX 4060,595.91.07,5844,8188,0,false,true,sha256:150b59966fb5b2cb1a8fa9d226267c56ebd22c520c7b3640331cde87f3c4fb01
1791654823,NVIDIA GeForce RTX 4060,595.91.07,5844,8188,0,false,true,sha256:150b59966fb5b2cb1a8fa9d226267c56ebd22c520c7b3640331cde87f3c4fb01
1791654824,NVIDIA GeForce RTX 4060,595.91.07,5844,8188,0,false,true,sha256:150b59966fb5b2cb1a8fa9d226267c56ebd22c520c7b3640331cde87f3c4fb01
1791654825,NVIDIA GeForce RTX 4060,595.91.07,5844,8188,0,false,true,sha256:150b59966fb5b2cb1a8fa9d226267c56ebd22c520c7b3640331cde87f3c4fb01
1791654826,NVIDIA GeForce RTX 4060,595.91.07,5844,8188,0,false,true,sha256:150b59966fb5b2cb1a8fa9d226267c56ebd22c520c7b3640331cde87f3c4fb01
1791654827,NVIDIA GeForce RTX 4060,595.91.07,5844,8188,0,false,true,sha256:150b59966fb5b2cb1a8fa9d226267c56ebd22c520c7b3640331cde87f3c4fb01
1791654828,NVIDIA GeForce RTX 4060,595.91.07,5844,8188,0,false,true,sha256:150b59966fb5b2cb1a8fa9d226267c56ebd22c520c7b3640331cde87f3c4fb01
1791654829,NVIDIA GeForce RTX 4060,595.91.07,5844,8188,0,false,true,sha256:150b59966fb5b2cb1a8fa9d226267c56ebd22c520c7b3640331cde87f3c4fb01
1791654831,NVIDIA GeForce RTX 4060,595.91.07,5844,8188,0,false,true,sha256:150b59966fb5b2cb1a8fa9d226267c56ebd22c520c7b3640331cde87f3c4fb01
1791654832,NVIDIA GeForce RTX 4060,595.91.07,5844,8188,0,false,true,sha256:150b59966fb5b2cb1a8fa9d226267c56ebd22c520c7b3640331cde87f3c4fb01
1791654833,NVIDIA GeForce RTX 4060,595.91.07,5844,8188,0,false,true,sha256:150b59966fb5b2cb1a8fa9d226267c56ebd22c520c7b3640331cde87f3c4fb01
1791654834,NVIDIA GeForce RTX 4060,595.91.07,5844,8188,0,false,true,sha256:150b59966fb5b2cb1a8fa9d226267c56ebd22c520c7b3640331cde87f3c4fb01
1791654835,NVIDIA GeForce RTX 4060,595.91.07,5844,8188,0,false,true,sha256:150b59966fb5b2cb1a8fa9d226267c56ebd22c520c7b3640331cde87f3c4fb01
1791654836,NVIDIA GeForce RTX 4060,595.91.07,5844,8188,0,false,true,sha256:150b59966fb5b2cb1a8fa9d226267c56ebd22c520c7b3640331cde87f3c4fb01
1791654837,NVIDIA GeForce RTX 4060,595.91.07,5844,8188,0,false,true,sha256:150b59966fb5b2cb1a8fa9d226267c56ebd22c520c7b3640331cde87f3c4fb01
1791654838,NVIDIA GeForce RTX 4060,595.91.07,5844,8188,0,false,true,sha256:150b59966fb5b2cb1a8fa9d226267c56ebd22c520c7b3640331cde87f3c4fb01
1791654839,NVIDIA GeForce RTX 4060,595.91.07,5844,8188,0,false,true,sha256:150b59966fb5b2cb1a8fa9d226267c56ebd22c520c7b3640331cde87f3c4fb01
1791654840,NVIDIA GeForce RTX 4060,595.91.07,5844,8188,0,false,true,sha256:150b59966fb5b2cb1a8fa9d226267c56ebd22c520c7b3640331cde87f3c4fb01
1791654841,NVIDIA GeForce RTX 4060,595.91.07,5844,8188,0,false,true,sha256:150b59966fb5b2cb1a8fa9d226267c56ebd22c520c7b3640331cde87f3c4fb01
1791654842,NVIDIA GeForce RTX 4060,595.91.07,5844,8188,0,false,true,sha256:150b59966fb5b2cb1a8fa9d226267c56ebd22c520c7b3640331cde87f3c4fb01
1791654844,NVIDIA GeForce RTX 4060,595.91.07,5844,8188,0,false,true,sha256:150b59966fb5b2cb1a8fa9d226267c56ebd22c520c7b3640331cde87f3c4fb01
1791654845,NVIDIA GeForce RTX 4060,595.91.07,5844,8188,0,false,true,sha256:150b59966fb5b2cb1a8fa9d226267c56ebd22c520c7b3640331cde87f3c4fb01
1791654846,NVIDIA GeForce RTX 4060,595.91.07,5844,8188,0,false,true,sha256:150b59966fb5b2cb1a8fa9d226267c56ebd22c520c7b3640331cde87f3c4fb01
1791654847,NVIDIA GeForce RTX 4060,595.91.07,5844,8188,0,false,true,sha256:150b59966fb5b2cb1a8fa9d226267c56ebd22c520c7b3640331cde87f3c4fb01
1791654848,NVIDIA GeForce RTX 4060,595.91.07,5844,8188,0,false,true,sha256:150b59966fb5b2cb1a8fa9d226267c56ebd22c520c7b3640331cde87f3c4fb01
1791654849,NVIDIA GeForce RTX 4060,595.91.07,5844,8188,0,false,true,sha256:150b59966fb5b2cb1a8fa9d226267c56ebd22c520c7b3640331cde87f3c4fb01
1791654850,NVIDIA GeForce RTX 4060,595.91.07,5844,8188,0,false,true,sha256:150b59966fb5b2cb1a8fa9d226267c56ebd22c520c7b3640331cde87f3c4fb01
1791654851,NVIDIA GeForce RTX 4060,595.91.07,5844,8188,0,false,true,sha256:150b59966fb5b2cb1a8fa9d226267c56ebd22c520c7b3640331cde87f3c4fb01
1791654852,NVIDIA GeForce RTX 4060,595.91.07,5844,8188,0,false,true,sha256:150b59966fb5b2cb1a8fa9d226267c56ebd22c520c7b3640331cde87f3c4fb01
1791654853,NVIDIA GeForce RTX 4060,595.91.07,5844,8188,0,false,true,sha256:150b59966fb5b2cb1a8fa9d226267c56ebd22c520c7b3640331cde87f3c4fb01
1791654854,NVIDIA GeForce RTX 4060,595.91.07,5844,8188,0,false,true,sha256:150b59966fb5b2cb1a8fa9d226267c56ebd22c520c7b3640331cde87f3c4fb01
1791654855,NVIDIA GeForce RTX 4060,595.91.07,5844,8188,0,false,true,sha256:150b59966fb5b2cb1a8fa9d226267c56ebd22c520c7b3640331cde87f3c4fb01
1791654857,NVIDIA GeForce RTX 4060,595.91.07,5844,8188,0,false,true,sha256:150b59966fb5b2cb1a8fa9d226267c56ebd22c520c7b3640331cde87f3c4fb01
1791654858,NVIDIA GeForce RTX 4060,595.91.07,5844,8188,0,false,true,sha256:150b59966fb5b2cb1a8fa9d226267c56ebd22c520c7b3640331cde87f3c4fb01
1791654859,NVIDIA GeForce RTX 4060,595.91.07,5844,8188,0,false,true,sha256:150b59966fb5b2cb1a8fa9d226267c56ebd22c520c7b3640331cde87f3c4fb01
1791654860,NVIDIA GeForce RTX 4060,595.91.07,5844,8188,0,false,true,sha256:150b59966fb5b2cb1a8fa9d226267c56ebd22c520c7b3640331cde87f3c4fb01
1791654861,NVIDIA GeForce RTX 4060,595.91.07,5844,8188,0,false,true,sha256:150b59966fb5b2cb1a8fa9d226267c56ebd22c520c7b3640331cde87f3c4fb01
1791654862,NVIDIA GeForce RTX 4060,595.91.07,5844,8188,0,false,true,sha256:150b59966fb5b2cb1a8fa9d226267c56ebd22c520c7b3640331cde87f3c4fb01
1791654863,NVIDIA GeForce RTX 4060,595.91.07,5844,8188,0,false,true,sha256:150b59966fb5b2cb1a8fa9d226267c56ebd22c520c7b3640331cde87f3c4fb01
1791654864,NVIDIA GeForce RTX 4060,595.91.07,5844,8188,0,false,true,sha256:150b59966fb5b2cb1a8fa9d226267c56ebd22c520c7b3640331cde87f3c4fb01
1791654865,NVIDIA GeForce RTX 4060,595.91.07,5844,8188,0,false,true,sha256:150b59966fb5b2cb1a8fa9d226267c56ebd22c520c7b3640331cde87f3c4fb01
1791654866,NVIDIA GeForce RTX 4060,595.91.07,5844,8188,0,false,true,sha256:150b59966fb5b2cb1a8fa9d226267c56ebd22c520c7b3640331cde87f3c4fb01
1791654867,NVIDIA GeForce RTX 4060,595.91.07,5844,8188,0,false,true,sha256:150b59966fb5b2cb1a8fa9d226267c56ebd22c520c7b3640331cde87f3c4fb01
1791654868,NVIDIA GeForce RTX 4060,595.91.07,5844,8188,0,false,true,sha256:150b59966fb5b2cb1a8fa9d226267c56ebd22c520c7b3640331cde87f3c4fb01
1791654870,NVIDIA GeForce RTX 4060,595.91.07,5844,8188,0,false,true,sha256:150b59966fb5b2cb1a8fa9d226267c56ebd22c520c7b3640331cde87f3c4fb01
1791654871,NVIDIA GeForce RTX 4060,595.91.07,5844,8188,0,false,true,sha256:150b59966fb5b2cb1a8fa9d226267c56ebd22c520c7b3640331cde87f3c4fb01
1791654872,NVIDIA GeForce RTX 4060,595.91.07,5844,8188,0,false,true,sha256:150b59966fb5b2cb1a8fa9d226267c56ebd22c520c7b3640331cde87f3c4fb01
1791654873,NVIDIA GeForce RTX 4060,595.91.07,5844,8188,0,false,true,sha256:150b59966fb5b2cb1a8fa9d226267c56ebd22c520c7b3640331cde87f3c4fb01
1791654874,NVIDIA GeForce RTX 4060,595.91.07,5844,8188,0,false,true,sha256:150b59966fb5b2cb1a8fa9d226267c56ebd22c520c7b3640331cde87f3c4fb01
1791654875,NVIDIA GeForce RTX 4060,595.91.07,5844,8188,0,false,true,sha256:150b59966fb5b2cb1a8fa9d226267c56ebd22c520c7b3640331cde87f3c4fb01
1791654876,NVIDIA GeForce RTX 4060,595.91.07,5844,8188,0,false,true,sha256:150b59966fb5b2cb1a8fa9d226267c56ebd22c520c7b3640331cde87f3c4fb01
1791654877,NVIDIA GeForce RTX 4060,595.91.07,5844,8188,0,false,true,sha256:150b59966fb5b2cb1a8fa9d226267c56ebd22c520c7b3640331cde87f3c4fb01
1791654878,NVIDIA GeForce RTX 4060,595.91.07,5844,8188,0,false,true,sha256:150b59966fb5b2cb1a8fa9d226267c56ebd22c520c7b3640331cde87f3c4fb01
1791654879,NVIDIA GeForce RTX 4060,595.91.07,5844,8188,0,false,true,sha256:150b59966fb5b2cb1a8fa9d226267c56ebd22c520c7b3640331cde87f3c4fb01
1791654880,NVIDIA GeForce RTX 4060,595.91.07,5844,8188,0,false,true,sha256:150b59966fb5b2cb1a8fa9d226267c56ebd22c520c7b3640331cde87f3c4fb01
1791654881,NVIDIA GeForce RTX 4060,595.91.07,5844,8188,0,false,true,sha256:150b59966fb5b2cb1a8fa9d226267c56ebd22c520c7b3640331cde87f3c4fb01
1791654883,NVIDIA GeForce RTX 4060,595.91.07,5844,8188,0,false,true,sha256:150b59966fb5b2cb1a8fa9d226267c56ebd22c520c7b3640331cde87f3c4fb01
1791654884,NVIDIA GeForce RTX 4060,595.91.07,5844,8188,0,false,true,sha256:150b59966fb5b2cb1a8fa9d226267c56ebd22c520c7b3640331cde87f3c4fb01
1791654885,NVIDIA GeForce RTX 4060,595.91.07,5844,8188,0,false,true,sha256:150b59966fb5b2cb1a8fa9d226267c56ebd22c520c7b3640331cde87f3c4fb01
1791654886,NVIDIA GeForce RTX 4060,595.91.07,5844,8188,0,false,true,sha256:150b59966fb5b2cb1a8fa9d226267c56ebd22c520c7b3640331cde87f3c4fb01
1791654887,NVIDIA GeForce RTX 4060,595.91.07,5844,8188,0,false,true,sha256:150b59966fb5b2cb1a8fa9d226267c56ebd22c520c7b3640331cde87f3c4fb01
1791654888,NVIDIA GeForce RTX 4060,595.91.07,5844,8188,0,false,true,sha256:150b59966fb5b2cb1a8fa9d226267c56ebd22c520c7b3640331cde87f3c4fb01
1791654889,NVIDIA GeForce RTX 4060,595.91.07,5844,8188,0,false,true,sha256:150b59966fb5b2cb1a8fa9d226267c56ebd22c520c7b3640331cde87f3c4fb01
1791654890,NVIDIA GeForce RTX 4060,595.91.07,5844,8188,0,false,true,sha256:150b59966fb5b2cb1a8fa9d226267c56ebd22c520c7b3640331cde87f3c4fb01
1791654891,NVIDIA GeForce RTX 4060,595.91.07,5844,8188,0,false,true,sha256:150b59966fb5b2cb1a8fa9d226267c56ebd22c520c7b3640331cde87f3c4fb01
1791654892,NVIDIA GeForce RTX 4060,595.91.07,5844,8188,0,false,true,sha256:150b59966fb5b2cb1a8fa9d226267c56ebd22c520c7b3640331cde87f3c4fb01
1791654893,NVIDIA GeForce RTX 4060,595.91.07,5844,8188,0,false,true,sha256:150b59966fb5b2cb1a8fa9d226267c56ebd22c520c7b3640331cde87f3c4fb01
1791654894,NVIDIA GeForce RTX 4060,595.91.07,5844,8188,0,false,true,sha256:150b59966fb5b2cb1a8fa9d226267c56ebd22c520c7b3640331cde87f3c4fb01
1791654896,NVIDIA GeForce RTX 4060,595.91.07,5844,8188,0,false,true,sha256:150b59966fb5b2cb1a8fa9d226267c56ebd22c520c7b3640331cde87f3c4fb01
1791654897,NVIDIA GeForce RTX 4060,595.91.07,5844,8188,0,false,true,sha256:150b59966fb5b2cb1a8fa9d226267c56ebd22c520c7b3640331cde87f3c4fb01
1791654898,NVIDIA GeForce RTX 4060,595.91.07,5844,8188,0,false,true,sha256:150b59966fb5b2cb1a8fa9d226267c56ebd22c520c7b3640331cde87f3c4fb01
1791654899,NVIDIA GeForce RTX 4060,595.91.07,5844,8188,0,false,true,sha256:150b59966fb5b2cb1a8fa9d226267c56ebd22c520c7b3640331cde87f3c4fb01
1791654900,NVIDIA GeForce RTX 4060,595.91.07,5844,8188,0,false,true,sha256:150b59966fb5b2cb1a8fa9d226267c56ebd22c520c7b3640331cde87f3c4fb01
1791654901,NVIDIA GeForce RTX 4060,595.91.07,5844,8188,0,false,true,sha256:150b59966fb5b2cb1a8fa9d226267c56ebd22c520c7b3640331cde87f3c4fb01
1791654902,NVIDIA GeForce RTX 4060,595.91.07,5844,8188,0,false,true,sha256:150b59966fb5b2cb1a8fa9d226267c56ebd22c520c7b3640331cde87f3c4fb01
1791654903,NVIDIA GeForce RTX 4060,595.91.07,5844,8188,0,false,true,sha256:150b59966fb5b2cb1a8fa9d226267c56ebd22c520c7b3640331cde87f3c4fb01
1791654904,NVIDIA GeForce RTX 4060,595.91.07,5844,8188,0,false,true,sha256:150b59966fb5b2cb1a8fa9d226267c56ebd22c520c7b3640331cde87f3c4fb01
1791654905,NVIDIA GeForce RTX 4060,595.91.07,5844,8188,0,false,true,sha256:150b59966fb5b2cb1a8fa9d226267c56ebd22c520c7b3640331cde87f3c4fb01
1791654906,NVIDIA GeForce RTX 4060,595.91.07,5844,8188,0,false,true,sha256:150b59966fb5b2cb1a8fa9d226267c56ebd22c520c7b3640331cde87f3c4fb01
1791654908,NVIDIA GeForce RTX 4060,595.91.07,5844,8188,0,false,true,sha256:150b59966fb5b2cb1a8fa9d226267c56ebd22c520c7b3640331cde87f3c4fb01
1791654909,NVIDIA GeForce RTX 4060,595.91.07,5844,8188,0,false,true,sha256:150b59966fb5b2cb1a8fa9d226267c56ebd22c520c7b3640331cde87f3c4fb01
1791654910,NVIDIA GeForce RTX 4060,595.91.07,5844,8188,0,false,true,sha256:150b59966fb5b2cb1a8fa9d226267c56ebd22c520c7b3640331cde87f3c4fb01
1791654911,NVIDIA GeForce RTX 4060,595.91.07,5844,8188,0,false,true,sha256:150b59966fb5b2cb1a8fa9d226267c56ebd22c520c7b3640331cde87f3c4fb01
1791654912,NVIDIA GeForce RTX 4060,595.91.07,5844,8188,0,false,true,sha256:150b59966fb5b2cb1a8fa9d226267c56ebd22c520c7b3640331cde87f3c4fb01
1791654913,NVIDIA GeForce RTX 4060,595.91.07,5844,8188,0,false,true,sha256:150b59966fb5b2cb1a8fa9d226267c56ebd22c520c7b3640331cde87f3c4fb01
1791654914,NVIDIA GeForce RTX 4060,595.91.07,5844,8188,0,false,true,sha256:150b59966fb5b2cb1a8fa9d226267c56ebd22c520c7b3640331cde87f3c4fb01
1791654915,NVIDIA GeForce RTX 4060,595.91.07,5844,8188,0,false,true,sha256:150b59966fb5b2cb1a8fa9d226267c56ebd22c520c7b3640331cde87f3c4fb01
1791654916,NVIDIA GeForce RTX 4060,595.91.07,5844,8188,0,false,true,sha256:150b59966fb5b2cb1a8fa9d226267c56ebd22c520c7b3640331cde87f3c4fb01
1791654917,NVIDIA GeForce RTX 4060,595.91.07,5844,8188,0,false,true,sha256:150b59966fb5b2cb1a8fa9d226267c56ebd22c520c7b3640331cde87f3c4fb01
1791654918,NVIDIA GeForce RTX 4060,595.91.07,5844,8188,0,false,true,sha256:150b59966fb5b2cb1a8fa9d226267c56ebd22c520c7b3640331cde87f3c4fb01
1791654919,NVIDIA GeForce RTX 4060,595.91.07,5844,8188,0,false,true,sha256:150b59966fb5b2cb1a8fa9d226267c56ebd22c520c7b3640331cde87f3c4fb01
1791654920,NVIDIA GeForce RTX 4060,595.91.07,5844,8188,0,false,true,sha256:150b59966fb5b2cb1a8fa9d226267c56ebd22c520c7b3640331cde87f3c4fb01
1791654922,NVIDIA GeForce RTX 4060,595.91.07,5844,8188,0,false,true,sha256:150b59966fb5b2cb1a8fa9d226267c56ebd22c520c7b3640331cde87f3c4fb01
1791654923,NVIDIA GeForce RTX 4060,595.91.07,5844,8188,0,false,true,sha256:150b59966fb5b2cb1a8fa9d226267c56ebd22c520c7b3640331cde87f3c4fb01
1791654924,NVIDIA GeForce RTX 4060,595.91.07,5844,8188,0,false,true,sha256:150b59966fb5b2cb1a8fa9d226267c56ebd22c520c7b3640331cde87f3c4fb01
1791654925,NVIDIA GeForce RTX 4060,595.91.07,5844,8188,0,false,true,sha256:150b59966fb5b2cb1a8fa9d226267c56ebd22c520c7b3640331cde87f3c4fb01
1791654926,NVIDIA GeForce RTX 4060,595.91.07,5844,8188,0,false,true,sha256:150b59966fb5b2cb1a8fa9d226267c56ebd22c520c7b3640331cde87f3c4fb01
1791654927,NVIDIA GeForce RTX 4060,595.91.07,5844,8188,0,false,true,sha256:150b59966fb5b2cb1a8fa9d226267c56ebd22c520c7b3640331cde87f3c4fb01
1791654928,NVIDIA GeForce RTX 4060,595.91.07,5844,8188,0,false,true,sha256:150b59966fb5b2cb1a8fa9d226267c56ebd22c520c7b3640331cde87f3c4fb01
1791654929,NVIDIA GeForce RTX 4060,595.91.07,5844,8188,0,false,true,sha256:150b59966fb5b2cb1a8fa9d226267c56ebd22c520c7b3640331cde87f3c4fb01
1791654930,NVIDIA GeForce RTX 4060,595.91.07,5844,8188,0,false,true,sha256:150b59966fb5b2cb1a8fa9d226267c56ebd22c520c7b3640331cde87f3c4fb01
1791654931,NVIDIA GeForce RTX 4060,595.91.07,5844,8188,0,false,true,sha256:150b59966fb5b2cb1a8fa9d226267c56ebd22c520c7b3640331cde87f3c4fb01
1791654932,NVIDIA GeForce RTX 4060,595.91.07,5844,8188,0,false,true,sha256:150b59966fb5b2cb1a8fa9d226267c56ebd22c520c7b3640331cde87f3c4fb01
1791654933,NVIDIA GeForce RTX 4060,595.91.07,5844,8188,0,false,true,sha256:150b59966fb5b2cb1a8fa9d226267c56ebd22c520c7b3640331cde87f3c4fb01
1791654935,NVIDIA GeForce RTX 4060,595.91.07,5844,8188,0,false,true,sha256:150b59966fb5b2cb1a8fa9d226267c56ebd22c520c7b3640331cde87f3c4fb01
1791654936,NVIDIA GeForce RTX 4060,595.91.07,5844,8188,0,false,true,sha256:150b59966fb5b2cb1a8fa9d226267c56ebd22c520c7b3640331cde87f3c4fb01
1791654937,NVIDIA GeForce RTX 4060,595.91.07,5844,8188,0,false,true,sha256:150b59966fb5b2cb1a8fa9d226267c56ebd22c520c7b3640331cde87f3c4fb01
1791654938,NVIDIA GeForce RTX 4060,595.91.07,5844,8188,0,false,true,sha256:150b59966fb5b2cb1a8fa9d226267c56ebd22c520c7b3640331cde87f3c4fb01
1791654939,NVIDIA GeForce RTX 4060,595.91.07,5844,8188,0,false,true,sha256:150b59966fb5b2cb1a8fa9d226267c56ebd22c520c7b3640331cde87f3c4fb01
1791654940,NVIDIA GeForce RTX 4060,595.91.07,5844,8188,0,false,true,sha256:150b59966fb5b2cb1a8fa9d226267c56ebd22c520c7b3640331cde87f3c4fb01
1791654941,NVIDIA GeForce RTX 4060,595.91.07,5844,8188,0,false,true,sha256:150b59966fb5b2cb1a8fa9d226267c56ebd22c520c7b3640331cde87f3c4fb01
1791654942,NVIDIA GeForce RTX 4060,595.91.07,5844,8188,0,false,true,sha256:150b59966fb5b2cb1a8fa9d226267c56ebd22c520c7b3640331cde87f3c4fb01
1791654943,NVIDIA GeForce RTX 4060,595.91.07,5844,8188,0,false,true,sha256:150b59966fb5b2cb1a8fa9d226267c56ebd22c520c7b3640331cde87f3c4fb01
1791654944,NVIDIA GeForce RTX 4060,595.91.07,5844,8188,0,false,true,sha256:150b59966fb5b2cb1a8fa9d226267c56ebd22c520c7b3640331cde87f3c4fb01
1791654945,NVIDIA GeForce RTX 4060,595.91.07,5844,8188,0,false,true,sha256:150b59966fb5b2cb1a8fa9d226267c56ebd22c520c7b3640331cde87f3c4fb01
1791654946,NVIDIA GeForce RTX 4060,595.91.07,5844,8188,0,false,true,sha256:150b59966fb5b2cb1a8fa9d226267c56ebd22c520c7b3640331cde87f3c4fb01
1791654948,NVIDIA GeForce RTX 4060,595.91.07,5844,8188,0,false,true,sha256:150b59966fb5b2cb1a8fa9d226267c56ebd22c520c7b3640331cde87f3c4fb01
1791654949,NVIDIA GeForce RTX 4060,595.91.07,5844,8188,0,false,true,sha256:150b59966fb5b2cb1a8fa9d226267c56ebd22c520c7b3640331cde87f3c4fb01
1791654950,NVIDIA GeForce RTX 4060,595.91.07,5844,8188,0,false,true,sha256:150b59966fb5b2cb1a8fa9d226267c56ebd22c520c7b3640331cde87f3c4fb01
1791654951,NVIDIA GeForce RTX 4060,595.91.07,5844,8188,0,false,true,sha256:150b59966fb5b2cb1a8fa9d226267c56ebd22c520c7b3640331cde87f3c4fb01
1791654952,NVIDIA GeForce RTX 4060,595.91.07,5844,8188,0,false,true,sha256:150b59966fb5b2cb1a8fa9d226267c56ebd22c520c7b3640331cde87f3c4fb01
1791654953,NVIDIA GeForce RTX 4060,595.91.07,5844,8188,0,false,true,sha256:150b59966fb5b2cb1a8fa9d226267c56ebd22c520c7b3640331cde87f3c4fb01
1791654954,NVIDIA GeForce RTX 4060,595.91.07,5844,8188,0,false,true,sha256:150b59966fb5b2cb1a8fa9d226267c56ebd22c520c7b3640331cde87f3c4fb01
1791654955,NVIDIA GeForce RTX 4060,595.91.07,5844,8188,0,false,true,sha256:150b59966fb5b2cb1a8fa9d226267c56ebd22c520c7b3640331cde87f3c4fb01
1791654956,NVIDIA GeForce RTX 4060,595.91.07,5844,8188,0,false,true,sha256:150b59966fb5b2cb1a8fa9d226267c56ebd22c520c7b3640331cde87f3c4fb01
1791654957,NVIDIA GeForce RTX 4060,595.91.07,5844,8188,0,false,true,sha256:150b59966fb5b2cb1a8fa9d226267c56ebd22c520c7b3640331cde87f3c4fb01
1791654958,NVIDIA GeForce RTX 4060,595.91.07,5844,8188,0,false,true,sha256:150b59966fb5b2cb1a8fa9d226267c56ebd22c520c7b3640331cde87f3c4fb01
1791654959,NVIDIA GeForce RTX 4060,595.91.07,5844,8188,0,false,true,sha256:150b59966fb5b2cb1a8fa9d226267c56ebd22c520c7b3640331cde87f3c4fb01
1791654961,NVIDIA GeForce RTX 4060,595.91.07,5844,8188,0,false,true,sha256:150b59966fb5b2cb1a8fa9d226267c56ebd22c520c7b3640331cde87f3c4fb01
1791654962,NVIDIA GeForce RTX 4060,595.91.07,5844,8188,0,false,true,sha256:150b59966fb5b2cb1a8fa9d226267c56ebd22c520c7b3640331cde87f3c4fb01
1791654963,NVIDIA GeForce RTX 4060,595.91.07,5844,8188,0,false,true,sha256:150b59966fb5b2cb1a8fa9d226267c56ebd22c520c7b3640331cde87f3c4fb01
1791654964,NVIDIA GeForce RTX 4060,595.91.07,5844,8188,0,false,true,sha256:150b59966fb5b2cb1a8fa9d226267c56ebd22c520c7b3640331cde87f3c4fb01
1791654965,NVIDIA GeForce RTX 4060,595.91.07,5844,8188,0,false,true,sha256:150b59966fb5b2cb1a8fa9d226267c56ebd22c520c7b3640331cde87f3c4fb01
1791654966,NVIDIA GeForce RTX 4060,595.91.07,5844,8188,0,false,true,sha256:150b59966fb5b2cb1a8fa9d226267c56ebd22c520c7b3640331cde87f3c4fb01
1791654967,NVIDIA GeForce RTX 4060,595.91.07,5844,8188,0,false,true,sha256:150b59966fb5b2cb1a8fa9d226267c56ebd22c520c7b3640331cde87f3c4fb01
1791654968,NVIDIA GeForce RTX 4060,595.91.07,5844,8188,0,false,true,sha256:150b59966fb5b2cb1a8fa9d226267c56ebd22c520c7b3640331cde87f3c4fb01
1791654969,NVIDIA GeForce RTX 4060,595.91.07,5844,8188,0,false,true,sha256:150b59966fb5b2cb1a8fa9d226267c56ebd22c520c7b3640331cde87f3c4fb01
1791654970,NVIDIA GeForce RTX 4060,595.91.07,5844,8188,0,false,true,sha256:150b59966fb5b2cb1a8fa9d226267c56ebd22c520c7b3640331cde87f3c4fb01
1791654971,NVIDIA GeForce RTX 4060,595.91.07,5844,8188,0,false,true,sha256:150b59966fb5b2cb1a8fa9d226267c56ebd22c520c7b3640331cde87f3c4fb01
1791654972,NVIDIA GeForce RTX 4060,595.91.07,5844,8188,0,false,true,sha256:150b59966fb5b2cb1a8fa9d226267c56ebd22c520c7b3640331cde87f3c4fb01
1791654974,NVIDIA GeForce RTX 4060,595.91.07,5844,8188,0,false,true,sha256:150b59966fb5b2cb1a8fa9d226267c56ebd22c520c7b3640331cde87f3c4fb01
1791654975,NVIDIA GeForce RTX 4060,595.91.07,5844,8188,0,false,true,sha256:150b59966fb5b2cb1a8fa9d226267c56ebd22c520c7b3640331cde87f3c4fb01
1791654976,NVIDIA GeForce RTX 4060,595.91.07,5844,8188,0,false,true,sha256:150b59966fb5b2cb1a8fa9d226267c56ebd22c520c7b3640331cde87f3c4fb01
1791654977,NVIDIA GeForce RTX 4060,595.91.07,5844,8188,0,false,true,sha256:150b59966fb5b2cb1a8fa9d226267c56ebd22c520c7b3640331cde87f3c4fb01
1791654978,NVIDIA GeForce RTX 4060,595.91.07,5844,8188,0,false,true,sha256:150b59966fb5b2cb1a8fa9d226267c56ebd22c520c7b3640331cde87f3c4fb01
1791654979,NVIDIA GeForce RTX 4060,595.91.07,5844,8188,0,false,true,sha256:150b59966fb5b2cb1a8fa9d226267c56ebd22c520c7b3640331cde87f3c4fb01
1791654980,NVIDIA GeForce RTX 4060,595.91.07,5844,8188,0,false,true,sha256:150b59966fb5b2cb1a8fa9d226267c56ebd22c520c7b3640331cde87f3c4fb01
1791654981,NVIDIA GeForce RTX 4060,595.91.07,5844,8188,0,false,true,sha256:150b59966fb5b2cb1a8fa9d226267c56ebd22c520c7b3640331cde87f3c4fb01
1791654982,NVIDIA GeForce RTX 4060,595.91.07,5844,8188,0,false,true,sha256:150b59966fb5b2cb1a8fa9d226267c56ebd22c520c7b3640331cde87f3c4fb01
1791654983,NVIDIA GeForce RTX 4060,595.91.07,5844,8188,0,false,true,sha256:150b59966fb5b2cb1a8fa9d226267c56ebd22c520c7b3640331cde87f3c4fb01
1791654984,NVIDIA GeForce RTX 4060,595.91.07,5844,8188,0,false,true,sha256:150b59966fb5b2cb1a8fa9d226267c56ebd22c520c7b3640331cde87f3c4fb01
1791654985,NVIDIA GeForce RTX 4060,595.91.07,5844,8188,0,false,true,sha256:150b59966fb5b2cb1a8fa9d226267c56ebd22c520c7b3640331cde87f3c4fb01
1791654987,NVIDIA GeForce RTX 4060,595.91.07,5844,8188,0,false,true,sha256:150b59966fb5b2cb1a8fa9d226267c56ebd22c520c7b3640331cde87f3c4fb01
1791654988,NVIDIA GeForce RTX 4060,595.91.07,5844,8188,0,false,true,sha256:150b59966fb5b2cb1a8fa9d226267c56ebd22c520c7b3640331cde87f3c4fb01
1791654989,NVIDIA GeForce RTX 4060,595.91.07,5844,8188,0,false,true,sha256:150b59966fb5b2cb1a8fa9d226267c56ebd22c520c7b3640331cde87f3c4fb01
1791654990,NVIDIA GeForce RTX 4060,595.91.07,5844,8188,0,false,true,sha256:150b59966fb5b2cb1a8fa9d226267c56ebd22c520c7b3640331cde87f3c4fb01
1791654991,NVIDIA GeForce RTX 4060,595.91.07,5844,8188,0,false,true,sha256:150b59966fb5b2cb1a8fa9d226267c56ebd22c520c7b3640331cde87f3c4fb01
1791654992,NVIDIA GeForce RTX 4060,595.91.07,5844,8188,0,false,true,sha256:150b59966fb5b2cb1a8fa9d226267c56ebd22c520c7b3640331cde87f3c4fb01
1791654993,NVIDIA GeForce RTX 4060,595.91.07,5844,8188,0,false,true,sha256:150b59966fb5b2cb1a8fa9d226267c56ebd22c520c7b3640331cde87f3c4fb01
1791654994,NVIDIA GeForce RTX 4060,595.91.07,5844,8188,0,false,true,sha256:150b59966fb5b2cb1a8fa9d226267c56ebd22c520c7b3640331cde87f3c4fb01
1791654995,NVIDIA GeForce RTX 4060,595.91.07,5844,8188,0,false,true,sha256:150b59966fb5b2cb1a8fa9d226267c56ebd22c520c7b3640331cde87f3c4fb01
1791654996,NVIDIA GeForce RTX 4060,595.91.07,5844,8188,0,false,true,sha256:150b59966fb5b2cb1a8fa9d226267c56ebd22c520c7b3640331cde87f3c4fb01
1791654997,NVIDIA GeForce RTX 4060,595.91.07,5844,8188,0,false,true,sha256:150b59966fb5b2cb1a8fa9d226267c56ebd22c520c7b3640331cde87f3c4fb01
1791654998,NVIDIA GeForce RTX 4060,595.91.07,5844,8188,0,false,true,sha256:150b59966fb5b2cb1a8fa9d226267c56ebd22c520c7b3640331cde87f3c4fb01
1791654999,NVIDIA GeForce RTX 4060,595.91.07,5844,8188,0,false,true,sha256:150b59966fb5b2cb1a8fa9d226267c56ebd22c520c7b3640331cde87f3c4fb01
1791655001,NVIDIA GeForce RTX 4060,595.91.07,5844,8188,0,false,true,sha256:150b59966fb5b2cb1a8fa9d226267c56ebd22c520c7b3640331cde87f3c4fb01
1791655002,NVIDIA GeForce RTX 4060,595.91.07,5844,8188,0,false,true,sha256:150b59966fb5b2cb1a8fa9d226267c56ebd22c520c7b3640331cde87f3c4fb01
1791655003,NVIDIA GeForce RTX 4060,595.91.07,5844,8188,0,false,true,sha256:150b59966fb5b2cb1a8fa9d226267c56ebd22c520c7b3640331cde87f3c4fb01
1791655004,NVIDIA GeForce RTX 4060,595.91.07,5844,8188,0,false,true,sha256:150b59966fb5b2cb1a8fa9d226267c56ebd22c520c7b3640331cde87f3c4fb01
1791655005,NVIDIA GeForce RTX 4060,595.91.07,5844,8188,0,false,true,sha256:150b59966fb5b2cb1a8fa9d226267c56ebd22c520c7b3640331cde87f3c4fb01
1791655006,NVIDIA GeForce RTX 4060,595.91.07,5844,8188,0,false,true,sha256:150b59966fb5b2cb1a8fa9d226267c56ebd22c520c7b3640331cde87f3c4fb01
1791655007,NVIDIA GeForce RTX 4060,595.91.07,5844,8188,0,false,true,sha256:150b59966fb5b2cb1a8fa9d226267c56ebd22c520c7b3640331cde87f3c4fb01
1791655008,NVIDIA GeForce RTX 4060,595.91.07,5844,8188,0,false,true,sha256:150b59966fb5b2cb1a8fa9d226267c56ebd22c520c7b3640331cde87f3c4fb01
1791655009,NVIDIA GeForce RTX 4060,595.91.07,5844,8188,0,false,true,sha256:150b59966fb5b2cb1a8fa9d226267c56ebd22c520c7b3640331cde87f3c4fb01
1791655010,NVIDIA GeForce RTX 4060,595.91.07,5844,8188,0,false,true,sha256:150b59966fb5b2cb1a8fa9d226267c56ebd22c520c7b3640331cde87f3c4fb01
1791655011,NVIDIA GeForce RTX 4060,595.91.07,5844,8188,0,false,true,sha256:150b59966fb5b2cb1a8fa9d226267c56ebd22c520c7b3640331cde87f3c4fb01
1791655012,NVIDIA GeForce RTX 4060,595.91.07,5844,8188,0,false,true,sha256:150b59966fb5b2cb1a8fa9d226267c56ebd22c520c7b3640331cde87f3c4fb01
1791655014,NVIDIA GeForce RTX 4060,595.91.07,5844,8188,0,false,true,sha256:150b59966fb5b2cb1a8fa9d226267c56ebd22c520c7b3640331cde87f3c4fb01
1791655015,NVIDIA GeForce RTX 4060,595.91.07,5844,8188,0,false,true,sha256:150b59966fb5b2cb1a8fa9d226267c56ebd22c520c7b3640331cde87f3c4fb01
1791655016,NVIDIA GeForce RTX 4060,595.91.07,5844,8188,0,false,true,sha256:150b59966fb5b2cb1a8fa9d226267c56ebd22c520c7b3640331cde87f3c4fb01
1791655017,NVIDIA GeForce RTX 4060,595.91.07,5844,8188,0,false,true,sha256:150b59966fb5b2cb1a8fa9d226267c56ebd22c520c7b3640331cde87f3c4fb01
1791655018,NVIDIA GeForce RTX 4060,595.91.07,5844,8188,0,false,true,sha256:150b59966fb5b2cb1a8fa9d226267c56ebd22c520c7b3640331cde87f3c4fb01
1791655019,NVIDIA GeForce RTX 4060,595.91.07,5844,8188,0,false,true,sha256:150b59966fb5b2cb1a8fa9d226267c56ebd22c520c7b3640331cde87f3c4fb01
1791655020,NVIDIA GeForce RTX 4060,595.91.07,5844,8188,0,false,true,sha256:150b59966fb5b2cb1a8fa9d226267c56ebd22c520c7b3640331cde87f3c4fb01
1791655021,NVIDIA GeForce RTX 4060,595.91.07,5844,8188,0,false,true,sha256:150b59966fb5b2cb1a8fa9d226267c56ebd22c520c7b3640331cde87f3c4fb01
1791655022,NVIDIA GeForce RTX 4060,595.91.07,5844,8188,0,false,true,sha256:150b59966fb5b2cb1a8fa9d226267c56ebd22c520c7b3640331cde87f3c4fb01
1791655023,NVIDIA GeForce RTX 4060,595.91.07,5844,8188,0,false,true,sha256:150b59966fb5b2cb1a8fa9d226267c56ebd22c520c7b3640331cde87f3c4fb01
1791655024,NVIDIA GeForce RTX 4060,595.91.07,5844,8188,0,false,true,sha256:150b59966fb5b2cb1a8fa9d226267c56ebd22c520c7b3640331cde87f3c4fb01
1791655025,NVIDIA GeForce RTX 4060,595.91.07,5844,8188,0,false,true,sha256:150b59966fb5b2cb1a8fa9d226267c56ebd22c520c7b3640331cde87f3c4fb01
1791655026,NVIDIA GeForce RTX 4060,595.91.07,5844,8188,0,false,true,sha256:150b59966fb5b2cb1a8fa9d226267c56ebd22c520c7b3640331cde87f3c4fb01
1791655028,NVIDIA GeForce RTX 4060,595.91.07,5844,8188,0,false,true,sha256:150b59966fb5b2cb1a8fa9d226267c56ebd22c520c7b3640331cde87f3c4fb01
1791655029,NVIDIA GeForce RTX 4060,595.91.07,5844,8188,0,false,true,sha256:150b59966fb5b2cb1a8fa9d226267c56ebd22c520c7b3640331cde87f3c4fb01
1791655030,NVIDIA GeForce RTX 4060,595.91.07,5844,8188,0,false,true,sha256:150b59966fb5b2cb1a8fa9d226267c56ebd22c520c7b3640331cde87f3c4fb01
1791655031,NVIDIA GeForce RTX 4060,595.91.07,5844,8188,0,false,true,sha256:150b59966fb5b2cb1a8fa9d226267c56ebd22c520c7b3640331cde87f3c4fb01
1791655032,NVIDIA GeForce RTX 4060,595.91.07,5844,8188,0,false,true,sha256:150b59966fb5b2cb1a8fa9d226267c56ebd22c520c7b3640331cde87f3c4fb01
1791655033,NVIDIA GeForce RTX 4060,595.91.07,5844,8188,0,false,true,sha256:150b59966fb5b2cb1a8fa9d226267c56ebd22c520c7b3640331cde87f3c4fb01
1791655034,NVIDIA GeForce RTX 4060,595.91.07,5844,8188,0,false,true,sha256:150b59966fb5b2cb1a8fa9d226267c56ebd22c520c7b3640331cde87f3c4fb01
1791655035,NVIDIA GeForce RTX 4060,595.91.07,5844,8188,0,false,true,sha256:150b59966fb5b2cb1a8fa9d226267c56ebd22c520c7b3640331cde87f3c4fb01
1791655036,NVIDIA GeForce RTX 4060,595.91.07,5844,8188,0,false,true,sha256:150b59966fb5b2cb1a8fa9d226267c56ebd22c520c7b3640331cde87f3c4fb01
1791655037,NVIDIA GeForce RTX 4060,595.91.07,5844,8188,0,false,true,sha256:150b59966fb5b2cb1a8fa9d226267c56ebd22c520c7b3640331cde87f3c4fb01
1791655038,NVIDIA GeForce RTX 4060,595.91.07,5844,8188,0,false,true,sha256:150b59966fb5b2cb1a8fa9d226267c56ebd22c520c7b3640331cde87f3c4fb01
1791655039,NVIDIA GeForce RTX 4060,595.91.07,5844,8188,0,false,true,sha256:150b59966fb5b2cb1a8fa9d226267c56ebd22c520c7b3640331cde87f3c4fb01
1791655041,NVIDIA GeForce RTX 4060,595.91.07,5844,8188,0,false,true,sha256:150b59966fb5b2cb1a8fa9d226267c56ebd22c520c7b3640331cde87f3c4fb01
1791655042,NVIDIA GeForce RTX 4060,595.91.07,5844,8188,0,false,true,sha256:150b59966fb5b2cb1a8fa9d226267c56ebd22c520c7b3640331cde87f3c4fb01
1791655043,NVIDIA GeForce RTX 4060,595.91.07,5844,8188,0,false,true,sha256:150b59966fb5b2cb1a8fa9d226267c56ebd22c520c7b3640331cde87f3c4fb01
1791655044,NVIDIA GeForce RTX 4060,595.91.07,5844,8188,0,false,true,sha256:150b59966fb5b2cb1a8fa9d226267c56ebd22c520c7b3640331cde87f3c4fb01
1791655045,NVIDIA GeForce RTX 4060,595.91.07,5844,8188,0,false,true,sha256:150b59966fb5b2cb1a8fa9d226267c56ebd22c520c7b3640331cde87f3c4fb01
1791655046,NVIDIA GeForce RTX 4060,595.91.07,5844,8188,0,false,true,sha256:150b59966fb5b2cb1a8fa9d226267c56ebd22c520c7b3640331cde87f3c4fb01
1791655047,NVIDIA GeForce RTX 4060,595.91.07,5844,8188,0,false,true,sha256:150b59966fb5b2cb1a8fa9d226267c56ebd22c520c7b3640331cde87f3c4fb01
1791655048,NVIDIA GeForce RTX 4060,595.91.07,5844,8188,0,false,true,sha256:150b59966fb5b2cb1a8fa9d226267c56ebd22c520c7b3640331cde87f3c4fb01
1791655049,NVIDIA GeForce RTX 4060,595.91.07,5844,8188,0,false,true,sha256:150b59966fb5b2cb1a8fa9d226267c56ebd22c520c7b3640331cde87f3c4fb01
1791655050,NVIDIA GeForce RTX 4060,595.91.07,5844,8188,0,false,true,sha256:150b59966fb5b2cb1a8fa9d226267c56ebd22c520c7b3640331cde87f3c4fb01
1791655051,NVIDIA GeForce RTX 4060,595.91.07,5844,8188,0,false,true,sha256:150b59966fb5b2cb1a8fa9d226267c56ebd22c520c7b3640331cde87f3c4fb01
1791655052,NVIDIA GeForce RTX 4060,595.91.07,5844,8188,0,false,true,sha256:150b59966fb5b2cb1a8fa9d226267c56ebd22c520c7b3640331cde87f3c4fb01
1791655054,NVIDIA GeForce RTX 4060,595.91.07,5844,8188,0,false,true,sha256:150b59966fb5b2cb1a8fa9d226267c56ebd22c520c7b3640331cde87f3c4fb01
1791655055,NVIDIA GeForce RTX 4060,595.91.07,5844,8188,0,false,true,sha256:150b59966fb5b2cb1a8fa9d226267c56ebd22c520c7b3640331cde87f3c4fb01
1791655056,NVIDIA GeForce RTX 4060,595.91.07,5844,8188,0,false,true,sha256:150b59966fb5b2cb1a8fa9d226267c56ebd22c520c7b3640331cde87f3c4fb01
1791655057,NVIDIA GeForce RTX 4060,595.91.07,5844,8188,0,false,true,sha256:150b59966fb5b2cb1a8fa9d226267c56ebd22c520c7b3640331cde87f3c4fb01
1791655058,NVIDIA GeForce RTX 4060,595.91.07,5844,8188,0,false,true,sha256:150b59966fb5b2cb1a8fa9d226267c56ebd22c520c7b3640331cde87f3c4fb01
1791655059,NVIDIA GeForce RTX 4060,595.91.07,5844,8188,0,false,true,sha256:150b59966fb5b2cb1a8fa9d226267c56ebd22c520c7b3640331cde87f3c4fb01
1791655060,NVIDIA GeForce RTX 4060,595.91.07,5844,8188,0,false,true,sha256:150b59966fb5b2cb1a8fa9d226267c56ebd22c520c7b3640331cde87f3c4fb01
1791655061,NVIDIA GeForce RTX 4060,595.91.07,5844,8188,0,false,true,sha256:150b59966fb5b2cb1a8fa9d226267c56ebd22c520c7b3640331cde87f3c4fb01
1791655062,NVIDIA GeForce RTX 4060,595.91.07,5844,8188,0,false,true,sha256:150b59966fb5b2cb1a8fa9d226267c56ebd22c520c7b3640331cde87f3c4fb01
1791655063,NVIDIA GeForce RTX 4060,595.91.07,5844,8188,0,false,true,sha256:150b59966fb5b2cb1a8fa9d226267c56ebd22c520c7b3640331cde87f3c4fb01
1791655064,NVIDIA GeForce RTX 4060,595.91.07,5844,8188,0,false,true,sha256:150b59966fb5b2cb1a8fa9d226267c56ebd22c520c7b3640331cde87f3c4fb01
1791655065,NVIDIA GeForce RTX 4060,595.91.07,5844,8188,0,false,true,sha256:150b59966fb5b2cb1a8fa9d226267c56ebd22c520c7b3640331cde87f3c4fb01
1791655067,NVIDIA GeForce RTX 4060,595.91.07,5844,8188,0,false,true,sha256:150b59966fb5b2cb1a8fa9d226267c56ebd22c520c7b3640331cde87f3c4fb01
1791655068,NVIDIA GeForce RTX 4060,595.91.07,5844,8188,0,false,true,sha256:150b59966fb5b2cb1a8fa9d226267c56ebd22c520c7b3640331cde87f3c4fb01
1791655069,NVIDIA GeForce RTX 4060,595.91.07,5844,8188,0,false,true,sha256:150b59966fb5b2cb1a8fa9d226267c56ebd22c520c7b3640331cde87f3c4fb01
1791655070,NVIDIA GeForce RTX 4060,595.91.07,5844,8188,0,false,true,sha256:150b59966fb5b2cb1a8fa9d226267c56ebd22c520c7b3640331cde87f3c4fb01
1791655071,NVIDIA GeForce RTX 4060,595.91.07,5844,8188,0,false,true,sha256:150b59966fb5b2cb1a8fa9d226267c56ebd22c520c7b3640331cde87f3c4fb01
1791655072,NVIDIA GeForce RTX 4060,595.91.07,5844,8188,0,false,true,sha256:150b59966fb5b2cb1a8fa9d226267c56ebd22c520c7b3640331cde87f3c4fb01
1791655073,NVIDIA GeForce RTX 4060,595.91.07,5844,8188,0,false,true,sha256:150b59966fb5b2cb1a8fa9d226267c56ebd22c520c7b3640331cde87f3c4fb01
1791655074,NVIDIA GeForce RTX 4060,595.91.07,5844,8188,0,false,true,sha256:150b59966fb5b2cb1a8fa9d226267c56ebd22c520c7b3640331cde87f3c4fb01
1791655075,NVIDIA GeForce RTX 4060,595.91.07,5844,8188,0,false,true,sha256:150b59966fb5b2cb1a8fa9d226267c56ebd22c520c7b3640331cde87f3c4fb01
1791655076,NVIDIA GeForce RTX 4060,595.91.07,5844,8188,0,false,true,sha256:150b59966fb5b2cb1a8fa9d226267c56ebd22c520c7b3640331cde87f3c4fb01
1791655077,NVIDIA GeForce RTX 4060,595.91.07,5844,8188,0,false,true,sha256:150b59966fb5b2cb1a8fa9d226267c56ebd22c520c7b3640331cde87f3c4fb01
1791655078,NVIDIA GeForce RTX 4060,595.91.07,5844,8188,0,false,true,sha256:150b59966fb5b2cb1a8fa9d226267c56ebd22c520c7b3640331cde87f3c4fb01
1791655080,NVIDIA GeForce RTX 4060,595.91.07,5844,8188,0,false,true,sha256:150b59966fb5b2cb1a8fa9d226267c56ebd22c520c7b3640331cde87f3c4fb01
1791655081,NVIDIA GeForce RTX 4060,595.91.07,5844,8188,0,false,true,sha256:150b59966fb5b2cb1a8fa9d226267c56ebd22c520c7b3640331cde87f3c4fb01
1791655082,NVIDIA GeForce RTX 4060,595.91.07,5844,8188,0,false,true,sha256:150b59966fb5b2cb1a8fa9d226267c56ebd22c520c7b3640331cde87f3c4fb01
1791655083,NVIDIA GeForce RTX 4060,595.91.07,5844,8188,0,false,true,sha256:150b59966fb5b2cb1a8fa9d226267c56ebd22c520c7b3640331cde87f3c4fb01
1791655084,NVIDIA GeForce RTX 4060,595.91.07,5844,8188,0,false,true,sha256:150b59966fb5b2cb1a8fa9d226267c56ebd22c520c7b3640331cde87f3c4fb01
1791655085,NVIDIA GeForce RTX 4060,595.91.07,5844,8188,0,false,true,sha256:150b59966fb5b2cb1a8fa9d226267c56ebd22c520c7b3640331cde87f3c4fb01
1791655086,NVIDIA GeForce RTX 4060,595.91.07,5844,8188,0,false,true,sha256:150b59966fb5b2cb1a8fa9d226267c56ebd22c520c7b3640331cde87f3c4fb01
1791655087,NVIDIA GeForce RTX 4060,595.91.07,5844,8188,0,false,true,sha256:150b59966fb5b2cb1a8fa9d226267c56ebd22c520c7b3640331cde87f3c4fb01
1791655088,NVIDIA GeForce RTX 4060,595.91.07,5844,8188,0,false,true,sha256:150b59966fb5b2cb1a8fa9d226267c56ebd22c520c7b3640331cde87f3c4fb01
1791655089,NVIDIA GeForce RTX 4060,595.91.07,5844,8188,0,false,true,sha256:150b59966fb5b2cb1a8fa9d226267c56ebd22c520c7b3640331cde87f3c4fb01
1791655090,NVIDIA GeForce RTX 4060,595.91.07,5844,8188,0,false,true,sha256:150b59966fb5b2cb1a8fa9d226267c56ebd22c520c7b3640331cde87f3c4fb01
1791655091,NVIDIA GeForce RTX 4060,595.91.07,5844,8188,0,false,true,sha256:150b59966fb5b2cb1a8fa9d226267c56ebd22c520c7b3640331cde87f3c4fb01
1791655093,NVIDIA GeForce RTX 4060,595.91.07,5844,8188,0,false,true,sha256:150b59966fb5b2cb1a8fa9d226267c56ebd22c520c7b3640331cde87f3c4fb01
1791655094,NVIDIA GeForce RTX 4060,595.91.07,5844,8188,0,false,true,sha256:150b59966fb5b2cb1a8fa9d226267c56ebd22c520c7b3640331cde87f3c4fb01
1791655095,NVIDIA GeForce RTX 4060,595.91.07,5844,8188,0,false,true,sha256:150b59966fb5b2cb1a8fa9d226267c56ebd22c520c7b3640331cde87f3c4fb01
1791655096,NVIDIA GeForce RTX 4060,595.91.07,5844,8188,0,false,true,sha256:150b59966fb5b2cb1a8fa9d226267c56ebd22c520c7b3640331cde87f3c4fb01
1791655097,NVIDIA GeForce RTX 4060,595.91.07,5844,8188,0,false,true,sha256:150b59966fb5b2cb1a8fa9d226267c56ebd22c520c7b3640331cde87f3c4fb01
1791655098,NVIDIA GeForce RTX 4060,595.91.07,5844,8188,0,false,true,sha256:150b59966fb5b2cb1a8fa9d226267c56ebd22c520c7b3640331cde87f3c4fb01
1791655099,NVIDIA GeForce RTX 4060,595.91.07,5844,8188,0,false,true,sha256:150b59966fb5b2cb1a8fa9d226267c56ebd22c520c7b3640331cde87f3c4fb01
1791655100,NVIDIA GeForce RTX 4060,595.91.07,5844,8188,0,false,true,sha256:150b59966fb5b2cb1a8fa9d226267c56ebd22c520c7b3640331cde87f3c4fb01
1791655101,NVIDIA GeForce RTX 4060,595.91.07,5844,8188,0,false,true,sha256:150b59966fb5b2cb1a8fa9d226267c56ebd22c520c7b3640331cde87f3c4fb01
1791655102,NVIDIA GeForce RTX 4060,595.91.07,5844,8188,0,false,true,sha256:150b59966fb5b2cb1a8fa9d226267c56ebd22c520c7b3640331cde87f3c4fb01
1791655103,NVIDIA GeForce RTX 4060,595.91.07,5844,8188,0,false,true,sha256:150b59966fb5b2cb1a8fa9d226267c56ebd22c520c7b3640331cde87f3c4fb01
1791655104,NVIDIA GeForce RTX 4060,595.91.07,5844,8188,0,false,true,sha256:150b59966fb5b2cb1a8fa9d226267c56ebd22c520c7b3640331cde87f3c4fb01
1791655106,NVIDIA GeForce RTX 4060,595.91.07,5844,8188,0,false,true,sha256:150b59966fb5b2cb1a8fa9d226267c56ebd22c520c7b3640331cde87f3c4fb01
1791655107,NVIDIA GeForce RTX 4060,595.91.07,5844,8188,0,false,true,sha256:150b59966fb5b2cb1a8fa9d226267c56ebd22c520c7b3640331cde87f3c4fb01
1791655108,NVIDIA GeForce RTX 4060,595.91.07,5844,8188,0,false,true,sha256:150b59966fb5b2cb1a8fa9d226267c56ebd22c520c7b3640331cde87f3c4fb01
1791655109,NVIDIA GeForce RTX 4060,595.91.07,5844,8188,0,false,true,sha256:150b59966fb5b2cb1a8fa9d226267c56ebd22c520c7b3640331cde87f3c4fb01
1791655110,NVIDIA GeForce RTX 4060,595.91.07,5844,8188,0,false,true,sha256:150b59966fb5b2cb1a8fa9d226267c56ebd22c520c7b3640331cde87f3c4fb01
1791655111,NVIDIA GeForce RTX 4060,595.91.07,5844,8188,0,false,true,sha256:150b59966fb5b2cb1a8fa9d226267c56ebd22c520c7b3640331cde87f3c4fb01
1791655112,NVIDIA GeForce RTX 4060,595.91.07,5844,8188,0,false,true,sha256:150b59966fb5b2cb1a8fa9d226267c56ebd22c520c7b3640331cde87f3c4fb01
1791655113,NVIDIA GeForce RTX 4060,595.91.07,5844,8188,0,false,true,sha256:150b59966fb5b2cb1a8fa9d226267c56ebd22c520c7b3640331cde87f3c4fb01
1791655114,NVIDIA GeForce RTX 4060,595.91.07,5844,8188,0,false,true,sha256:150b59966fb5b2cb1a8fa9d226267c56ebd22c520c7b3640331cde87f3c4fb01
1791655115,NVIDIA GeForce RTX 4060,595.91.07,5844,8188,0,false,true,sha256:150b59966fb5b2cb1a8fa9d226267c56ebd22c520c7b3640331cde87f3c4fb01
1791655116,NVIDIA GeForce RTX 4060,595.91.07,5844,8188,0,false,true,sha256:150b59966fb5b2cb1a8fa9d226267c56ebd22c520c7b3640331cde87f3c4fb01
1791655117,NVIDIA GeForce RTX 4060,595.91.07,5844,8188,0,false,true,sha256:150b59966fb5b2cb1a8fa9d226267c56ebd22c520c7b3640331cde87f3c4fb01
1791655119,NVIDIA GeForce RTX 4060,595.91.07,5844,8188,0,false,true,sha256:150b59966fb5b2cb1a8fa9d226267c56ebd22c520c7b3640331cde87f3c4fb01
1791655120,NVIDIA GeForce RTX 4060,595.91.07,5844,8188,0,false,true,sha256:150b59966fb5b2cb1a8fa9d226267c56ebd22c520c7b3640331cde87f3c4fb01
1791655121,NVIDIA GeForce RTX 4060,595.91.07,5844,8188,0,false,true,sha256:150b59966fb5b2cb1a8fa9d226267c56ebd22c520c7b3640331cde87f3c4fb01
1791655122,NVIDIA GeForce RTX 4060,595.91.07,5844,8188,0,false,true,sha256:150b59966fb5b2cb1a8fa9d226267c56ebd22c520c7b3640331cde87f3c4fb01
1791655123,NVIDIA GeForce RTX 4060,595.91.07,5844,8188,0,false,true,sha256:150b59966fb5b2cb1a8fa9d226267c56ebd22c520c7b3640331cde87f3c4fb01
1791655124,NVIDIA GeForce RTX 4060,595.91.07,5844,8188,0,false,true,sha256:150b59966fb5b2cb1a8fa9d226267c56ebd22c520c7b3640331cde87f3c4fb01
1791655125,NVIDIA GeForce RTX 4060,595.91.07,5844,8188,0,false,true,sha256:150b59966fb5b2cb1a8fa9d226267c56ebd22c520c7b3640331cde87f3c4fb01
1791655126,NVIDIA GeForce RTX 4060,595.91.07,5844,8188,0,false,true,sha256:150b59966fb5b2cb1a8fa9d226267c56ebd22c520c7b3640331cde87f3c4fb01
1791655127,NVIDIA GeForce RTX 4060,595.91.07,5844,8188,0,false,true,sha256:150b59966fb5b2cb1a8fa9d226267c56ebd22c520c7b3640331cde87f3c4fb01
1791655128,NVIDIA GeForce RTX 4060,595.91.07,5844,8188,0,false,true,sha256:150b59966fb5b2cb1a8fa9d226267c56ebd22c520c7b3640331cde87f3c4fb01
1791655129,NVIDIA GeForce RTX 4060,595.91.07,5844,8188,0,false,true,sha256:150b59966fb5b2cb1a8fa9d226267c56ebd22c520c7b3640331cde87f3c4fb01
1791655130,NVIDIA GeForce RTX 4060,595.91.07,5844,8188,0,false,true,sha256:150b59966fb5b2cb1a8fa9d226267c56ebd22c520c7b3640331cde87f3c4fb01
1791655131,NVIDIA GeForce RTX 4060,595.91.07,5844,8188,0,false,true,sha256:150b59966fb5b2cb1a8fa9d226267c56ebd22c520c7b3640331cde87f3c4fb01
1791655133,NVIDIA GeForce RTX 4060,595.91.07,5844,8188,0,false,true,sha256:150b59966fb5b2cb1a8fa9d226267c56ebd22c520c7b3640331cde87f3c4fb01
1791655134,NVIDIA GeForce RTX 4060,595.91.07,5844,8188,0,false,true,sha256:150b59966fb5b2cb1a8fa9d226267c56ebd22c520c7b3640331cde87f3c4fb01
1791655135,NVIDIA GeForce RTX 4060,595.91.07,5844,8188,0,false,true,sha256:150b59966fb5b2cb1a8fa9d226267c56ebd22c520c7b3640331cde87f3c4fb01
1791655136,NVIDIA GeForce RTX 4060,595.91.07,5844,8188,0,false,true,sha256:150b59966fb5b2cb1a8fa9d226267c56ebd22c520c7b3640331cde87f3c4fb01
1791655137,NVIDIA GeForce RTX 4060,595.91.07,5844,8188,0,false,true,sha256:150b59966fb5b2cb1a8fa9d226267c56ebd22c520c7b3640331cde87f3c4fb01
1791655138,NVIDIA GeForce RTX 4060,595.91.07,5844,8188,0,false,true,sha256:150b59966fb5b2cb1a8fa9d226267c56ebd22c520c7b3640331cde87f3c4fb01
1791655139,NVIDIA GeForce RTX 4060,595.91.07,5844,8188,0,false,true,sha256:150b59966fb5b2cb1a8fa9d226267c56ebd22c520c7b3640331cde87f3c4fb01
1791655140,NVIDIA GeForce RTX 4060,595.91.07,5844,8188,0,false,true,sha256:150b59966fb5b2cb1a8fa9d226267c56ebd22c520c7b3640331cde87f3c4fb01
1791655141,NVIDIA GeForce RTX 4060,595.91.07,5844,8188,0,false,true,sha256:150b59966fb5b2cb1a8fa9d226267c56ebd22c520c7b3640331cde87f3c4fb01
1791655142,NVIDIA GeForce RTX 4060,595.91.07,5844,8188,0,false,true,sha256:150b59966fb5b2cb1a8fa9d226267c56ebd22c520c7b3640331cde87f3c4fb01
1791655143,NVIDIA GeForce RTX 4060,595.91.07,5844,8188,0,false,true,sha256:150b59966fb5b2cb1a8fa9d226267c56ebd22c520c7b3640331cde87f3c4fb01
1791655145,NVIDIA GeForce RTX 4060,595.91.07,5844,8188,0,false,true,sha256:150b59966fb5b2cb1a8fa9d226267c56ebd22c520c7b3640331cde87f3c4fb01
1791655146,NVIDIA GeForce RTX 4060,595.91.07,5844,8188,0,false,true,sha256:150b59966fb5b2cb1a8fa9d226267c56ebd22c520c7b3640331cde87f3c4fb01
1791655147,NVIDIA GeForce RTX 4060,595.91.07,5844,8188,0,false,true,sha256:150b59966fb5b2cb1a8fa9d226267c56ebd22c520c7b3640331cde87f3c4fb01
1791655148,NVIDIA GeForce RTX 4060,595.91.07,5844,8188,0,false,true,sha256:150b59966fb5b2cb1a8fa9d226267c56ebd22c520c7b3640331cde87f3c4fb01
1791655149,NVIDIA GeForce RTX 4060,595.91.07,5844,8188,0,false,true,sha256:150b59966fb5b2cb1a8fa9d226267c56ebd22c520c7b3640331cde87f3c4fb01
1791655150,NVIDIA GeForce RTX 4060,595.91.07,5844,8188,0,false,true,sha256:150b59966fb5b2cb1a8fa9d226267c56ebd22c520c7b3640331cde87f3c4fb01
1791655151,NVIDIA GeForce RTX 4060,595.91.07,5844,8188,0,false,true,sha256:150b59966fb5b2cb1a8fa9d226267c56ebd22c520c7b3640331cde87f3c4fb01
1791655152,NVIDIA GeForce RTX 4060,595.91.07,5844,8188,0,false,true,sha256:150b59966fb5b2cb1a8fa9d226267c56ebd22c520c7b3640331cde87f3c4fb01
1791655153,NVIDIA GeForce RTX 4060,595.91.07,5844,8188,0,false,true,sha256:150b59966fb5b2cb1a8fa9d226267c56ebd22c520c7b3640331cde87f3c4fb01
1791655154,NVIDIA GeForce RTX 4060,595.91.07,5844,8188,0,false,true,sha256:150b59966fb5b2cb1a8fa9d226267c56ebd22c520c7b3640331cde87f3c4fb01
1791655155,NVIDIA GeForce RTX 4060,595.91.07,5844,8188,0,false,true,sha256:150b59966fb5b2cb1a8fa9d226267c56ebd22c520c7b3640331cde87f3c4fb01
1791655156,NVIDIA GeForce RTX 4060,595.91.07,5844,8188,0,false,true,sha256:150b59966fb5b2cb1a8fa9d226267c56ebd22c520c7b3640331cde87f3c4fb01
1791655158,NVIDIA GeForce RTX 4060,595.91.07,5844,8188,0,false,true,sha256:150b59966fb5b2cb1a8fa9d226267c56ebd22c520c7b3640331cde87f3c4fb01
1791655159,NVIDIA GeForce RTX 4060,595.91.07,5844,8188,0,false,true,sha256:150b59966fb5b2cb1a8fa9d226267c56ebd22c520c7b3640331cde87f3c4fb01
1791655160,NVIDIA GeForce RTX 4060,595.91.07,5844,8188,0,false,true,sha256:150b59966fb5b2cb1a8fa9d226267c56ebd22c520c7b3640331cde87f3c4fb01
1791655161,NVIDIA GeForce RTX 4060,595.91.07,5844,8188,0,false,true,sha256:150b59966fb5b2cb1a8fa9d226267c56ebd22c520c7b3640331cde87f3c4fb01
1791655162,NVIDIA GeForce RTX 4060,595.91.07,5844,8188,0,false,true,sha256:150b59966fb5b2cb1a8fa9d226267c56ebd22c520c7b3640331cde87f3c4fb01
1791655163,NVIDIA GeForce RTX 4060,595.91.07,5844,8188,0,false,true,sha256:150b59966fb5b2cb1a8fa9d226267c56ebd22c520c7b3640331cde87f3c4fb01
1791655164,NVIDIA GeForce RTX 4060,595.91.07,5844,8188,0,false,true,sha256:150b59966fb5b2cb1a8fa9d226267c56ebd22c520c7b3640331cde87f3c4fb01
1791655165,NVIDIA GeForce RTX 4060,595.91.07,5844,8188,0,false,true,sha256:150b59966fb5b2cb1a8fa9d226267c56ebd22c520c7b3640331cde87f3c4fb01
1791655166,NVIDIA GeForce RTX 4060,595.91.07,5844,8188,0,false,true,sha256:150b59966fb5b2cb1a8fa9d226267c56ebd22c520c7b3640331cde87f3c4fb01
1791655167,NVIDIA GeForce RTX 4060,595.91.07,5844,8188,0,false,true,sha256:150b59966fb5b2cb1a8fa9d226267c56ebd22c520c7b3640331cde87f3c4fb01
1791655168,NVIDIA GeForce RTX 4060,595.91.07,5844,8188,0,false,true,sha256:150b59966fb5b2cb1a8fa9d226267c56ebd22c520c7b3640331cde87f3c4fb01
1791655169,NVIDIA GeForce RTX 4060,595.91.07,5844,8188,0,false,true,sha256:150b59966fb5b2cb1a8fa9d226267c56ebd22c520c7b3640331cde87f3c4fb01
1791655171,NVIDIA GeForce RTX 4060,595.91.07,5844,8188,0,false,true,sha256:150b59966fb5b2cb1a8fa9d226267c56ebd22c520c7b3640331cde87f3c4fb01
1791655172,NVIDIA GeForce RTX 4060,595.91.07,5844,8188,0,false,true,sha256:150b59966fb5b2cb1a8fa9d226267c56ebd22c520c7b3640331cde87f3c4fb01
1791655173,NVIDIA GeForce RTX 4060,595.91.07,5844,8188,0,false,true,sha256:150b59966fb5b2cb1a8fa9d226267c56ebd22c520c7b3640331cde87f3c4fb01
1791655174,NVIDIA GeForce RTX 4060,595.91.07,5844,8188,0,false,true,sha256:150b59966fb5b2cb1a8fa9d226267c56ebd22c520c7b3640331cde87f3c4fb01
1791655175,NVIDIA GeForce RTX 4060,595.91.07,5844,8188,0,false,true,sha256:150b59966fb5b2cb1a8fa9d226267c56ebd22c520c7b3640331cde87f3c4fb01
1791655176,NVIDIA GeForce RTX 4060,595.91.07,5844,8188,0,false,true,sha256:150b59966fb5b2cb1a8fa9d226267c56ebd22c520c7b3640331cde87f3c4fb01
1791655177,NVIDIA GeForce RTX 4060,595.91.07,5844,8188,0,false,true,sha256:150b59966fb5b2cb1a8fa9d226267c56ebd22c520c7b3640331cde87f3c4fb01
1791655178,NVIDIA GeForce RTX 4060,595.91.07,5844,8188,0,false,true,sha256:150b59966fb5b2cb1a8fa9d226267c56ebd22c520c7b3640331cde87f3c4fb01
1791655179,NVIDIA GeForce RTX 4060,595.91.07,5844,8188,0,false,true,sha256:150b59966fb5b2cb1a8fa9d226267c56ebd22c520c7b3640331cde87f3c4fb01
1791655180,NVIDIA GeForce RTX 4060,595.91.07,5844,8188,0,false,true,sha256:150b59966fb5b2cb1a8fa9d226267c56ebd22c520c7b3640331cde87f3c4fb01
1791655181,NVIDIA GeForce RTX 4060,595.91.07,5844,8188,0,false,true,sha256:150b59966fb5b2cb1a8fa9d226267c56ebd22c520c7b3640331cde87f3c4fb01
1791655182,NVIDIA GeForce RTX 4060,595.91.07,5844,8188,0,false,true,sha256:150b59966fb5b2cb1a8fa9d226267c56ebd22c520c7b3640331cde87f3c4fb01
1791655183,NVIDIA GeForce RTX 4060,595.91.07,5844,8188,0,false,true,sha256:150b59966fb5b2cb1a8fa9d226267c56ebd22c520c7b3640331cde87f3c4fb01
1791655185,NVIDIA GeForce RTX 4060,595.91.07,5844,8188,0,false,true,sha256:150b59966fb5b2cb1a8fa9d226267c56ebd22c520c7b3640331cde87f3c4fb01
1791655186,NVIDIA GeForce RTX 4060,595.91.07,5844,8188,0,false,true,sha256:150b59966fb5b2cb1a8fa9d226267c56ebd22c520c7b3640331cde87f3c4fb01
1791655187,NVIDIA GeForce RTX 4060,595.91.07,5844,8188,0,false,true,sha256:150b59966fb5b2cb1a8fa9d226267c56ebd22c520c7b3640331cde87f3c4fb01
1791655188,NVIDIA GeForce RTX 4060,595.91.07,5844,8188,0,false,true,sha256:150b59966fb5b2cb1a8fa9d226267c56ebd22c520c7b3640331cde87f3c4fb01
1791655189,NVIDIA GeForce RTX 4060,595.91.07,5844,8188,0,false,true,sha256:150b59966fb5b2cb1a8fa9d226267c56ebd22c520c7b3640331cde87f3c4fb01
1791655190,NVIDIA GeForce RTX 4060,595.91.07,5844,8188,0,false,true,sha256:150b59966fb5b2cb1a8fa9d226267c56ebd22c520c7b3640331cde87f3c4fb01
1791655191,NVIDIA GeForce RTX 4060,595.91.07,5844,8188,0,false,true,sha256:150b59966fb5b2cb1a8fa9d226267c56ebd22c520c7b3640331cde87f3c4fb01
1791655192,NVIDIA GeForce RTX 4060,595.91.07,5844,8188,0,false,true,sha256:150b59966fb5b2cb1a8fa9d226267c56ebd22c520c7b3640331cde87f3c4fb01
1791655193,NVIDIA GeForce RTX 4060,595.91.07,5844,8188,0,false,true,sha256:150b59966fb5b2cb1a8fa9d226267c56ebd22c520c7b3640331cde87f3c4fb01
1791655194,NVIDIA GeForce RTX 4060,595.91.07,5844,8188,0,false,true,sha256:150b59966fb5b2cb1a8fa9d226267c56ebd22c520c7b3640331cde87f3c4fb01
1791655195,NVIDIA GeForce RTX 4060,595.91.07,5844,8188,0,false,true,sha256:150b59966fb5b2cb1a8fa9d226267c56ebd22c520c7b3640331cde87f3c4fb01
1791655196,NVIDIA GeForce RTX 4060,595.91.07,5844,8188,0,false,true,sha256:150b59966fb5b2cb1a8fa9d226267c56ebd22c520c7b3640331cde87f3c4fb01
1791655198,NVIDIA GeForce RTX 4060,595.91.07,5844,8188,0,false,true,sha256:150b59966fb5b2cb1a8fa9d226267c56ebd22c520c7b3640331cde87f3c4fb01
1791655199,NVIDIA GeForce RTX 4060,595.91.07,5844,8188,0,false,true,sha256:150b59966fb5b2cb1a8fa9d226267c56ebd22c520c7b3640331cde87f3c4fb01
1791655200,NVIDIA GeForce RTX 4060,595.91.07,5844,8188,0,false,true,sha256:150b59966fb5b2cb1a8fa9d226267c56ebd22c520c7b3640331cde87f3c4fb01
1791655201,NVIDIA GeForce RTX 4060,595.91.07,5844,8188,0,false,true,sha256:150b59966fb5b2cb1a8fa9d226267c56ebd22c520c7b3640331cde87f3c4fb01
1791655202,NVIDIA GeForce RTX 4060,595.91.07,5844,8188,0,false,true,sha256:150b59966fb5b2cb1a8fa9d226267c56ebd22c520c7b3640331cde87f3c4fb01
1791655203,NVIDIA GeForce RTX 4060,595.91.07,5844,8188,0,false,true,sha256:150b59966fb5b2cb1a8fa9d226267c56ebd22c520c7b3640331cde87f3c4fb01
1791655204,NVIDIA GeForce RTX 4060,595.91.07,5844,8188,0,false,true,sha256:150b59966fb5b2cb1a8fa9d226267c56ebd22c520c7b3640331cde87f3c4fb01
1791655205,NVIDIA GeForce RTX 4060,595.91.07,5844,8188,0,false,true,sha256:150b59966fb5b2cb1a8fa9d226267c56ebd22c520c7b3640331cde87f3c4fb01
1791655206,NVIDIA GeForce RTX 4060,595.91.07,5844,8188,0,false,true,sha256:150b59966fb5b2cb1a8fa9d226267c56ebd22c520c7b3640331cde87f3c4fb01
1791655207,NVIDIA GeForce RTX 4060,595.91.07,5844,8188,0,false,true,sha256:150b59966fb5b2cb1a8fa9d226267c56ebd22c520c7b3640331cde87f3c4fb01
1791655208,NVIDIA GeForce RTX 4060,595.91.07,5844,8188,0,false,true,sha256:150b59966fb5b2cb1a8fa9d226267c56ebd22c520c7b3640331cde87f3c4fb01
1791655209,NVIDIA GeForce RTX 4060,595.91.07,5844,8188,0,false,true,sha256:150b59966fb5b2cb1a8fa9d226267c56ebd22c520c7b3640331cde87f3c4fb01
1791655211,NVIDIA GeForce RTX 4060,595.91.07,5844,8188,0,false,true,sha256:150b59966fb5b2cb1a8fa9d226267c56ebd22c520c7b3640331cde87f3c4fb01
1791655212,NVIDIA GeForce RTX 4060,595.91.07,5844,8188,0,false,true,sha256:150b59966fb5b2cb1a8fa9d226267c56ebd22c520c7b3640331cde87f3c4fb01
1791655213,NVIDIA GeForce RTX 4060,595.91.07,5844,8188,0,false,true,sha256:150b59966fb5b2cb1a8fa9d226267c56ebd22c520c7b3640331cde87f3c4fb01
1791655214,NVIDIA GeForce RTX 4060,595.91.07,5844,8188,0,false,true,sha256:150b59966fb5b2cb1a8fa9d226267c56ebd22c520c7b3640331cde87f3c4fb01
1791655215,NVIDIA GeForce RTX 4060,595.91.07,5844,8188,0,false,true,sha256:150b59966fb5b2cb1a8fa9d226267c56ebd22c520c7b3640331cde87f3c4fb01
1791655216,NVIDIA GeForce RTX 4060,595.91.07,5844,8188,0,false,true,sha256:150b59966fb5b2cb1a8fa9d226267c56ebd22c520c7b3640331cde87f3c4fb01
1791655217,NVIDIA GeForce RTX 4060,595.91.07,5844,8188,0,false,true,sha256:150b59966fb5b2cb1a8fa9d226267c56ebd22c520c7b3640331cde87f3c4fb01
1791655218,NVIDIA GeForce RTX 4060,595.91.07,5844,8188,0,false,true,sha256:150b59966fb5b2cb1a8fa9d226267c56ebd22c520c7b3640331cde87f3c4fb01
1791655219,NVIDIA GeForce RTX 4060,595.91.07,5844,8188,0,false,true,sha256:150b59966fb5b2cb1a8fa9d226267c56ebd22c520c7b3640331cde87f3c4fb01
1791655220,NVIDIA GeForce RTX 4060,595.91.07,5844,8188,0,false,true,sha256:150b59966fb5b2cb1a8fa9d226267c56ebd22c520c7b3640331cde87f3c4fb01
1791655221,NVIDIA GeForce RTX 4060,595.91.07,5844,8188,0,false,true,sha256:150b59966fb5b2cb1a8fa9d226267c56ebd22c520c7b3640331cde87f3c4fb01
1791655222,NVIDIA GeForce RTX 4060,595.91.07,5844,8188,0,false,true,sha256:150b59966fb5b2cb1a8fa9d226267c56ebd22c520c7b3640331cde87f3c4fb01
1791655224,NVIDIA GeForce RTX 4060,595.91.07,5844,8188,0,false,true,sha256:150b59966fb5b2cb1a8fa9d226267c56ebd22c520c7b3640331cde87f3c4fb01
1791655225,NVIDIA GeForce RTX 4060,595.91.07,5844,8188,0,false,true,sha256:150b59966fb5b2cb1a8fa9d226267c56ebd22c520c7b3640331cde87f3c4fb01
1791655226,NVIDIA GeForce RTX 4060,595.91.07,5844,8188,0,false,true,sha256:150b59966fb5b2cb1a8fa9d226267c56ebd22c520c7b3640331cde87f3c4fb01
1791655227,NVIDIA GeForce RTX 4060,595.91.07,5844,8188,0,false,true,sha256:150b59966fb5b2cb1a8fa9d226267c56ebd22c520c7b3640331cde87f3c4fb01
1791655228,NVIDIA GeForce RTX 4060,595.91.07,5844,8188,0,false,true,sha256:150b59966fb5b2cb1a8fa9d226267c56ebd22c520c7b3640331cde87f3c4fb01
1791655229,NVIDIA GeForce RTX 4060,595.91.07,5844,8188,0,false,true,sha256:150b59966fb5b2cb1a8fa9d226267c56ebd22c520c7b3640331cde87f3c4fb01
1791655230,NVIDIA GeForce RTX 4060,595.91.07,5844,8188,0,false,true,sha256:150b59966fb5b2cb1a8fa9d226267c56ebd22c520c7b3640331cde87f3c4fb01
1791655231,NVIDIA GeForce RTX 4060,595.91.07,5844,8188,0,false,true,sha256:150b59966fb5b2cb1a8fa9d226267c56ebd22c520c7b3640331cde87f3c4fb01
1791655232,NVIDIA GeForce RTX 4060,595.91.07,5844,8188,0,false,true,sha256:150b59966fb5b2cb1a8fa9d226267c56ebd22c520c7b3640331cde87f3c4fb01
1791655233,NVIDIA GeForce RTX 4060,595.91.07,5844,8188,0,false,true,sha256:150b59966fb5b2cb1a8fa9d226267c56ebd22c520c7b3640331cde87f3c4fb01
1791655234,NVIDIA GeForce RTX 4060,595.91.07,5844,8188,0,false,true,sha256:150b59966fb5b2cb1a8fa9d226267c56ebd22c520c7b3640331cde87f3c4fb01
1791655235,NVIDIA GeForce RTX 4060,595.91.07,5844,8188,0,false,true,sha256:150b59966fb5b2cb1a8fa9d226267c56ebd22c520c7b3640331cde87f3c4fb01
1791655237,NVIDIA GeForce RTX 4060,595.91.07,5844,8188,0,false,true,sha256:150b59966fb5b2cb1a8fa9d226267c56ebd22c520c7b3640331cde87f3c4fb01
1791655238,NVIDIA GeForce RTX 4060,595.91.07,5844,8188,0,false,true,sha256:150b59966fb5b2cb1a8fa9d226267c56ebd22c520c7b3640331cde87f3c4fb01
1791655239,NVIDIA GeForce RTX 4060,595.91.07,5844,8188,0,false,true,sha256:150b59966fb5b2cb1a8fa9d226267c56ebd22c520c7b3640331cde87f3c4fb01
1791655240,NVIDIA GeForce RTX 4060,595.91.07,5844,8188,0,false,true,sha256:150b59966fb5b2cb1a8fa9d226267c56ebd22c520c7b3640331cde87f3c4fb01
1791655241,NVIDIA GeForce RTX 4060,595.91.07,5844,8188,0,false,true,sha256:150b59966fb5b2cb1a8fa9d226267c56ebd22c520c7b3640331cde87f3c4fb01
1791655242,NVIDIA GeForce RTX 4060,595.91.07,5844,8188,0,false,true,sha256:150b59966fb5b2cb1a8fa9d226267c56ebd22c520c7b3640331cde87f3c4fb01
1791655243,NVIDIA GeForce RTX 4060,595.91.07,5844,8188,0,false,true,sha256:150b59966fb5b2cb1a8fa9d226267c56ebd22c520c7b3640331cde87f3c4fb01
1791655244,NVIDIA GeForce RTX 4060,595.91.07,5844,8188,0,false,true,sha256:150b59966fb5b2cb1a8fa9d226267c56ebd22c520c7b3640331cde87f3c4fb01
1791655245,NVIDIA GeForce RTX 4060,595.91.07,5844,8188,0,false,true,sha256:150b59966fb5b2cb1a8fa9d226267c56ebd22c520c7b3640331cde87f3c4fb01
1791655246,NVIDIA GeForce RTX 4060,595.91.07,5844,8188,0,false,true,sha256:150b59966fb5b2cb1a8fa9d226267c56ebd22c520c7b3640331cde87f3c4fb01
1791655247,NVIDIA GeForce RTX 4060,595.91.07,5844,8188,0,false,true,sha256:150b59966fb5b2cb1a8fa9d226267c56ebd22c520c7b3640331cde87f3c4fb01
1791655248,NVIDIA GeForce RTX 4060,595.91.07,5844,8188,0,false,true,sha256:150b59966fb5b2cb1a8fa9d226267c56ebd22c520c7b3640331cde87f3c4fb01
1791655250,NVIDIA GeForce RTX 4060,595.91.07,5844,8188,0,false,true,sha256:150b59966fb5b2cb1a8fa9d226267c56ebd22c520c7b3640331cde87f3c4fb01
1791655251,NVIDIA GeForce RTX 4060,595.91.07,5844,8188,0,false,true,sha256:150b59966fb5b2cb1a8fa9d226267c56ebd22c520c7b3640331cde87f3c4fb01
1791655252,NVIDIA GeForce RTX 4060,595.91.07,5844,8188,0,false,true,sha256:150b59966fb5b2cb1a8fa9d226267c56ebd22c520c7b3640331cde87f3c4fb01
1791655253,NVIDIA GeForce RTX 4060,595.91.07,5844,8188,0,false,true,sha256:150b59966fb5b2cb1a8fa9d226267c56ebd22c520c7b3640331cde87f3c4fb01
1791655254,NVIDIA GeForce RTX 4060,595.91.07,5844,8188,0,false,true,sha256:150b59966fb5b2cb1a8fa9d226267c56ebd22c520c7b3640331cde87f3c4fb01
1791655255,NVIDIA GeForce RTX 4060,595.91.07,5844,8188,0,false,true,sha256:150b59966fb5b2cb1a8fa9d226267c56ebd22c520c7b3640331cde87f3c4fb01
1791655256,NVIDIA GeForce RTX 4060,595.91.07,5844,8188,0,false,true,sha256:150b59966fb5b2cb1a8fa9d226267c56ebd22c520c7b3640331cde87f3c4fb01
1791655257,NVIDIA GeForce RTX 4060,595.91.07,5844,8188,0,false,true,sha256:150b59966fb5b2cb1a8fa9d226267c56ebd22c520c7b3640331cde87f3c4fb01
1791655258,NVIDIA GeForce RTX 4060,595.91.07,5844,8188,0,false,true,sha256:150b59966fb5b2cb1a8fa9d226267c56ebd22c520c7b3640331cde87f3c4fb01
1791655259,NVIDIA GeForce RTX 4060,595.91.07,5844,8188,0,false,true,sha256:150b59966fb5b2cb1a8fa9d226267c56ebd22c520c7b3640331cde87f3c4fb01
1791655260,NVIDIA GeForce RTX 4060,595.91.07,5844,8188,0,false,true,sha256:150b59966fb5b2cb1a8fa9d226267c56ebd22c520c7b3640331cde87f3c4fb01
1791655261,NVIDIA GeForce RTX 4060,595.91.07,5844,8188,0,false,true,sha256:150b59966fb5b2cb1a8fa9d226267c56ebd22c520c7b3640331cde87f3c4fb01
1791655263,NVIDIA GeForce RTX 4060,595.91.07,5844,8188,0,false,true,sha256:150b59966fb5b2cb1a8fa9d226267c56ebd22c520c7b3640331cde87f3c4fb01
1791655264,NVIDIA GeForce RTX 4060,595.91.07,5844,8188,0,false,true,sha256:150b59966fb5b2cb1a8fa9d226267c56ebd22c520c7b3640331cde87f3c4fb01
1791655265,NVIDIA GeForce RTX 4060,595.91.07,5844,8188,0,false,true,sha256:150b59966fb5b2cb1a8fa9d226267c56ebd22c520c7b3640331cde87f3c4fb01
1791655266,NVIDIA GeForce RTX 4060,595.91.07,5844,8188,0,false,true,sha256:150b59966fb5b2cb1a8fa9d226267c56ebd22c520c7b3640331cde87f3c4fb01
1791655267,NVIDIA GeForce RTX 4060,595.91.07,5844,8188,0,false,true,sha256:150b59966fb5b2cb1a8fa9d226267c56ebd22c520c7b3640331cde87f3c4fb01
1791655268,NVIDIA GeForce RTX 4060,595.91.07,5844,8188,0,false,true,sha256:150b59966fb5b2cb1a8fa9d226267c56ebd22c520c7b3640331cde87f3c4fb01
1791655269,NVIDIA GeForce RTX 4060,595.91.07,5844,8188,0,false,true,sha256:150b59966fb5b2cb1a8fa9d226267c56ebd22c520c7b3640331cde87f3c4fb01
1791655270,NVIDIA GeForce RTX 4060,595.91.07,5844,8188,0,false,true,sha256:150b59966fb5b2cb1a8fa9d226267c56ebd22c520c7b3640331cde87f3c4fb01
1791655271,NVIDIA GeForce RTX 4060,595.91.07,5844,8188,0,false,true,sha256:150b59966fb5b2cb1a8fa9d226267c56ebd22c520c7b3640331cde87f3c4fb01
1791655272,NVIDIA GeForce RTX 4060,595.91.07,5844,8188,0,false,true,sha256:150b59966fb5b2cb1a8fa9d226267c56ebd22c520c7b3640331cde87f3c4fb01
1791655273,NVIDIA GeForce RTX 4060,595.91.07,5844,8188,0,false,true,sha256:150b59966fb5b2cb1a8fa9d226267c56ebd22c520c7b3640331cde87f3c4fb01
1791655274,NVIDIA GeForce RTX 4060,595.91.07,5844,8188,0,false,true,sha256:150b59966fb5b2cb1a8fa9d226267c56ebd22c520c7b3640331cde87f3c4fb01
1791655275,NVIDIA GeForce RTX 4060,595.91.07,5844,8188,0,false,true,sha256:150b59966fb5b2cb1a8fa9d226267c56ebd22c520c7b3640331cde87f3c4fb01
1791655277,NVIDIA GeForce RTX 4060,595.91.07,5844,8188,0,false,true,sha256:150b59966fb5b2cb1a8fa9d226267c56ebd22c520c7b3640331cde87f3c4fb01
1791655278,NVIDIA GeForce RTX 4060,595.91.07,5844,8188,0,false,true,sha256:150b59966fb5b2cb1a8fa9d226267c56ebd22c520c7b3640331cde87f3c4fb01
1791655279,NVIDIA GeForce RTX 4060,595.91.07,5844,8188,0,false,true,sha256:150b59966fb5b2cb1a8fa9d226267c56ebd22c520c7b3640331cde87f3c4fb01
1791655280,NVIDIA GeForce RTX 4060,595.91.07,5844,8188,0,false,true,sha256:150b59966fb5b2cb1a8fa9d226267c56ebd22c520c7b3640331cde87f3c4fb01
1791655281,NVIDIA GeForce RTX 4060,595.91.07,5844,8188,0,false,true,sha256:150b59966fb5b2cb1a8fa9d226267c56ebd22c520c7b3640331cde87f3c4fb01
1791655282,NVIDIA GeForce RTX 4060,595.91.07,5844,8188,0,false,true,sha256:150b59966fb5b2cb1a8fa9d226267c56ebd22c520c7b3640331cde87f3c4fb01
1791655283,NVIDIA GeForce RTX 4060,595.91.07,5844,8188,0,false,true,sha256:150b59966fb5b2cb1a8fa9d226267c56ebd22c520c7b3640331cde87f3c4fb01
1791655284,NVIDIA GeForce RTX 4060,595.91.07,5844,8188,0,false,true,sha256:150b59966fb5b2cb1a8fa9d226267c56ebd22c520c7b3640331cde87f3c4fb01
1791655285,NVIDIA GeForce RTX 4060,595.91.07,5844,8188,0,false,true,sha256:150b59966fb5b2cb1a8fa9d226267c56ebd22c520c7b3640331cde87f3c4fb01
1791655286,NVIDIA GeForce RTX 4060,595.91.07,5844,8188,0,false,true,sha256:150b59966fb5b2cb1a8fa9d226267c56ebd22c520c7b3640331cde87f3c4fb01
1791655287,NVIDIA GeForce RTX 4060,595.91.07,5844,8188,0,false,true,sha256:150b59966fb5b2cb1a8fa9d226267c56ebd22c520c7b3640331cde87f3c4fb01
1791655288,NVIDIA GeForce RTX 4060,595.91.07,5844,8188,0,false,true,sha256:150b59966fb5b2cb1a8fa9d226267c56ebd22c520c7b3640331cde87f3c4fb01
1791655290,NVIDIA GeForce RTX 4060,595.91.07,5844,8188,0,false,true,sha256:150b59966fb5b2cb1a8fa9d226267c56ebd22c520c7b3640331cde87f3c4fb01
1791655291,NVIDIA GeForce RTX 4060,595.91.07,5844,8188,0,false,true,sha256:150b59966fb5b2cb1a8fa9d226267c56ebd22c520c7b3640331cde87f3c4fb01
1791655292,NVIDIA GeForce RTX 4060,595.91.07,5844,8188,0,false,true,sha256:150b59966fb5b2cb1a8fa9d226267c56ebd22c520c7b3640331cde87f3c4fb01
1791655293,NVIDIA GeForce RTX 4060,595.91.07,5844,8188,0,false,true,sha256:150b59966fb5b2cb1a8fa9d226267c56ebd22c520c7b3640331cde87f3c4fb01
1791655294,NVIDIA GeForce RTX 4060,595.91.07,5844,8188,0,false,true,sha256:150b59966fb5b2cb1a8fa9d226267c56ebd22c520c7b3640331cde87f3c4fb01
1791655295,NVIDIA GeForce RTX 4060,595.91.07,5844,8188,0,false,true,sha256:150b59966fb5b2cb1a8fa9d226267c56ebd22c520c7b3640331cde87f3c4fb01
1791655296,NVIDIA GeForce RTX 4060,595.91.07,5844,8188,0,false,true,sha256:150b59966fb5b2cb1a8fa9d226267c56ebd22c520c7b3640331cde87f3c4fb01
1791655297,NVIDIA GeForce RTX 4060,595.91.07,5844,8188,0,false,true,sha256:150b59966fb5b2cb1a8fa9d226267c56ebd22c520c7b3640331cde87f3c4fb01
1791655298,NVIDIA GeForce RTX 4060,595.91.07,5844,8188,0,false,true,sha256:150b59966fb5b2cb1a8fa9d226267c56ebd22c520c7b3640331cde87f3c4fb01
1791655299,NVIDIA GeForce RTX 4060,595.91.07,5844,8188,0,false,true,sha256:150b59966fb5b2cb1a8fa9d226267c56ebd22c520c7b3640331cde87f3c4fb01
1791655300,NVIDIA GeForce RTX 4060,595.91.07,5844,8188,0,false,true,sha256:150b59966fb5b2cb1a8fa9d226267c56ebd22c520c7b3640331cde87f3c4fb01
1791655301,NVIDIA GeForce RTX 4060,595.91.07,5844,8188,0,false,true,sha256:150b59966fb5b2cb1a8fa9d226267c56ebd22c520c7b3640331cde87f3c4fb01
1791655302,NVIDIA GeForce RTX 4060,595.91.07,5844,8188,0,false,true,sha256:150b59966fb5b2cb1a8fa9d226267c56ebd22c520c7b3640331cde87f3c4fb01
1791655304,NVIDIA GeForce RTX 4060,595.91.07,5844,8188,0,false,true,sha256:150b59966fb5b2cb1a8fa9d226267c56ebd22c520c7b3640331cde87f3c4fb01
1791655305,NVIDIA GeForce RTX 4060,595.91.07,5844,8188,0,false,true,sha256:150b59966fb5b2cb1a8fa9d226267c56ebd22c520c7b3640331cde87f3c4fb01
1791655306,NVIDIA GeForce RTX 4060,595.91.07,5844,8188,0,false,true,sha256:150b59966fb5b2cb1a8fa9d226267c56ebd22c520c7b3640331cde87f3c4fb01
1791655307,NVIDIA GeForce RTX 4060,595.91.07,5844,8188,0,false,true,sha256:150b59966fb5b2cb1a8fa9d226267c56ebd22c520c7b3640331cde87f3c4fb01
1791655308,NVIDIA GeForce RTX 4060,595.91.07,5844,8188,0,false,true,sha256:150b59966fb5b2cb1a8fa9d226267c56ebd22c520c7b3640331cde87f3c4fb01
1791655309,NVIDIA GeForce RTX 4060,595.91.07,5844,8188,0,false,true,sha256:150b59966fb5b2cb1a8fa9d226267c56ebd22c520c7b3640331cde87f3c4fb01
1791655310,NVIDIA GeForce RTX 4060,595.91.07,5844,8188,0,false,true,sha256:150b59966fb5b2cb1a8fa9d226267c56ebd22c520c7b3640331cde87f3c4fb01
1791655311,NVIDIA GeForce RTX 4060,595.91.07,5844,8188,0,false,true,sha256:150b59966fb5b2cb1a8fa9d226267c56ebd22c520c7b3640331cde87f3c4fb01
1791655312,NVIDIA GeForce RTX 4060,595.91.07,5844,8188,0,false,true,sha256:150b59966fb5b2cb1a8fa9d226267c56ebd22c520c7b3640331cde87f3c4fb01
1791655313,NVIDIA GeForce RTX 4060,595.91.07,5844,8188,0,false,true,sha256:150b59966fb5b2cb1a8fa9d226267c56ebd22c520c7b3640331cde87f3c4fb01
1791655314,NVIDIA GeForce RTX 4060,595.91.07,5844,8188,0,false,true,sha256:150b59966fb5b2cb1a8fa9d226267c56ebd22c520c7b3640331cde87f3c4fb01
1791655315,NVIDIA GeForce RTX 4060,595.91.07,5844,8188,0,false,true,sha256:150b59966fb5b2cb1a8fa9d226267c56ebd22c520c7b3640331cde87f3c4fb01
1791655317,NVIDIA GeForce RTX 4060,595.91.07,5844,8188,0,false,true,sha256:150b59966fb5b2cb1a8fa9d226267c56ebd22c520c7b3640331cde87f3c4fb01
1791655318,NVIDIA GeForce RTX 4060,595.91.07,5844,8188,0,false,true,sha256:150b59966fb5b2cb1a8fa9d226267c56ebd22c520c7b3640331cde87f3c4fb01
1791655319,NVIDIA GeForce RTX 4060,595.91.07,5844,8188,0,false,true,sha256:150b59966fb5b2cb1a8fa9d226267c56ebd22c520c7b3640331cde87f3c4fb01
1791655320,NVIDIA GeForce RTX 4060,595.91.07,5844,8188,0,false,true,sha256:150b59966fb5b2cb1a8fa9d226267c56ebd22c520c7b3640331cde87f3c4fb01
1791655321,NVIDIA GeForce RTX 4060,595.91.07,5844,8188,0,false,true,sha256:150b59966fb5b2cb1a8fa9d226267c56ebd22c520c7b3640331cde87f3c4fb01
1791655322,NVIDIA GeForce RTX 4060,595.91.07,5844,8188,0,false,true,sha256:150b59966fb5b2cb1a8fa9d226267c56ebd22c520c7b3640331cde87f3c4fb01
1791655323,NVIDIA GeForce RTX 4060,595.91.07,5844,8188,0,false,true,sha256:150b59966fb5b2cb1a8fa9d226267c56ebd22c520c7b3640331cde87f3c4fb01
1791655324,NVIDIA GeForce RTX 4060,595.91.07,5844,8188,0,false,true,sha256:150b59966fb5b2cb1a8fa9d226267c56ebd22c520c7b3640331cde87f3c4fb01
1791655325,NVIDIA GeForce RTX 4060,595.91.07,5844,8188,0,false,true,sha256:150b59966fb5b2cb1a8fa9d226267c56ebd22c520c7b3640331cde87f3c4fb01
1791655326,NVIDIA GeForce RTX 4060,595.91.07,5844,8188,0,false,true,sha256:150b59966fb5b2cb1a8fa9d226267c56ebd22c520c7b3640331cde87f3c4fb01
1791655327,NVIDIA GeForce RTX 4060,595.91.07,5844,8188,0,false,true,sha256:150b59966fb5b2cb1a8fa9d226267c56ebd22c520c7b3640331cde87f3c4fb01
1791655328,NVIDIA GeForce RTX 4060,595.91.07,5844,8188,0,false,true,sha256:150b59966fb5b2cb1a8fa9d226267c56ebd22c520c7b3640331cde87f3c4fb01
1791655330,NVIDIA GeForce RTX 4060,595.91.07,5844,8188,0,false,true,sha256:150b59966fb5b2cb1a8fa9d226267c56ebd22c520c7b3640331cde87f3c4fb01
1791655331,NVIDIA GeForce RTX 4060,595.91.07,5844,8188,0,false,true,sha256:150b59966fb5b2cb1a8fa9d226267c56ebd22c520c7b3640331cde87f3c4fb01
1791655332,NVIDIA GeForce RTX 4060,595.91.07,5844,8188,0,false,true,sha256:150b59966fb5b2cb1a8fa9d226267c56ebd22c520c7b3640331cde87f3c4fb01
1791655333,NVIDIA GeForce RTX 4060,595.91.07,5844,8188,0,false,true,sha256:150b59966fb5b2cb1a8fa9d226267c56ebd22c520c7b3640331cde87f3c4fb01
1791655334,NVIDIA GeForce RTX 4060,595.91.07,5844,8188,0,false,true,sha256:150b59966fb5b2cb1a8fa9d226267c56ebd22c520c7b3640331cde87f3c4fb01
1791655335,NVIDIA GeForce RTX 4060,595.91.07,5844,8188,0,false,true,sha256:150b59966fb5b2cb1a8fa9d226267c56ebd22c520c7b3640331cde87f3c4fb01
1791655336,NVIDIA GeForce RTX 4060,595.91.07,5844,8188,0,false,true,sha256:150b59966fb5b2cb1a8fa9d226267c56ebd22c520c7b3640331cde87f3c4fb01
1791655337,NVIDIA GeForce RTX 4060,595.91.07,5844,8188,0,false,true,sha256:150b59966fb5b2cb1a8fa9d226267c56ebd22c520c7b3640331cde87f3c4fb01
1791655338,NVIDIA GeForce RTX 4060,595.91.07,5844,8188,0,false,true,sha256:150b59966fb5b2cb1a8fa9d226267c56ebd22c520c7b3640331cde87f3c4fb01
1791655339,NVIDIA GeForce RTX 4060,595.91.07,5844,8188,0,false,true,sha256:150b59966fb5b2cb1a8fa9d226267c56ebd22c520c7b3640331cde87f3c4fb01
1791655340,NVIDIA GeForce RTX 4060,595.91.07,5844,8188,0,false,true,sha256:150b59966fb5b2cb1a8fa9d226267c56ebd22c520c7b3640331cde87f3c4fb01
1791655341,NVIDIA GeForce RTX 4060,595.91.07,5844,8188,0,false,true,sha256:150b59966fb5b2cb1a8fa9d226267c56ebd22c520c7b3640331cde87f3c4fb01
1791655343,NVIDIA GeForce RTX 4060,595.91.07,5844,8188,0,false,true,sha256:150b59966fb5b2cb1a8fa9d226267c56ebd22c520c7b3640331cde87f3c4fb01
1791655344,NVIDIA GeForce RTX 4060,595.91.07,5844,8188,0,false,true,sha256:150b59966fb5b2cb1a8fa9d226267c56ebd22c520c7b3640331cde87f3c4fb01
1791655345,NVIDIA GeForce RTX 4060,595.91.07,5844,8188,0,false,true,sha256:150b59966fb5b2cb1a8fa9d226267c56ebd22c520c7b3640331cde87f3c4fb01
1791655346,NVIDIA GeForce RTX 4060,595.91.07,5844,8188,0,false,true,sha256:150b59966fb5b2cb1a8fa9d226267c56ebd22c520c7b3640331cde87f3c4fb01
1791655347,NVIDIA GeForce RTX 4060,595.91.07,5844,8188,0,false,true,sha256:150b59966fb5b2cb1a8fa9d226267c56ebd22c520c7b3640331cde87f3c4fb01
1791655348,NVIDIA GeForce RTX 4060,595.91.07,5844,8188,0,false,true,sha256:150b59966fb5b2cb1a8fa9d226267c56ebd22c520c7b3640331cde87f3c4fb01
1791655349,NVIDIA GeForce RTX 4060,595.91.07,5844,8188,0,false,true,sha256:150b59966fb5b2cb1a8fa9d226267c56ebd22c520c7b3640331cde87f3c4fb01
1791655350,NVIDIA GeForce RTX 4060,595.91.07,5844,8188,0,false,true,sha256:150b59966fb5b2cb1a8fa9d226267c56ebd22c520c7b3640331cde87f3c4fb01
1791655351,NVIDIA GeForce RTX 4060,595.91.07,5844,8188,0,false,true,sha256:150b59966fb5b2cb1a8fa9d226267c56ebd22c520c7b3640331cde87f3c4fb01
1791655352,NVIDIA GeForce RTX 4060,595.91.07,5844,8188,0,false,true,sha256:150b59966fb5b2cb1a8fa9d226267c56ebd22c520c7b3640331cde87f3c4fb01
1791655353,NVIDIA GeForce RTX 4060,595.91.07,5844,8188,0,false,true,sha256:150b59966fb5b2cb1a8fa9d226267c56ebd22c520c7b3640331cde87f3c4fb01
1791655354,NVIDIA GeForce RTX 4060,595.91.07,5844,8188,0,false,true,sha256:150b59966fb5b2cb1a8fa9d226267c56ebd22c520c7b3640331cde87f3c4fb01
1791655356,NVIDIA GeForce RTX 4060,595.91.07,5844,8188,0,false,true,sha256:150b59966fb5b2cb1a8fa9d226267c56ebd22c520c7b3640331cde87f3c4fb01
1791655357,NVIDIA GeForce RTX 4060,595.91.07,5844,8188,0,false,true,sha256:150b59966fb5b2cb1a8fa9d226267c56ebd22c520c7b3640331cde87f3c4fb01
1791655358,NVIDIA GeForce RTX 4060,595.91.07,5844,8188,0,false,true,sha256:150b59966fb5b2cb1a8fa9d226267c56ebd22c520c7b3640331cde87f3c4fb01
1791655359,NVIDIA GeForce RTX 4060,595.91.07,5844,8188,0,false,true,sha256:150b59966fb5b2cb1a8fa9d226267c56ebd22c520c7b3640331cde87f3c4fb01
1791655360,NVIDIA GeForce RTX 4060,595.91.07,5844,8188,0,false,true,sha256:150b59966fb5b2cb1a8fa9d226267c56ebd22c520c7b3640331cde87f3c4fb01
1791655361,NVIDIA GeForce RTX 4060,595.91.07,5844,8188,0,false,true,sha256:150b59966fb5b2cb1a8fa9d226267c56ebd22c520c7b3640331cde87f3c4fb01
1791655362,NVIDIA GeForce RTX 4060,595.91.07,5844,8188,0,false,true,sha256:150b59966fb5b2cb1a8fa9d226267c56ebd22c520c7b3640331cde87f3c4fb01
1791655363,NVIDIA GeForce RTX 4060,595.91.07,5844,8188,0,false,true,sha256:150b59966fb5b2cb1a8fa9d226267c56ebd22c520c7b3640331cde87f3c4fb01
1791655364,NVIDIA GeForce RTX 4060,595.91.07,5844,8188,0,false,true,sha256:150b59966fb5b2cb1a8fa9d226267c56ebd22c520c7b3640331cde87f3c4fb01
1791655365,NVIDIA GeForce RTX 4060,595.91.07,5844,8188,0,false,true,sha256:150b59966fb5b2cb1a8fa9d226267c56ebd22c520c7b3640331cde87f3c4fb01
1791655366,NVIDIA GeForce RTX 4060,595.91.07,5844,8188,0,false,true,sha256:150b59966fb5b2cb1a8fa9d226267c56ebd22c520c7b3640331cde87f3c4fb01
1791655367,NVIDIA GeForce RTX 4060,595.91.07,5844,8188,0,false,true,sha256:150b59966fb5b2cb1a8fa9d226267c56ebd22c520c7b3640331cde87f3c4fb01
1791655369,NVIDIA GeForce RTX 4060,595.91.07,5844,8188,0,false,true,sha256:150b59966fb5b2cb1a8fa9d226267c56ebd22c520c7b3640331cde87f3c4fb01
1791655370,NVIDIA GeForce RTX 4060,595.91.07,5844,8188,0,false,true,sha256:150b59966fb5b2cb1a8fa9d226267c56ebd22c520c7b3640331cde87f3c4fb01
1791655371,NVIDIA GeForce RTX 4060,595.91.07,5844,8188,0,false,true,sha256:150b59966fb5b2cb1a8fa9d226267c56ebd22c520c7b3640331cde87f3c4fb01
1791655372,NVIDIA GeForce RTX 4060,595.91.07,5844,8188,0,false,true,sha256:150b59966fb5b2cb1a8fa9d226267c56ebd22c520c7b3640331cde87f3c4fb01
1791655373,NVIDIA GeForce RTX 4060,595.91.07,5844,8188,0,false,true,sha256:150b59966fb5b2cb1a8fa9d226267c56ebd22c520c7b3640331cde87f3c4fb01
1791655374,NVIDIA GeForce RTX 4060,595.91.07,5844,8188,0,false,true,sha256:150b59966fb5b2cb1a8fa9d226267c56ebd22c520c7b3640331cde87f3c4fb01
1791655375,NVIDIA GeForce RTX 4060,595.91.07,5844,8188,0,false,true,sha256:150b59966fb5b2cb1a8fa9d226267c56ebd22c520c7b3640331cde87f3c4fb01
1791655376,NVIDIA GeForce RTX 4060,595.91.07,5844,8188,0,false,true,sha256:150b59966fb5b2cb1a8fa9d226267c56ebd22c520c7b3640331cde87f3c4fb01
1791655377,NVIDIA GeForce RTX 4060,595.91.07,5844,8188,0,false,true,sha256:150b59966fb5b2cb1a8fa9d226267c56ebd22c520c7b3640331cde87f3c4fb01
1791655378,NVIDIA GeForce RTX 4060,595.91.07,5844,8188,0,false,true,sha256:150b59966fb5b2cb1a8fa9d226267c56ebd22c520c7b3640331cde87f3c4fb01
1791655379,NVIDIA GeForce RTX 4060,595.91.07,5844,8188,0,false,true,sha256:150b59966fb5b2cb1a8fa9d226267c56ebd22c520c7b3640331cde87f3c4fb01
1791655380,NVIDIA GeForce RTX 4060,595.91.07,5844,8188,0,false,true,sha256:150b59966fb5b2cb1a8fa9d226267c56ebd22c520c7b3640331cde87f3c4fb01
1791655382,NVIDIA GeForce RTX 4060,595.91.07,5844,8188,0,false,true,sha256:150b59966fb5b2cb1a8fa9d226267c56ebd22c520c7b3640331cde87f3c4fb01
1791655383,NVIDIA GeForce RTX 4060,595.91.07,5844,8188,0,false,true,sha256:150b59966fb5b2cb1a8fa9d226267c56ebd22c520c7b3640331cde87f3c4fb01
1791655384,NVIDIA GeForce RTX 4060,595.91.07,5844,8188,0,false,true,sha256:150b59966fb5b2cb1a8fa9d226267c56ebd22c520c7b3640331cde87f3c4fb01
1791655385,NVIDIA GeForce RTX 4060,595.91.07,5844,8188,0,false,true,sha256:150b59966fb5b2cb1a8fa9d226267c56ebd22c520c7b3640331cde87f3c4fb01
1791655386,NVIDIA GeForce RTX 4060,595.91.07,5844,8188,0,false,true,sha256:150b59966fb5b2cb1a8fa9d226267c56ebd22c520c7b3640331cde87f3c4fb01
1791655387,NVIDIA GeForce RTX 4060,595.91.07,5844,8188,0,false,true,sha256:150b59966fb5b2cb1a8fa9d226267c56ebd22c520c7b3640331cde87f3c4fb01
1791655388,NVIDIA GeForce RTX 4060,595.91.07,5844,8188,0,false,true,sha256:150b59966fb5b2cb1a8fa9d226267c56ebd22c520c7b3640331cde87f3c4fb01
1791655389,NVIDIA GeForce RTX 4060,595.91.07,5844,8188,0,false,true,sha256:150b59966fb5b2cb1a8fa9d226267c56ebd22c520c7b3640331cde87f3c4fb01
1791655390,NVIDIA GeForce RTX 4060,595.91.07,5844,8188,0,false,true,sha256:150b59966fb5b2cb1a8fa9d226267c56ebd22c520c7b3640331cde87f3c4fb01
1791655391,NVIDIA GeForce RTX 4060,595.91.07,5844,8188,0,false,true,sha256:150b59966fb5b2cb1a8fa9d226267c56ebd22c520c7b3640331cde87f3c4fb01
1791655392,NVIDIA GeForce RTX 4060,595.91.07,5844,8188,0,false,true,sha256:150b59966fb5b2cb1a8fa9d226267c56ebd22c520c7b3640331cde87f3c4fb01
1791655393,NVIDIA GeForce RTX 4060,595.91.07,5844,8188,0,false,true,sha256:150b59966fb5b2cb1a8fa9d226267c56ebd22c520c7b3640331cde87f3c4fb01
1791655394,NVIDIA GeForce RTX 4060,595.91.07,5844,8188,0,false,true,sha256:150b59966fb5b2cb1a8fa9d226267c56ebd22c520c7b3640331cde87f3c4fb01
1791655396,NVIDIA GeForce RTX 4060,595.91.07,5844,8188,0,false,true,sha256:150b59966fb5b2cb1a8fa9d226267c56ebd22c520c7b3640331cde87f3c4fb01
1791655397,NVIDIA GeForce RTX 4060,595.91.07,5844,8188,0,false,true,sha256:150b59966fb5b2cb1a8fa9d226267c56ebd22c520c7b3640331cde87f3c4fb01
1791655398,NVIDIA GeForce RTX 4060,595.91.07,5844,8188,0,false,true,sha256:150b59966fb5b2cb1a8fa9d226267c56ebd22c520c7b3640331cde87f3c4fb01
1791655399,NVIDIA GeForce RTX 4060,595.91.07,5844,8188,0,false,true,sha256:150b59966fb5b2cb1a8fa9d226267c56ebd22c520c7b3640331cde87f3c4fb01
1791655400,NVIDIA GeForce RTX 4060,595.91.07,5844,8188,0,false,true,sha256:150b59966fb5b2cb1a8fa9d226267c56ebd22c520c7b3640331cde87f3c4fb01
1791655401,NVIDIA GeForce RTX 4060,595.91.07,5844,8188,0,false,true,sha256:150b59966fb5b2cb1a8fa9d226267c56ebd22c520c7b3640331cde87f3c4fb01
1791655402,NVIDIA GeForce RTX 4060,595.91.07,5844,8188,0,false,true,sha256:150b59966fb5b2cb1a8fa9d226267c56ebd22c520c7b3640331cde87f3c4fb01
1791655403,NVIDIA GeForce RTX 4060,595.91.07,5844,8188,0,false,true,sha256:150b59966fb5b2cb1a8fa9d226267c56ebd22c520c7b3640331cde87f3c4fb01
1791655404,NVIDIA GeForce RTX 4060,595.91.07,5844,8188,0,false,true,sha256:150b59966fb5b2cb1a8fa9d226267c56ebd22c520c7b3640331cde87f3c4fb01
1791655405,NVIDIA GeForce RTX 4060,595.91.07,5844,8188,0,false,true,sha256:150b59966fb5b2cb1a8fa9d226267c56ebd22c520c7b3640331cde87f3c4fb01
1791655406,NVIDIA GeForce RTX 4060,595.91.07,5844,8188,0,false,true,sha256:150b59966fb5b2cb1a8fa9d226267c56ebd22c520c7b3640331cde87f3c4fb01
1791655407,NVIDIA GeForce RTX 4060,595.91.07,5844,8188,0,false,true,sha256:150b59966fb5b2cb1a8fa9d226267c56ebd22c520c7b3640331cde87f3c4fb01
1791655409,NVIDIA GeForce RTX 4060,595.91.07,5844,8188,0,false,true,sha256:150b59966fb5b2cb1a8fa9d226267c56ebd22c520c7b3640331cde87f3c4fb01
1791655410,NVIDIA GeForce RTX 4060,595.91.07,5844,8188,0,false,true,sha256:150b59966fb5b2cb1a8fa9d226267c56ebd22c520c7b3640331cde87f3c4fb01
1791655411,NVIDIA GeForce RTX 4060,595.91.07,5844,8188,0,false,true,sha256:150b59966fb5b2cb1a8fa9d226267c56ebd22c520c7b3640331cde87f3c4fb01
1791655412,NVIDIA GeForce RTX 4060,595.91.07,5844,8188,0,false,true,sha256:150b59966fb5b2cb1a8fa9d226267c56ebd22c520c7b3640331cde87f3c4fb01
1791655413,NVIDIA GeForce RTX 4060,595.91.07,5844,8188,0,false,true,sha256:150b59966fb5b2cb1a8fa9d226267c56ebd22c520c7b3640331cde87f3c4fb01
1791655414,NVIDIA GeForce RTX 4060,595.91.07,5844,8188,0,false,true,sha256:150b59966fb5b2cb1a8fa9d226267c56ebd22c520c7b3640331cde87f3c4fb01
1791655415,NVIDIA GeForce RTX 4060,595.91.07,5844,8188,0,false,true,sha256:150b59966fb5b2cb1a8fa9d226267c56ebd22c520c7b3640331cde87f3c4fb01
1791655416,NVIDIA GeForce RTX 4060,595.91.07,5844,8188,0,false,true,sha256:150b59966fb5b2cb1a8fa9d226267c56ebd22c520c7b3640331cde87f3c4fb01
1791655417,NVIDIA GeForce RTX 4060,595.91.07,5844,8188,0,false,true,sha256:150b59966fb5b2cb1a8fa9d226267c56ebd22c520c7b3640331cde87f3c4fb01
1791655418,NVIDIA GeForce RTX 4060,595.91.07,5844,8188,0,false,true,sha256:150b59966fb5b2cb1a8fa9d226267c56ebd22c520c7b3640331cde87f3c4fb01
1791655419,NVIDIA GeForce RTX 4060,595.91.07,5844,8188,0,false,true,sha256:150b59966fb5b2cb1a8fa9d226267c56ebd22c520c7b3640331cde87f3c4fb01
1791655420,NVIDIA GeForce RTX 4060,595.91.07,5844,8188,0,false,true,sha256:150b59966fb5b2cb1a8fa9d226267c56ebd22c520c7b3640331cde87f3c4fb01
1791655422,NVIDIA GeForce RTX 4060,595.91.07,5844,8188,0,false,true,sha256:150b59966fb5b2cb1a8fa9d226267c56ebd22c520c7b3640331cde87f3c4fb01
1791655423,NVIDIA GeForce RTX 4060,595.91.07,5844,8188,0,false,true,sha256:150b59966fb5b2cb1a8fa9d226267c56ebd22c520c7b3640331cde87f3c4fb01
1791655424,NVIDIA GeForce RTX 4060,595.91.07,5844,8188,0,false,true,sha256:150b59966fb5b2cb1a8fa9d226267c56ebd22c520c7b3640331cde87f3c4fb01
1791655425,NVIDIA GeForce RTX 4060,595.91.07,5844,8188,0,false,true,sha256:150b59966fb5b2cb1a8fa9d226267c56ebd22c520c7b3640331cde87f3c4fb01
1791655426,NVIDIA GeForce RTX 4060,595.91.07,5844,8188,0,false,true,sha256:150b59966fb5b2cb1a8fa9d226267c56ebd22c520c7b3640331cde87f3c4fb01
1791655427,NVIDIA GeForce RTX 4060,595.91.07,5844,8188,0,false,true,sha256:150b59966fb5b2cb1a8fa9d226267c56ebd22c520c7b3640331cde87f3c4fb01
1791655428,NVIDIA GeForce RTX 4060,595.91.07,5844,8188,0,false,true,sha256:150b59966fb5b2cb1a8fa9d226267c56ebd22c520c7b3640331cde87f3c4fb01
1791655429,NVIDIA GeForce RTX 4060,595.91.07,5844,8188,0,false,true,sha256:150b59966fb5b2cb1a8fa9d226267c56ebd22c520c7b3640331cde87f3c4fb01
1791655430,NVIDIA GeForce RTX 4060,595.91.07,5844,8188,0,false,true,sha256:150b59966fb5b2cb1a8fa9d226267c56ebd22c520c7b3640331cde87f3c4fb01
1791655431,NVIDIA GeForce RTX 4060,595.91.07,5844,8188,0,false,true,sha256:150b59966fb5b2cb1a8fa9d226267c56ebd22c520c7b3640331cde87f3c4fb01
1791655432,NVIDIA GeForce RTX 4060,595.91.07,5844,8188,0,false,true,sha256:150b59966fb5b2cb1a8fa9d226267c56ebd22c520c7b3640331cde87f3c4fb01
1791655434,NVIDIA GeForce RTX 4060,595.91.07,5844,8188,0,false,true,sha256:150b59966fb5b2cb1a8fa9d226267c56ebd22c520c7b3640331cde87f3c4fb01
1791655435,NVIDIA GeForce RTX 4060,595.91.07,5844,8188,0,false,true,sha256:150b59966fb5b2cb1a8fa9d226267c56ebd22c520c7b3640331cde87f3c4fb01
1791655436,NVIDIA GeForce RTX 4060,595.91.07,5844,8188,0,false,true,sha256:150b59966fb5b2cb1a8fa9d226267c56ebd22c520c7b3640331cde87f3c4fb01
1791655437,NVIDIA GeForce RTX 4060,595.91.07,5844,8188,0,false,true,sha256:150b59966fb5b2cb1a8fa9d226267c56ebd22c520c7b3640331cde87f3c4fb01
1791655438,NVIDIA GeForce RTX 4060,595.91.07,5844,8188,0,false,true,sha256:150b59966fb5b2cb1a8fa9d226267c56ebd22c520c7b3640331cde87f3c4fb01
1791655439,NVIDIA GeForce RTX 4060,595.91.07,5844,8188,0,false,true,sha256:150b59966fb5b2cb1a8fa9d226267c56ebd22c520c7b3640331cde87f3c4fb01
1791655440,NVIDIA GeForce RTX 4060,595.91.07,5844,8188,0,false,true,sha256:150b59966fb5b2cb1a8fa9d226267c56ebd22c520c7b3640331cde87f3c4fb01
1791655441,NVIDIA GeForce RTX 4060,595.91.07,5844,8188,0,false,true,sha256:150b59966fb5b2cb1a8fa9d226267c56ebd22c520c7b3640331cde87f3c4fb01
1791655442,NVIDIA GeForce RTX 4060,595.91.07,5844,8188,0,false,true,sha256:150b59966fb5b2cb1a8fa9d226267c56ebd22c520c7b3640331cde87f3c4fb01
1791655443,NVIDIA GeForce RTX 4060,595.91.07,5844,8188,0,false,true,sha256:150b59966fb5b2cb1a8fa9d226267c56ebd22c520c7b3640331cde87f3c4fb01
1791655444,NVIDIA GeForce RTX 4060,595.91.07,5844,8188,0,false,true,sha256:150b59966fb5b2cb1a8fa9d226267c56ebd22c520c7b3640331cde87f3c4fb01
1791655445,NVIDIA GeForce RTX 4060,595.91.07,5844,8188,0,false,true,sha256:150b59966fb5b2cb1a8fa9d226267c56ebd22c520c7b3640331cde87f3c4fb01
1791655447,NVIDIA GeForce RTX 4060,595.91.07,5844,8188,0,false,true,sha256:150b59966fb5b2cb1a8fa9d226267c56ebd22c520c7b3640331cde87f3c4fb01
1791655448,NVIDIA GeForce RTX 4060,595.91.07,5844,8188,0,false,true,sha256:150b59966fb5b2cb1a8fa9d226267c56ebd22c520c7b3640331cde87f3c4fb01
1791655449,NVIDIA GeForce RTX 4060,595.91.07,5844,8188,0,false,true,sha256:150b59966fb5b2cb1a8fa9d226267c56ebd22c520c7b3640331cde87f3c4fb01
1791655450,NVIDIA GeForce RTX 4060,595.91.07,5844,8188,0,false,true,sha256:150b59966fb5b2cb1a8fa9d226267c56ebd22c520c7b3640331cde87f3c4fb01
1791655451,NVIDIA GeForce RTX 4060,595.91.07,5844,8188,0,false,true,sha256:150b59966fb5b2cb1a8fa9d226267c56ebd22c520c7b3640331cde87f3c4fb01
1791655452,NVIDIA GeForce RTX 4060,595.91.07,5844,8188,0,false,true,sha256:150b59966fb5b2cb1a8fa9d226267c56ebd22c520c7b3640331cde87f3c4fb01
1791655453,NVIDIA GeForce RTX 4060,595.91.07,5844,8188,0,false,true,sha256:150b59966fb5b2cb1a8fa9d226267c56ebd22c520c7b3640331cde87f3c4fb01
1791655454,NVIDIA GeForce RTX 4060,595.91.07,5844,8188,0,false,true,sha256:150b59966fb5b2cb1a8fa9d226267c56ebd22c520c7b3640331cde87f3c4fb01
1791655455,NVIDIA GeForce RTX 4060,595.91.07,5844,8188,0,false,true,sha256:150b59966fb5b2cb1a8fa9d226267c56ebd22c520c7b3640331cde87f3c4fb01
1791655456,NVIDIA GeForce RTX 4060,595.91.07,5844,8188,0,false,true,sha256:150b59966fb5b2cb1a8fa9d226267c56ebd22c520c7b3640331cde87f3c4fb01
1791655457,NVIDIA GeForce RTX 4060,595.91.07,5844,8188,0,false,true,sha256:150b59966fb5b2cb1a8fa9d226267c56ebd22c520c7b3640331cde87f3c4fb01
1791655458,NVIDIA GeForce RTX 4060,595.91.07,5844,8188,0,false,true,sha256:150b59966fb5b2cb1a8fa9d226267c56ebd22c520c7b3640331cde87f3c4fb01
1791655460,NVIDIA GeForce RTX 4060,595.91.07,5844,8188,0,false,true,sha256:150b59966fb5b2cb1a8fa9d226267c56ebd22c520c7b3640331cde87f3c4fb01
1791655461,NVIDIA GeForce RTX 4060,595.91.07,5844,8188,0,false,true,sha256:150b59966fb5b2cb1a8fa9d226267c56ebd22c520c7b3640331cde87f3c4fb01
1791655462,NVIDIA GeForce RTX 4060,595.91.07,5844,8188,0,false,true,sha256:150b59966fb5b2cb1a8fa9d226267c56ebd22c520c7b3640331cde87f3c4fb01
1791655463,NVIDIA GeForce RTX 4060,595.91.07,5844,8188,0,false,true,sha256:150b59966fb5b2cb1a8fa9d226267c56ebd22c520c7b3640331cde87f3c4fb01
1791655464,NVIDIA GeForce RTX 4060,595.91.07,5844,8188,0,false,true,sha256:150b59966fb5b2cb1a8fa9d226267c56ebd22c520c7b3640331cde87f3c4fb01
1791655465,NVIDIA GeForce RTX 4060,595.91.07,5844,8188,0,false,true,sha256:150b59966fb5b2cb1a8fa9d226267c56ebd22c520c7b3640331cde87f3c4fb01
1791655466,NVIDIA GeForce RTX 4060,595.91.07,5844,8188,0,false,true,sha256:150b59966fb5b2cb1a8fa9d226267c56ebd22c520c7b3640331cde87f3c4fb01
1791655467,NVIDIA GeForce RTX 4060,595.91.07,5844,8188,0,false,true,sha256:150b59966fb5b2cb1a8fa9d226267c56ebd22c520c7b3640331cde87f3c4fb01
1791655468,NVIDIA GeForce RTX 4060,595.91.07,5844,8188,0,false,true,sha256:150b59966fb5b2cb1a8fa9d226267c56ebd22c520c7b3640331cde87f3c4fb01
1791655469,NVIDIA GeForce RTX 4060,595.91.07,5844,8188,0,false,true,sha256:150b59966fb5b2cb1a8fa9d226267c56ebd22c520c7b3640331cde87f3c4fb01
1791655470,NVIDIA GeForce RTX 4060,595.91.07,5844,8188,0,false,true,sha256:150b59966fb5b2cb1a8fa9d226267c56ebd22c520c7b3640331cde87f3c4fb01
1791655471,NVIDIA GeForce RTX 4060,595.91.07,5844,8188,0,false,true,sha256:150b59966fb5b2cb1a8fa9d226267c56ebd22c520c7b3640331cde87f3c4fb01
1791655473,NVIDIA GeForce RTX 4060,595.91.07,5844,8188,0,false,true,sha256:150b59966fb5b2cb1a8fa9d226267c56ebd22c520c7b3640331cde87f3c4fb01
1791655474,NVIDIA GeForce RTX 4060,595.91.07,5844,8188,0,false,true,sha256:150b59966fb5b2cb1a8fa9d226267c56ebd22c520c7b3640331cde87f3c4fb01
1791655475,NVIDIA GeForce RTX 4060,595.91.07,5844,8188,0,false,true,sha256:150b59966fb5b2cb1a8fa9d226267c56ebd22c520c7b3640331cde87f3c4fb01
1791655476,NVIDIA GeForce RTX 4060,595.91.07,5844,8188,0,false,true,sha256:150b59966fb5b2cb1a8fa9d226267c56ebd22c520c7b3640331cde87f3c4fb01
1791655477,NVIDIA GeForce RTX 4060,595.91.07,5844,8188,0,false,true,sha256:150b59966fb5b2cb1a8fa9d226267c56ebd22c520c7b3640331cde87f3c4fb01
1791655478,NVIDIA GeForce RTX 4060,595.91.07,5844,8188,0,false,true,sha256:150b59966fb5b2cb1a8fa9d226267c56ebd22c520c7b3640331cde87f3c4fb01
1791655479,NVIDIA GeForce RTX 4060,595.91.07,5844,8188,0,false,true,sha256:150b59966fb5b2cb1a8fa9d226267c56ebd22c520c7b3640331cde87f3c4fb01
1791655480,NVIDIA GeForce RTX 4060,595.91.07,5844,8188,0,false,true,sha256:150b59966fb5b2cb1a8fa9d226267c56ebd22c520c7b3640331cde87f3c4fb01
1791655481,NVIDIA GeForce RTX 4060,595.91.07,5844,8188,0,false,true,sha256:150b59966fb5b2cb1a8fa9d226267c56ebd22c520c7b3640331cde87f3c4fb01
1791655482,NVIDIA GeForce RTX 4060,595.91.07,5844,8188,0,false,true,sha256:150b59966fb5b2cb1a8fa9d226267c56ebd22c520c7b3640331cde87f3c4fb01
1791655483,NVIDIA GeForce RTX 4060,595.91.07,5844,8188,0,false,true,sha256:150b59966fb5b2cb1a8fa9d226267c56ebd22c520c7b3640331cde87f3c4fb01
1791655484,NVIDIA GeForce RTX 4060,595.91.07,5844,8188,0,false,true,sha256:150b59966fb5b2cb1a8fa9d226267c56ebd22c520c7b3640331cde87f3c4fb01
1791655486,NVIDIA GeForce RTX 4060,595.91.07,5844,8188,0,false,true,sha256:150b59966fb5b2cb1a8fa9d226267c56ebd22c520c7b3640331cde87f3c4fb01
1791655487,NVIDIA GeForce RTX 4060,595.91.07,5844,8188,0,false,true,sha256:150b59966fb5b2cb1a8fa9d226267c56ebd22c520c7b3640331cde87f3c4fb01
1791655488,NVIDIA GeForce RTX 4060,595.91.07,5844,8188,0,false,true,sha256:150b59966fb5b2cb1a8fa9d226267c56ebd22c520c7b3640331cde87f3c4fb01
1791655489,NVIDIA GeForce RTX 4060,595.91.07,5844,8188,0,false,true,sha256:150b59966fb5b2cb1a8fa9d226267c56ebd22c520c7b3640331cde87f3c4fb01
1791655490,NVIDIA GeForce RTX 4060,595.91.07,5844,8188,0,false,true,sha256:150b59966fb5b2cb1a8fa9d226267c56ebd22c520c7b3640331cde87f3c4fb01
1791655491,NVIDIA GeForce RTX 4060,595.91.07,5844,8188,0,false,true,sha256:150b59966fb5b2cb1a8fa9d226267c56ebd22c520c7b3640331cde87f3c4fb01
1791655492,NVIDIA GeForce RTX 4060,595.91.07,5844,8188,0,false,true,sha256:150b59966fb5b2cb1a8fa9d226267c56ebd22c520c7b3640331cde87f3c4fb01
1791655493,NVIDIA GeForce RTX 4060,595.91.07,5844,8188,0,false,true,sha256:150b59966fb5b2cb1a8fa9d226267c56ebd22c520c7b3640331cde87f3c4fb01
1791655494,NVIDIA GeForce RTX 4060,595.91.07,5844,8188,0,false,true,sha256:150b59966fb5b2cb1a8fa9d226267c56ebd22c520c7b3640331cde87f3c4fb01
1791655495,NVIDIA GeForce RTX 4060,595.91.07,5844,8188,0,false,true,sha256:150b59966fb5b2cb1a8fa9d226267c56ebd22c520c7b3640331cde87f3c4fb01
1791655496,NVIDIA GeForce RTX 4060,595.91.07,5844,8188,0,false,true,sha256:150b59966fb5b2cb1a8fa9d226267c56ebd22c520c7b3640331cde87f3c4fb01
1791655497,NVIDIA GeForce RTX 4060,595.91.07,5844,8188,0,false,true,sha256:150b59966fb5b2cb1a8fa9d226267c56ebd22c520c7b3640331cde87f3c4fb01
1791655499,NVIDIA GeForce RTX 4060,595.91.07,5844,8188,0,false,true,sha256:150b59966fb5b2cb1a8fa9d226267c56ebd22c520c7b3640331cde87f3c4fb01
1791655500,NVIDIA GeForce RTX 4060,595.91.07,5844,8188,0,false,true,sha256:150b59966fb5b2cb1a8fa9d226267c56ebd22c520c7b3640331cde87f3c4fb01
1791655501,NVIDIA GeForce RTX 4060,595.91.07,5844,8188,0,false,true,sha256:150b59966fb5b2cb1a8fa9d226267c56ebd22c520c7b3640331cde87f3c4fb01
1791655502,NVIDIA GeForce RTX 4060,595.91.07,5844,8188,0,false,true,sha256:150b59966fb5b2cb1a8fa9d226267c56ebd22c520c7b3640331cde87f3c4fb01
1791655503,NVIDIA GeForce RTX 4060,595.91.07,5844,8188,0,false,true,sha256:150b59966fb5b2cb1a8fa9d226267c56ebd22c520c7b3640331cde87f3c4fb01
1791655504,NVIDIA GeForce RTX 4060,595.91.07,5844,8188,0,false,true,sha256:150b59966fb5b2cb1a8fa9d226267c56ebd22c520c7b3640331cde87f3c4fb01
1791655505,NVIDIA GeForce RTX 4060,595.91.07,5844,8188,0,false,true,sha256:150b59966fb5b2cb1a8fa9d226267c56ebd22c520c7b3640331cde87f3c4fb01
1791655506,NVIDIA GeForce RTX 4060,595.91.07,5844,8188,0,false,true,sha256:150b59966fb5b2cb1a8fa9d226267c56ebd22c520c7b3640331cde87f3c4fb01
1791655507,NVIDIA GeForce RTX 4060,595.91.07,5844,8188,0,false,true,sha256:150b59966fb5b2cb1a8fa9d226267c56ebd22c520c7b3640331cde87f3c4fb01
1791655508,NVIDIA GeForce RTX 4060,595.91.07,5844,8188,0,false,true,sha256:150b59966fb5b2cb1a8fa9d226267c56ebd22c520c7b3640331cde87f3c4fb01
1791655509,NVIDIA GeForce RTX 4060,595.91.07,5844,8188,0,false,true,sha256:150b59966fb5b2cb1a8fa9d226267c56ebd22c520c7b3640331cde87f3c4fb01
1791655510,NVIDIA GeForce RTX 4060,595.91.07,5844,8188,0,false,true,sha256:150b59966fb5b2cb1a8fa9d226267c56ebd22c520c7b3640331cde87f3c4fb01
1791655512,NVIDIA GeForce RTX 4060,595.91.07,5844,8188,0,false,true,sha256:150b59966fb5b2cb1a8fa9d226267c56ebd22c520c7b3640331cde87f3c4fb01
1791655513,NVIDIA GeForce RTX 4060,595.91.07,5844,8188,0,false,true,sha256:150b59966fb5b2cb1a8fa9d226267c56ebd22c520c7b3640331cde87f3c4fb01
1791655514,NVIDIA GeForce RTX 4060,595.91.07,5844,8188,0,false,true,sha256:150b59966fb5b2cb1a8fa9d226267c56ebd22c520c7b3640331cde87f3c4fb01
1791655515,NVIDIA GeForce RTX 4060,595.91.07,5844,8188,0,false,true,sha256:150b59966fb5b2cb1a8fa9d226267c56ebd22c520c7b3640331cde87f3c4fb01
1791655516,NVIDIA GeForce RTX 4060,595.91.07,5844,8188,0,false,true,sha256:150b59966fb5b2cb1a8fa9d226267c56ebd22c520c7b3640331cde87f3c4fb01
1791655517,NVIDIA GeForce RTX 4060,595.91.07,5844,8188,0,false,true,sha256:150b59966fb5b2cb1a8fa9d226267c56ebd22c520c7b3640331cde87f3c4fb01
1791655518,NVIDIA GeForce RTX 4060,595.91.07,5844,8188,0,false,true,sha256:150b59966fb5b2cb1a8fa9d226267c56ebd22c520c7b3640331cde87f3c4fb01
1791655519,NVIDIA GeForce RTX 4060,595.91.07,5844,8188,0,false,true,sha256:150b59966fb5b2cb1a8fa9d226267c56ebd22c520c7b3640331cde87f3c4fb01
1791655520,NVIDIA GeForce RTX 4060,595.91.07,5844,8188,0,false,true,sha256:150b59966fb5b2cb1a8fa9d226267c56ebd22c520c7b3640331cde87f3c4fb01
1791655521,NVIDIA GeForce RTX 4060,595.91.07,5844,8188,0,false,true,sha256:150b59966fb5b2cb1a8fa9d226267c56ebd22c520c7b3640331cde87f3c4fb01
1791655522,NVIDIA GeForce RTX 4060,595.91.07,5844,8188,0,false,true,sha256:150b59966fb5b2cb1a8fa9d226267c56ebd22c520c7b3640331cde87f3c4fb01
1791655524,NVIDIA GeForce RTX 4060,595.91.07,5844,8188,0,false,true,sha256:150b59966fb5b2cb1a8fa9d226267c56ebd22c520c7b3640331cde87f3c4fb01
1791655525,NVIDIA GeForce RTX 4060,595.91.07,5844,8188,0,false,true,sha256:150b59966fb5b2cb1a8fa9d226267c56ebd22c520c7b3640331cde87f3c4fb01
1791655526,NVIDIA GeForce RTX 4060,595.91.07,5844,8188,0,false,true,sha256:150b59966fb5b2cb1a8fa9d226267c56ebd22c520c7b3640331cde87f3c4fb01
1791655527,NVIDIA GeForce RTX 4060,595.91.07,5844,8188,0,false,true,sha256:150b59966fb5b2cb1a8fa9d226267c56ebd22c520c7b3640331cde87f3c4fb01
1791655528,NVIDIA GeForce RTX 4060,595.91.07,5844,8188,0,false,true,sha256:150b59966fb5b2cb1a8fa9d226267c56ebd22c520c7b3640331cde87f3c4fb01
1791655529,NVIDIA GeForce RTX 4060,595.91.07,5844,8188,0,false,true,sha256:150b59966fb5b2cb1a8fa9d226267c56ebd22c520c7b3640331cde87f3c4fb01
1791655530,NVIDIA GeForce RTX 4060,595.91.07,5844,8188,0,false,true,sha256:150b59966fb5b2cb1a8fa9d226267c56ebd22c520c7b3640331cde87f3c4fb01
1791655531,NVIDIA GeForce RTX 4060,595.91.07,5844,8188,0,false,true,sha256:150b59966fb5b2cb1a8fa9d226267c56ebd22c520c7b3640331cde87f3c4fb01
1791655532,NVIDIA GeForce RTX 4060,595.91.07,5844,8188,0,false,true,sha256:150b59966fb5b2cb1a8fa9d226267c56ebd22c520c7b3640331cde87f3c4fb01
1791655533,NVIDIA GeForce RTX 4060,595.91.07,5844,8188,0,false,true,sha256:150b59966fb5b2cb1a8fa9d226267c56ebd22c520c7b3640331cde87f3c4fb01
1791655534,NVIDIA GeForce RTX 4060,595.91.07,5844,8188,0,false,true,sha256:150b59966fb5b2cb1a8fa9d226267c56ebd22c520c7b3640331cde87f3c4fb01
1791655535,NVIDIA GeForce RTX 4060,595.91.07,5844,8188,0,false,true,sha256:150b59966fb5b2cb1a8fa9d226267c56ebd22c520c7b3640331cde87f3c4fb01
1791655537,NVIDIA GeForce RTX 4060,595.91.07,5844,8188,0,false,true,sha256:150b59966fb5b2cb1a8fa9d226267c56ebd22c520c7b3640331cde87f3c4fb01
1791655538,NVIDIA GeForce RTX 4060,595.91.07,5844,8188,0,false,true,sha256:150b59966fb5b2cb1a8fa9d226267c56ebd22c520c7b3640331cde87f3c4fb01
1791655539,NVIDIA GeForce RTX 4060,595.91.07,5844,8188,0,false,true,sha256:150b59966fb5b2cb1a8fa9d226267c56ebd22c520c7b3640331cde87f3c4fb01
1791655540,NVIDIA GeForce RTX 4060,595.91.07,5844,8188,0,false,true,sha256:150b59966fb5b2cb1a8fa9d226267c56ebd22c520c7b3640331cde87f3c4fb01
1791655541,NVIDIA GeForce RTX 4060,595.91.07,5844,8188,0,false,true,sha256:150b59966fb5b2cb1a8fa9d226267c56ebd22c520c7b3640331cde87f3c4fb01
1791655542,NVIDIA GeForce RTX 4060,595.91.07,5844,8188,0,false,true,sha256:150b59966fb5b2cb1a8fa9d226267c56ebd22c520c7b3640331cde87f3c4fb01
1791655543,NVIDIA GeForce RTX 4060,595.91.07,5844,8188,0,false,true,sha256:150b59966fb5b2cb1a8fa9d226267c56ebd22c520c7b3640331cde87f3c4fb01
1791655544,NVIDIA GeForce RTX 4060,595.91.07,5844,8188,0,false,true,sha256:150b59966fb5b2cb1a8fa9d226267c56ebd22c520c7b3640331cde87f3c4fb01
1791655545,NVIDIA GeForce RTX 4060,595.91.07,5844,8188,0,false,true,sha256:150b59966fb5b2cb1a8fa9d226267c56ebd22c520c7b3640331cde87f3c4fb01
1791655546,NVIDIA GeForce RTX 4060,595.91.07,5844,8188,0,false,true,sha256:150b59966fb5b2cb1a8fa9d226267c56ebd22c520c7b3640331cde87f3c4fb01
1791655547,NVIDIA GeForce RTX 4060,595.91.07,5844,8188,0,false,true,sha256:150b59966fb5b2cb1a8fa9d226267c56ebd22c520c7b3640331cde87f3c4fb01
1791655548,NVIDIA GeForce RTX 4060,595.91.07,5844,8188,0,false,true,sha256:150b59966fb5b2cb1a8fa9d226267c56ebd22c520c7b3640331cde87f3c4fb01
1791655550,NVIDIA GeForce RTX 4060,595.91.07,5844,8188,0,false,true,sha256:150b59966fb5b2cb1a8fa9d226267c56ebd22c520c7b3640331cde87f3c4fb01
1791655551,NVIDIA GeForce RTX 4060,595.91.07,5844,8188,0,false,true,sha256:150b59966fb5b2cb1a8fa9d226267c56ebd22c520c7b3640331cde87f3c4fb01
1791655552,NVIDIA GeForce RTX 4060,595.91.07,5844,8188,0,false,true,sha256:150b59966fb5b2cb1a8fa9d226267c56ebd22c520c7b3640331cde87f3c4fb01
1791655553,NVIDIA GeForce RTX 4060,595.91.07,5844,8188,0,false,true,sha256:150b59966fb5b2cb1a8fa9d226267c56ebd22c520c7b3640331cde87f3c4fb01
1791655554,NVIDIA GeForce RTX 4060,595.91.07,5844,8188,0,false,true,sha256:150b59966fb5b2cb1a8fa9d226267c56ebd22c520c7b3640331cde87f3c4fb01
1791655555,NVIDIA GeForce RTX 4060,595.91.07,5844,8188,0,false,true,sha256:150b59966fb5b2cb1a8fa9d226267c56ebd22c520c7b3640331cde87f3c4fb01
1791655556,NVIDIA GeForce RTX 4060,595.91.07,5844,8188,0,false,true,sha256:150b59966fb5b2cb1a8fa9d226267c56ebd22c520c7b3640331cde87f3c4fb01
1791655557,NVIDIA GeForce RTX 4060,595.91.07,5844,8188,0,false,true,sha256:150b59966fb5b2cb1a8fa9d226267c56ebd22c520c7b3640331cde87f3c4fb01
1791655558,NVIDIA GeForce RTX 4060,595.91.07,5844,8188,0,false,true,sha256:150b59966fb5b2cb1a8fa9d226267c56ebd22c520c7b3640331cde87f3c4fb01
1791655559,NVIDIA GeForce RTX 4060,595.91.07,5844,8188,0,false,true,sha256:150b59966fb5b2cb1a8fa9d226267c56ebd22c520c7b3640331cde87f3c4fb01
1791655560,NVIDIA GeForce RTX 4060,595.91.07,5844,8188,0,false,true,sha256:150b59966fb5b2cb1a8fa9d226267c56ebd22c520c7b3640331cde87f3c4fb01
1791655561,NVIDIA GeForce RTX 4060,595.91.07,5844,8188,0,false,true,sha256:150b59966fb5b2cb1a8fa9d226267c56ebd22c520c7b3640331cde87f3c4fb01
1791655563,NVIDIA GeForce RTX 4060,595.91.07,5844,8188,0,false,true,sha256:150b59966fb5b2cb1a8fa9d226267c56ebd22c520c7b3640331cde87f3c4fb01
1791655564,NVIDIA GeForce RTX 4060,595.91.07,5844,8188,0,false,true,sha256:150b59966fb5b2cb1a8fa9d226267c56ebd22c520c7b3640331cde87f3c4fb01
1791655565,NVIDIA GeForce RTX 4060,595.91.07,5844,8188,0,false,true,sha256:150b59966fb5b2cb1a8fa9d226267c56ebd22c520c7b3640331cde87f3c4fb01
1791655566,NVIDIA GeForce RTX 4060,595.91.07,5844,8188,0,false,true,sha256:150b59966fb5b2cb1a8fa9d226267c56ebd22c520c7b3640331cde87f3c4fb01
1791655567,NVIDIA GeForce RTX 4060,595.91.07,5844,8188,0,false,true,sha256:150b59966fb5b2cb1a8fa9d226267c56ebd22c520c7b3640331cde87f3c4fb01
1791655568,NVIDIA GeForce RTX 4060,595.91.07,5844,8188,0,false,true,sha256:150b59966fb5b2cb1a8fa9d226267c56ebd22c520c7b3640331cde87f3c4fb01
1791655569,NVIDIA GeForce RTX 4060,595.91.07,5844,8188,0,false,true,sha256:150b59966fb5b2cb1a8fa9d226267c56ebd22c520c7b3640331cde87f3c4fb01
1791655570,NVIDIA GeForce RTX 4060,595.91.07,5844,8188,0,false,true,sha256:150b59966fb5b2cb1a8fa9d226267c56ebd22c520c7b3640331cde87f3c4fb01
1791655571,NVIDIA GeForce RTX 4060,595.91.07,5844,8188,0,false,true,sha256:150b59966fb5b2cb1a8fa9d226267c56ebd22c520c7b3640331cde87f3c4fb01
1791655572,NVIDIA GeForce RTX 4060,595.91.07,5844,8188,0,false,true,sha256:150b59966fb5b2cb1a8fa9d226267c56ebd22c520c7b3640331cde87f3c4fb01
1791655573,NVIDIA GeForce RTX 4060,595.91.07,5844,8188,0,false,true,sha256:150b59966fb5b2cb1a8fa9d226267c56ebd22c520c7b3640331cde87f3c4fb01
1791655574,NVIDIA GeForce RTX 4060,595.91.07,5844,8188,0,false,true,sha256:150b59966fb5b2cb1a8fa9d226267c56ebd22c520c7b3640331cde87f3c4fb01
1791655576,NVIDIA GeForce RTX 4060,595.91.07,5844,8188,0,false,true,sha256:150b59966fb5b2cb1a8fa9d226267c56ebd22c520c7b3640331cde87f3c4fb01
1791655577,NVIDIA GeForce RTX 4060,595.91.07,5844,8188,0,false,true,sha256:150b59966fb5b2cb1a8fa9d226267c56ebd22c520c7b3640331cde87f3c4fb01
1791655578,NVIDIA GeForce RTX 4060,595.91.07,5844,8188,0,false,true,sha256:150b59966fb5b2cb1a8fa9d226267c56ebd22c520c7b3640331cde87f3c4fb01
1791655579,NVIDIA GeForce RTX 4060,595.91.07,5844,8188,0,false,true,sha256:150b59966fb5b2cb1a8fa9d226267c56ebd22c520c7b3640331cde87f3c4fb01
1791655580,NVIDIA GeForce RTX 4060,595.91.07,5844,8188,0,false,true,sha256:150b59966fb5b2cb1a8fa9d226267c56ebd22c520c7b3640331cde87f3c4fb01
1791655581,NVIDIA GeForce RTX 4060,595.91.07,5844,8188,0,false,true,sha256:150b59966fb5b2cb1a8fa9d226267c56ebd22c520c7b3640331cde87f3c4fb01
1791655582,NVIDIA GeForce RTX 4060,595.91.07,5844,8188,0,false,true,sha256:150b59966fb5b2cb1a8fa9d226267c56ebd22c520c7b3640331cde87f3c4fb01
1791655583,NVIDIA GeForce RTX 4060,595.91.07,5844,8188,0,false,true,sha256:150b59966fb5b2cb1a8fa9d226267c56ebd22c520c7b3640331cde87f3c4fb01
1791655584,NVIDIA GeForce RTX 4060,595.91.07,5844,8188,0,false,true,sha256:150b59966fb5b2cb1a8fa9d226267c56ebd22c520c7b3640331cde87f3c4fb01
1791655585,NVIDIA GeForce RTX 4060,595.91.07,5844,8188,0,false,true,sha256:150b59966fb5b2cb1a8fa9d226267c56ebd22c520c7b3640331cde87f3c4fb01
1791655586,NVIDIA GeForce RTX 4060,595.91.07,5844,8188,0,false,true,sha256:150b59966fb5b2cb1a8fa9d226267c56ebd22c520c7b3640331cde87f3c4fb01
1791655587,NVIDIA GeForce RTX 4060,595.91.07,5844,8188,0,false,true,sha256:150b59966fb5b2cb1a8fa9d226267c56ebd22c520c7b3640331cde87f3c4fb01
1791655589,NVIDIA GeForce RTX 4060,595.91.07,5844,8188,0,false,true,sha256:150b59966fb5b2cb1a8fa9d226267c56ebd22c520c7b3640331cde87f3c4fb01
1791655590,NVIDIA GeForce RTX 4060,595.91.07,5844,8188,0,false,true,sha256:150b59966fb5b2cb1a8fa9d226267c56ebd22c520c7b3640331cde87f3c4fb01
1791655591,NVIDIA GeForce RTX 4060,595.91.07,5844,8188,0,false,true,sha256:150b59966fb5b2cb1a8fa9d226267c56ebd22c520c7b3640331cde87f3c4fb01
1791655592,NVIDIA GeForce RTX 4060,595.91.07,5844,8188,0,false,true,sha256:150b59966fb5b2cb1a8fa9d226267c56ebd22c520c7b3640331cde87f3c4fb01
1791655593,NVIDIA GeForce RTX 4060,595.91.07,5844,8188,0,false,true,sha256:150b59966fb5b2cb1a8fa9d226267c56ebd22c520c7b3640331cde87f3c4fb01
1791655594,NVIDIA GeForce RTX 4060,595.91.07,5844,8188,0,false,true,sha256:150b59966fb5b2cb1a8fa9d226267c56ebd22c520c7b3640331cde87f3c4fb01
1791655595,NVIDIA GeForce RTX 4060,595.91.07,5844,8188,0,false,true,sha256:150b59966fb5b2cb1a8fa9d226267c56ebd22c520c7b3640331cde87f3c4fb01
1791655596,NVIDIA GeForce RTX 4060,595.91.07,5844,8188,0,false,true,sha256:150b59966fb5b2cb1a8fa9d226267c56ebd22c520c7b3640331cde87f3c4fb01
1791655597,NVIDIA GeForce RTX 4060,595.91.07,5844,8188,0,false,true,sha256:150b59966fb5b2cb1a8fa9d226267c56ebd22c520c7b3640331cde87f3c4fb01
1791655598,NVIDIA GeForce RTX 4060,595.91.07,5844,8188,0,false,true,sha256:150b59966fb5b2cb1a8fa9d226267c56ebd22c520c7b3640331cde87f3c4fb01
1791655599,NVIDIA GeForce RTX 4060,595.91.07,5844,8188,0,false,true,sha256:150b59966fb5b2cb1a8fa9d226267c56ebd22c520c7b3640331cde87f3c4fb01
1791655600,NVIDIA GeForce RTX 4060,595.91.07,5844,8188,0,false,true,sha256:150b59966fb5b2cb1a8fa9d226267c56ebd22c520c7b3640331cde87f3c4fb01
1791655601,NVIDIA GeForce RTX 4060,595.91.07,5844,8188,0,false,true,sha256:150b59966fb5b2cb1a8fa9d226267c56ebd22c520c7b3640331cde87f3c4fb01
1791655603,NVIDIA GeForce RTX 4060,595.91.07,5844,8188,0,false,true,sha256:150b59966fb5b2cb1a8fa9d226267c56ebd22c520c7b3640331cde87f3c4fb01
1791655604,NVIDIA GeForce RTX 4060,595.91.07,5844,8188,0,false,true,sha256:150b59966fb5b2cb1a8fa9d226267c56ebd22c520c7b3640331cde87f3c4fb01
1791655605,NVIDIA GeForce RTX 4060,595.91.07,5844,8188,0,false,true,sha256:150b59966fb5b2cb1a8fa9d226267c56ebd22c520c7b3640331cde87f3c4fb01
1791655606,NVIDIA GeForce RTX 4060,595.91.07,5844,8188,0,false,true,sha256:150b59966fb5b2cb1a8fa9d226267c56ebd22c520c7b3640331cde87f3c4fb01
1791655607,NVIDIA GeForce RTX 4060,595.91.07,5844,8188,0,false,true,sha256:150b59966fb5b2cb1a8fa9d226267c56ebd22c520c7b3640331cde87f3c4fb01
1791655608,NVIDIA GeForce RTX 4060,595.91.07,5844,8188,0,false,true,sha256:150b59966fb5b2cb1a8fa9d226267c56ebd22c520c7b3640331cde87f3c4fb01
1791655609,NVIDIA GeForce RTX 4060,595.91.07,5844,8188,0,false,true,sha256:150b59966fb5b2cb1a8fa9d226267c56ebd22c520c7b3640331cde87f3c4fb01
1791655610,NVIDIA GeForce RTX 4060,595.91.07,5844,8188,0,false,true,sha256:150b59966fb5b2cb1a8fa9d226267c56ebd22c520c7b3640331cde87f3c4fb01
1791655611,NVIDIA GeForce RTX 4060,595.91.07,5844,8188,0,false,true,sha256:150b59966fb5b2cb1a8fa9d226267c56ebd22c520c7b3640331cde87f3c4fb01
1791655612,NVIDIA GeForce RTX 4060,595.91.07,5844,8188,0,false,true,sha256:150b59966fb5b2cb1a8fa9d226267c56ebd22c520c7b3640331cde87f3c4fb01
1791655613,NVIDIA GeForce RTX 4060,595.91.07,5844,8188,0,false,true,sha256:150b59966fb5b2cb1a8fa9d226267c56ebd22c520c7b3640331cde87f3c4fb01
1791655614,NVIDIA GeForce RTX 4060,595.91.07,5844,8188,0,false,true,sha256:150b59966fb5b2cb1a8fa9d226267c56ebd22c520c7b3640331cde87f3c4fb01
1791655616,NVIDIA GeForce RTX 4060,595.91.07,5844,8188,0,false,true,sha256:150b59966fb5b2cb1a8fa9d226267c56ebd22c520c7b3640331cde87f3c4fb01
1791655617,NVIDIA GeForce RTX 4060,595.91.07,5844,8188,0,false,true,sha256:150b59966fb5b2cb1a8fa9d226267c56ebd22c520c7b3640331cde87f3c4fb01
1791655618,NVIDIA GeForce RTX 4060,595.91.07,5844,8188,0,false,true,sha256:150b59966fb5b2cb1a8fa9d226267c56ebd22c520c7b3640331cde87f3c4fb01
1791655619,NVIDIA GeForce RTX 4060,595.91.07,5844,8188,0,false,true,sha256:150b59966fb5b2cb1a8fa9d226267c56ebd22c520c7b3640331cde87f3c4fb01
1791655620,NVIDIA GeForce RTX 4060,595.91.07,5844,8188,0,false,true,sha256:150b59966fb5b2cb1a8fa9d226267c56ebd22c520c7b3640331cde87f3c4fb01
1791655621,NVIDIA GeForce RTX 4060,595.91.07,5844,8188,0,false,true,sha256:150b59966fb5b2cb1a8fa9d226267c56ebd22c520c7b3640331cde87f3c4fb01
1791655622,NVIDIA GeForce RTX 4060,595.91.07,5844,8188,0,false,true,sha256:150b59966fb5b2cb1a8fa9d226267c56ebd22c520c7b3640331cde87f3c4fb01
1791655623,NVIDIA GeForce RTX 4060,595.91.07,5844,8188,0,false,true,sha256:150b59966fb5b2cb1a8fa9d226267c56ebd22c520c7b3640331cde87f3c4fb01
1791655624,NVIDIA GeForce RTX 4060,595.91.07,5844,8188,0,false,true,sha256:150b59966fb5b2cb1a8fa9d226267c56ebd22c520c7b3640331cde87f3c4fb01
1791655625,NVIDIA GeForce RTX 4060,595.91.07,5844,8188,0,false,true,sha256:150b59966fb5b2cb1a8fa9d226267c56ebd22c520c7b3640331cde87f3c4fb01
1791655626,NVIDIA GeForce RTX 4060,595.91.07,5844,8188,0,false,true,sha256:150b59966fb5b2cb1a8fa9d226267c56ebd22c520c7b3640331cde87f3c4fb01
1791655627,NVIDIA GeForce RTX 4060,595.91.07,5844,8188,0,false,true,sha256:150b59966fb5b2cb1a8fa9d226267c56ebd22c520c7b3640331cde87f3c4fb01
1791655629,NVIDIA GeForce RTX 4060,595.91.07,5844,8188,0,false,true,sha256:150b59966fb5b2cb1a8fa9d226267c56ebd22c520c7b3640331cde87f3c4fb01
1791655630,NVIDIA GeForce RTX 4060,595.91.07,5844,8188,0,false,true,sha256:150b59966fb5b2cb1a8fa9d226267c56ebd22c520c7b3640331cde87f3c4fb01
1791655631,NVIDIA GeForce RTX 4060,595.91.07,5844,8188,0,false,true,sha256:150b59966fb5b2cb1a8fa9d226267c56ebd22c520c7b3640331cde87f3c4fb01
1791655632,NVIDIA GeForce RTX 4060,595.91.07,5844,8188,0,false,true,sha256:150b59966fb5b2cb1a8fa9d226267c56ebd22c520c7b3640331cde87f3c4fb01
1791655633,NVIDIA GeForce RTX 4060,595.91.07,5844,8188,0,false,true,sha256:150b59966fb5b2cb1a8fa9d226267c56ebd22c520c7b3640331cde87f3c4fb01
1791655634,NVIDIA GeForce RTX 4060,595.91.07,5844,8188,0,false,true,sha256:150b59966fb5b2cb1a8fa9d226267c56ebd22c520c7b3640331cde87f3c4fb01
1791655635,NVIDIA GeForce RTX 4060,595.91.07,5844,8188,0,false,true,sha256:150b59966fb5b2cb1a8fa9d226267c56ebd22c520c7b3640331cde87f3c4fb01
1791655636,NVIDIA GeForce RTX 4060,595.91.07,5844,8188,0,false,true,sha256:150b59966fb5b2cb1a8fa9d226267c56ebd22c520c7b3640331cde87f3c4fb01
1791655637,NVIDIA GeForce RTX 4060,595.91.07,5844,8188,0,false,true,sha256:150b59966fb5b2cb1a8fa9d226267c56ebd22c520c7b3640331cde87f3c4fb01
1791655638,NVIDIA GeForce RTX 4060,595.91.07,5844,8188,0,false,true,sha256:150b59966fb5b2cb1a8fa9d226267c56ebd22c520c7b3640331cde87f3c4fb01
1791655639,NVIDIA GeForce RTX 4060,595.91.07,5844,8188,0,false,true,sha256:150b59966fb5b2cb1a8fa9d226267c56ebd22c520c7b3640331cde87f3c4fb01
1791655640,NVIDIA GeForce RTX 4060,595.91.07,5844,8188,0,false,true,sha256:150b59966fb5b2cb1a8fa9d226267c56ebd22c520c7b3640331cde87f3c4fb01
1791655642,NVIDIA GeForce RTX 4060,595.91.07,5844,8188,0,false,true,sha256:150b59966fb5b2cb1a8fa9d226267c56ebd22c520c7b3640331cde87f3c4fb01
1791655643,NVIDIA GeForce RTX 4060,595.91.07,5844,8188,0,false,true,sha256:150b59966fb5b2cb1a8fa9d226267c56ebd22c520c7b3640331cde87f3c4fb01
1791655644,NVIDIA GeForce RTX 4060,595.91.07,5844,8188,0,false,true,sha256:150b59966fb5b2cb1a8fa9d226267c56ebd22c520c7b3640331cde87f3c4fb01
1791655645,NVIDIA GeForce RTX 4060,595.91.07,5844,8188,0,false,true,sha256:150b59966fb5b2cb1a8fa9d226267c56ebd22c520c7b3640331cde87f3c4fb01
1791655646,NVIDIA GeForce RTX 4060,595.91.07,5844,8188,0,false,true,sha256:150b59966fb5b2cb1a8fa9d226267c56ebd22c520c7b3640331cde87f3c4fb01
1791655647,NVIDIA GeForce RTX 4060,595.91.07,5844,8188,0,false,true,sha256:150b59966fb5b2cb1a8fa9d226267c56ebd22c520c7b3640331cde87f3c4fb01
1791655648,NVIDIA GeForce RTX 4060,595.91.07,5844,8188,0,false,true,sha256:150b59966fb5b2cb1a8fa9d226267c56ebd22c520c7b3640331cde87f3c4fb01
1791655649,NVIDIA GeForce RTX 4060,595.91.07,5844,8188,0,false,true,sha256:150b59966fb5b2cb1a8fa9d226267c56ebd22c520c7b3640331cde87f3c4fb01
1791655650,NVIDIA GeForce RTX 4060,595.91.07,5844,8188,0,false,true,sha256:150b59966fb5b2cb1a8fa9d226267c56ebd22c520c7b3640331cde87f3c4fb01
1791655651,NVIDIA GeForce RTX 4060,595.91.07,5844,8188,0,false,true,sha256:150b59966fb5b2cb1a8fa9d226267c56ebd22c520c7b3640331cde87f3c4fb01
1791655652,NVIDIA GeForce RTX 4060,595.91.07,5844,8188,0,false,true,sha256:150b59966fb5b2cb1a8fa9d226267c56ebd22c520c7b3640331cde87f3c4fb01
1791655654,NVIDIA GeForce RTX 4060,595.91.07,5844,8188,0,false,true,sha256:150b59966fb5b2cb1a8fa9d226267c56ebd22c520c7b3640331cde87f3c4fb01
1791655655,NVIDIA GeForce RTX 4060,595.91.07,5844,8188,0,false,true,sha256:150b59966fb5b2cb1a8fa9d226267c56ebd22c520c7b3640331cde87f3c4fb01
1791655656,NVIDIA GeForce RTX 4060,595.91.07,5844,8188,0,false,true,sha256:150b59966fb5b2cb1a8fa9d226267c56ebd22c520c7b3640331cde87f3c4fb01
1791655657,NVIDIA GeForce RTX 4060,595.91.07,5844,8188,0,false,true,sha256:150b59966fb5b2cb1a8fa9d226267c56ebd22c520c7b3640331cde87f3c4fb01
1791655658,NVIDIA GeForce RTX 4060,595.91.07,5844,8188,0,false,true,sha256:150b59966fb5b2cb1a8fa9d226267c56ebd22c520c7b3640331cde87f3c4fb01
1791655659,NVIDIA GeForce RTX 4060,595.91.07,5844,8188,0,false,true,sha256:150b59966fb5b2cb1a8fa9d226267c56ebd22c520c7b3640331cde87f3c4fb01
1791655660,NVIDIA GeForce RTX 4060,595.91.07,5844,8188,0,false,true,sha256:150b59966fb5b2cb1a8fa9d226267c56ebd22c520c7b3640331cde87f3c4fb01
1791655661,NVIDIA GeForce RTX 4060,595.91.07,5844,8188,0,false,true,sha256:150b59966fb5b2cb1a8fa9d226267c56ebd22c520c7b3640331cde87f3c4fb01
1791655662,NVIDIA GeForce RTX 4060,595.91.07,5844,8188,0,false,true,sha256:150b59966fb5b2cb1a8fa9d226267c56ebd22c520c7b3640331cde87f3c4fb01
1791655663,NVIDIA GeForce RTX 4060,595.91.07,5844,8188,0,false,true,sha256:150b59966fb5b2cb1a8fa9d226267c56ebd22c520c7b3640331cde87f3c4fb01
1791655664,NVIDIA GeForce RTX 4060,595.91.07,5844,8188,0,false,true,sha256:150b59966fb5b2cb1a8fa9d226267c56ebd22c520c7b3640331cde87f3c4fb01
1791655665,NVIDIA GeForce RTX 4060,595.91.07,5844,8188,0,false,true,sha256:150b59966fb5b2cb1a8fa9d226267c56ebd22c520c7b3640331cde87f3c4fb01
1791655667,NVIDIA GeForce RTX 4060,595.91.07,5844,8188,0,false,true,sha256:150b59966fb5b2cb1a8fa9d226267c56ebd22c520c7b3640331cde87f3c4fb01
1791655668,NVIDIA GeForce RTX 4060,595.91.07,5844,8188,0,false,true,sha256:150b59966fb5b2cb1a8fa9d226267c56ebd22c520c7b3640331cde87f3c4fb01
1791655669,NVIDIA GeForce RTX 4060,595.91.07,5844,8188,0,false,true,sha256:150b59966fb5b2cb1a8fa9d226267c56ebd22c520c7b3640331cde87f3c4fb01
1791655670,NVIDIA GeForce RTX 4060,595.91.07,5844,8188,0,false,true,sha256:150b59966fb5b2cb1a8fa9d226267c56ebd22c520c7b3640331cde87f3c4fb01
1791655671,NVIDIA GeForce RTX 4060,595.91.07,5844,8188,0,false,true,sha256:150b59966fb5b2cb1a8fa9d226267c56ebd22c520c7b3640331cde87f3c4fb01
1791655672,NVIDIA GeForce RTX 4060,595.91.07,5844,8188,0,false,true,sha256:150b59966fb5b2cb1a8fa9d226267c56ebd22c520c7b3640331cde87f3c4fb01
1791655673,NVIDIA GeForce RTX 4060,595.91.07,5844,8188,0,false,true,sha256:150b59966fb5b2cb1a8fa9d226267c56ebd22c520c7b3640331cde87f3c4fb01
1791655674,NVIDIA GeForce RTX 4060,595.91.07,5844,8188,0,false,true,sha256:150b59966fb5b2cb1a8fa9d226267c56ebd22c520c7b3640331cde87f3c4fb01
1791655675,NVIDIA GeForce RTX 4060,595.91.07,5844,8188,0,false,true,sha256:150b59966fb5b2cb1a8fa9d226267c56ebd22c520c7b3640331cde87f3c4fb01
1791655676,NVIDIA GeForce RTX 4060,595.91.07,5844,8188,0,false,true,sha256:150b59966fb5b2cb1a8fa9d226267c56ebd22c520c7b3640331cde87f3c4fb01
1791655677,NVIDIA GeForce RTX 4060,595.91.07,5844,8188,0,false,true,sha256:150b59966fb5b2cb1a8fa9d226267c56ebd22c520c7b3640331cde87f3c4fb01
1791655678,NVIDIA GeForce RTX 4060,595.91.07,5844,8188,0,false,true,sha256:150b59966fb5b2cb1a8fa9d226267c56ebd22c520c7b3640331cde87f3c4fb01
1791655680,NVIDIA GeForce RTX 4060,595.91.07,5844,8188,0,false,true,sha256:150b59966fb5b2cb1a8fa9d226267c56ebd22c520c7b3640331cde87f3c4fb01
1791655681,NVIDIA GeForce RTX 4060,595.91.07,5844,8188,0,false,true,sha256:150b59966fb5b2cb1a8fa9d226267c56ebd22c520c7b3640331cde87f3c4fb01
1791655682,NVIDIA GeForce RTX 4060,595.91.07,5844,8188,0,false,true,sha256:150b59966fb5b2cb1a8fa9d226267c56ebd22c520c7b3640331cde87f3c4fb01
1791655683,NVIDIA GeForce RTX 4060,595.91.07,5844,8188,0,false,true,sha256:150b59966fb5b2cb1a8fa9d226267c56ebd22c520c7b3640331cde87f3c4fb01
1791655684,NVIDIA GeForce RTX 4060,595.91.07,5844,8188,0,false,true,sha256:150b59966fb5b2cb1a8fa9d226267c56ebd22c520c7b3640331cde87f3c4fb01
1791655685,NVIDIA GeForce RTX 4060,595.91.07,5844,8188,0,false,true,sha256:150b59966fb5b2cb1a8fa9d226267c56ebd22c520c7b3640331cde87f3c4fb01
1791655686,NVIDIA GeForce RTX 4060,595.91.07,5844,8188,0,false,true,sha256:150b59966fb5b2cb1a8fa9d226267c56ebd22c520c7b3640331cde87f3c4fb01
1791655687,NVIDIA GeForce RTX 4060,595.91.07,5844,8188,0,false,true,sha256:150b59966fb5b2cb1a8fa9d226267c56ebd22c520c7b3640331cde87f3c4fb01
1791655688,NVIDIA GeForce RTX 4060,595.91.07,5844,8188,0,false,true,sha256:150b59966fb5b2cb1a8fa9d226267c56ebd22c520c7b3640331cde87f3c4fb01
1791655689,NVIDIA GeForce RTX 4060,595.91.07,5844,8188,0,false,true,sha256:150b59966fb5b2cb1a8fa9d226267c56ebd22c520c7b3640331cde87f3c4fb01
1791655690,NVIDIA GeForce RTX 4060,595.91.07,5844,8188,0,false,true,sha256:150b59966fb5b2cb1a8fa9d226267c56ebd22c520c7b3640331cde87f3c4fb01
1791655691,NVIDIA GeForce RTX 4060,595.91.07,5844,8188,0,false,true,sha256:150b59966fb5b2cb1a8fa9d226267c56ebd22c520c7b3640331cde87f3c4fb01
1791655693,NVIDIA GeForce RTX 4060,595.91.07,5844,8188,0,false,true,sha256:150b59966fb5b2cb1a8fa9d226267c56ebd22c520c7b3640331cde87f3c4fb01
1791655694,NVIDIA GeForce RTX 4060,595.91.07,5844,8188,0,false,true,sha256:150b59966fb5b2cb1a8fa9d226267c56ebd22c520c7b3640331cde87f3c4fb01
1791655695,NVIDIA GeForce RTX 4060,595.91.07,5844,8188,0,false,true,sha256:150b59966fb5b2cb1a8fa9d226267c56ebd22c520c7b3640331cde87f3c4fb01
1791655696,NVIDIA GeForce RTX 4060,595.91.07,5844,8188,0,false,true,sha256:150b59966fb5b2cb1a8fa9d226267c56ebd22c520c7b3640331cde87f3c4fb01
1791655697,NVIDIA GeForce RTX 4060,595.91.07,5844,8188,0,false,true,sha256:150b59966fb5b2cb1a8fa9d226267c56ebd22c520c7b3640331cde87f3c4fb01
1791655698,NVIDIA GeForce RTX 4060,595.91.07,5844,8188,0,false,true,sha256:150b59966fb5b2cb1a8fa9d226267c56ebd22c520c7b3640331cde87f3c4fb01
1791655699,NVIDIA GeForce RTX 4060,595.91.07,5844,8188,0,false,true,sha256:150b59966fb5b2cb1a8fa9d226267c56ebd22c520c7b3640331cde87f3c4fb01
1791655700,NVIDIA GeForce RTX 4060,595.91.07,5844,8188,0,false,true,sha256:150b59966fb5b2cb1a8fa9d226267c56ebd22c520c7b3640331cde87f3c4fb01
1791655701,NVIDIA GeForce RTX 4060,595.91.07,5844,8188,0,false,true,sha256:150b59966fb5b2cb1a8fa9d226267c56ebd22c520c7b3640331cde87f3c4fb01
1791655702,NVIDIA GeForce RTX 4060,595.91.07,5844,8188,0,false,true,sha256:150b59966fb5b2cb1a8fa9d226267c56ebd22c520c7b3640331cde87f3c4fb01
1791655703,NVIDIA GeForce RTX 4060,595.91.07,5844,8188,0,false,true,sha256:150b59966fb5b2cb1a8fa9d226267c56ebd22c520c7b3640331cde87f3c4fb01
1791655704,NVIDIA GeForce RTX 4060,595.91.07,5844,8188,0,false,true,sha256:150b59966fb5b2cb1a8fa9d226267c56ebd22c520c7b3640331cde87f3c4fb01
1791655705,NVIDIA GeForce RTX 4060,595.91.07,5844,8188,0,false,true,sha256:150b59966fb5b2cb1a8fa9d226267c56ebd22c520c7b3640331cde87f3c4fb01
1791655707,NVIDIA GeForce RTX 4060,595.91.07,5844,8188,0,false,true,sha256:150b59966fb5b2cb1a8fa9d226267c56ebd22c520c7b3640331cde87f3c4fb01
1791655708,NVIDIA GeForce RTX 4060,595.91.07,5844,8188,0,false,true,sha256:150b59966fb5b2cb1a8fa9d226267c56ebd22c520c7b3640331cde87f3c4fb01
1791655709,NVIDIA GeForce RTX 4060,595.91.07,5844,8188,0,false,true,sha256:150b59966fb5b2cb1a8fa9d226267c56ebd22c520c7b3640331cde87f3c4fb01
1791655710,NVIDIA GeForce RTX 4060,595.91.07,5844,8188,0,false,true,sha256:150b59966fb5b2cb1a8fa9d226267c56ebd22c520c7b3640331cde87f3c4fb01
1791655711,NVIDIA GeForce RTX 4060,595.91.07,5844,8188,0,false,true,sha256:150b59966fb5b2cb1a8fa9d226267c56ebd22c520c7b3640331cde87f3c4fb01
1791655712,NVIDIA GeForce RTX 4060,595.91.07,5844,8188,0,false,true,sha256:150b59966fb5b2cb1a8fa9d226267c56ebd22c520c7b3640331cde87f3c4fb01
1791655713,NVIDIA GeForce RTX 4060,595.91.07,5844,8188,0,false,true,sha256:150b59966fb5b2cb1a8fa9d226267c56ebd22c520c7b3640331cde87f3c4fb01
1791655714,NVIDIA GeForce RTX 4060,595.91.07,5844,8188,0,false,true,sha256:150b59966fb5b2cb1a8fa9d226267c56ebd22c520c7b3640331cde87f3c4fb01
1791655715,NVIDIA GeForce RTX 4060,595.91.07,5844,8188,0,false,true,sha256:150b59966fb5b2cb1a8fa9d226267c56ebd22c520c7b3640331cde87f3c4fb01
1791655716,NVIDIA GeForce RTX 4060,595.91.07,5844,8188,0,false,true,sha256:150b59966fb5b2cb1a8fa9d226267c56ebd22c520c7b3640331cde87f3c4fb01
1791655717,NVIDIA GeForce RTX 4060,595.91.07,5844,8188,0,false,true,sha256:150b59966fb5b2cb1a8fa9d226267c56ebd22c520c7b3640331cde87f3c4fb01
1791655718,NVIDIA GeForce RTX 4060,595.91.07,5844,8188,0,false,true,sha256:150b59966fb5b2cb1a8fa9d226267c56ebd22c520c7b3640331cde87f3c4fb01
1791655720,NVIDIA GeForce RTX 4060,595.91.07,5844,8188,0,false,true,sha256:150b59966fb5b2cb1a8fa9d226267c56ebd22c520c7b3640331cde87f3c4fb01
1791655721,NVIDIA GeForce RTX 4060,595.91.07,5844,8188,0,false,true,sha256:150b59966fb5b2cb1a8fa9d226267c56ebd22c520c7b3640331cde87f3c4fb01
1791655722,NVIDIA GeForce RTX 4060,595.91.07,5844,8188,0,false,true,sha256:150b59966fb5b2cb1a8fa9d226267c56ebd22c520c7b3640331cde87f3c4fb01
1791655723,NVIDIA GeForce RTX 4060,595.91.07,5844,8188,0,false,true,sha256:150b59966fb5b2cb1a8fa9d226267c56ebd22c520c7b3640331cde87f3c4fb01
1791655724,NVIDIA GeForce RTX 4060,595.91.07,5844,8188,0,false,true,sha256:150b59966fb5b2cb1a8fa9d226267c56ebd22c520c7b3640331cde87f3c4fb01
1791655725,NVIDIA GeForce RTX 4060,595.91.07,5844,8188,0,false,true,sha256:150b59966fb5b2cb1a8fa9d226267c56ebd22c520c7b3640331cde87f3c4fb01
1791655726,NVIDIA GeForce RTX 4060,595.91.07,5844,8188,0,false,true,sha256:150b59966fb5b2cb1a8fa9d226267c56ebd22c520c7b3640331cde87f3c4fb01
1791655727,NVIDIA GeForce RTX 4060,595.91.07,5844,8188,0,false,true,sha256:150b59966fb5b2cb1a8fa9d226267c56ebd22c520c7b3640331cde87f3c4fb01
1791655728,NVIDIA GeForce RTX 4060,595.91.07,5844,8188,0,false,true,sha256:150b59966fb5b2cb1a8fa9d226267c56ebd22c520c7b3640331cde87f3c4fb01
1791655729,NVIDIA GeForce RTX 4060,595.91.07,5844,8188,0,false,true,sha256:150b59966fb5b2cb1a8fa9d226267c56ebd22c520c7b3640331cde87f3c4fb01
1791655730,NVIDIA GeForce RTX 4060,595.91.07,5844,8188,0,false,true,sha256:150b59966fb5b2cb1a8fa9d226267c56ebd22c520c7b3640331cde87f3c4fb01
1791655731,NVIDIA GeForce RTX 4060,595.91.07,5844,8188,0,false,true,sha256:150b59966fb5b2cb1a8fa9d226267c56ebd22c520c7b3640331cde87f3c4fb01
1791655733,NVIDIA GeForce RTX 4060,595.91.07,5844,8188,0,false,true,sha256:150b59966fb5b2cb1a8fa9d226267c56ebd22c520c7b3640331cde87f3c4fb01
1791655734,NVIDIA GeForce RTX 4060,595.91.07,5844,8188,0,false,true,sha256:150b59966fb5b2cb1a8fa9d226267c56ebd22c520c7b3640331cde87f3c4fb01
1791655735,NVIDIA GeForce RTX 4060,595.91.07,5844,8188,0,false,true,sha256:150b59966fb5b2cb1a8fa9d226267c56ebd22c520c7b3640331cde87f3c4fb01
1791655736,NVIDIA GeForce RTX 4060,595.91.07,5844,8188,0,false,true,sha256:150b59966fb5b2cb1a8fa9d226267c56ebd22c520c7b3640331cde87f3c4fb01
1791655737,NVIDIA GeForce RTX 4060,595.91.07,5844,8188,0,false,true,sha256:150b59966fb5b2cb1a8fa9d226267c56ebd22c520c7b3640331cde87f3c4fb01
1791655738,NVIDIA GeForce RTX 4060,595.91.07,5844,8188,0,false,true,sha256:150b59966fb5b2cb1a8fa9d226267c56ebd22c520c7b3640331cde87f3c4fb01
1791655739,NVIDIA GeForce RTX 4060,595.91.07,5844,8188,0,false,true,sha256:150b59966fb5b2cb1a8fa9d226267c56ebd22c520c7b3640331cde87f3c4fb01
1791655740,NVIDIA GeForce RTX 4060,595.91.07,5844,8188,0,false,true,sha256:150b59966fb5b2cb1a8fa9d226267c56ebd22c520c7b3640331cde87f3c4fb01
1791655741,NVIDIA GeForce RTX 4060,595.91.07,5844,8188,0,false,true,sha256:150b59966fb5b2cb1a8fa9d226267c56ebd22c520c7b3640331cde87f3c4fb01
1791655742,NVIDIA GeForce RTX 4060,595.91.07,5844,8188,0,false,true,sha256:150b59966fb5b2cb1a8fa9d226267c56ebd22c520c7b3640331cde87f3c4fb01
1791655743,NVIDIA GeForce RTX 4060,595.91.07,5844,8188,0,false,true,sha256:150b59966fb5b2cb1a8fa9d226267c56ebd22c520c7b3640331cde87f3c4fb01
1791655744,NVIDIA GeForce RTX 4060,595.91.07,5844,8188,0,false,true,sha256:150b59966fb5b2cb1a8fa9d226267c56ebd22c520c7b3640331cde87f3c4fb01
1791655746,NVIDIA GeForce RTX 4060,595.91.07,5844,8188,0,false,true,sha256:150b59966fb5b2cb1a8fa9d226267c56ebd22c520c7b3640331cde87f3c4fb01
1791655747,NVIDIA GeForce RTX 4060,595.91.07,5844,8188,0,false,true,sha256:150b59966fb5b2cb1a8fa9d226267c56ebd22c520c7b3640331cde87f3c4fb01
1791655748,NVIDIA GeForce RTX 4060,595.91.07,5844,8188,0,false,true,sha256:150b59966fb5b2cb1a8fa9d226267c56ebd22c520c7b3640331cde87f3c4fb01
1791655749,NVIDIA GeForce RTX 4060,595.91.07,5844,8188,0,false,true,sha256:150b59966fb5b2cb1a8fa9d226267c56ebd22c520c7b3640331cde87f3c4fb01
1791655750,NVIDIA GeForce RTX 4060,595.91.07,5844,8188,0,false,true,sha256:150b59966fb5b2cb1a8fa9d226267c56ebd22c520c7b3640331cde87f3c4fb01
1791655751,NVIDIA GeForce RTX 4060,595.91.07,5844,8188,0,false,true,sha256:150b59966fb5b2cb1a8fa9d226267c56ebd22c520c7b3640331cde87f3c4fb01
1791655752,NVIDIA GeForce RTX 4060,595.91.07,5844,8188,0,false,true,sha256:150b59966fb5b2cb1a8fa9d226267c56ebd22c520c7b3640331cde87f3c4fb01
1791655753,NVIDIA GeForce RTX 4060,595.91.07,5844,8188,0,false,true,sha256:150b59966fb5b2cb1a8fa9d226267c56ebd22c520c7b3640331cde87f3c4fb01
1791655754,NVIDIA GeForce RTX 4060,595.91.07,5844,8188,0,false,true,sha256:150b59966fb5b2cb1a8fa9d226267c56ebd22c520c7b3640331cde87f3c4fb01
1791655755,NVIDIA GeForce RTX 4060,595.91.07,5844,8188,0,false,true,sha256:150b59966fb5b2cb1a8fa9d226267c56ebd22c520c7b3640331cde87f3c4fb01
1791655756,NVIDIA GeForce RTX 4060,595.91.07,5844,8188,0,false,true,sha256:150b59966fb5b2cb1a8fa9d226267c56ebd22c520c7b3640331cde87f3c4fb01
1791655757,NVIDIA GeForce RTX 4060,595.91.07,5844,8188,0,false,true,sha256:150b59966fb5b2cb1a8fa9d226267c56ebd22c520c7b3640331cde87f3c4fb01
1791655759,NVIDIA GeForce RTX 4060,595.91.07,5844,8188,0,false,true,sha256:150b59966fb5b2cb1a8fa9d226267c56ebd22c520c7b3640331cde87f3c4fb01
1791655760,NVIDIA GeForce RTX 4060,595.91.07,5844,8188,0,false,true,sha256:150b59966fb5b2cb1a8fa9d226267c56ebd22c520c7b3640331cde87f3c4fb01
1791655761,NVIDIA GeForce RTX 4060,595.91.07,5844,8188,0,false,true,sha256:150b59966fb5b2cb1a8fa9d226267c56ebd22c520c7b3640331cde87f3c4fb01
1791655762,NVIDIA GeForce RTX 4060,595.91.07,5844,8188,0,false,true,sha256:150b59966fb5b2cb1a8fa9d226267c56ebd22c520c7b3640331cde87f3c4fb01
1791655763,NVIDIA GeForce RTX 4060,595.91.07,5844,8188,0,false,true,sha256:150b59966fb5b2cb1a8fa9d226267c56ebd22c520c7b3640331cde87f3c4fb01
1791655764,NVIDIA GeForce RTX 4060,595.91.07,5844,8188,0,false,true,sha256:150b59966fb5b2cb1a8fa9d226267c56ebd22c520c7b3640331cde87f3c4fb01
1791655765,NVIDIA GeForce RTX 4060,595.91.07,5844,8188,0,false,true,sha256:150b59966fb5b2cb1a8fa9d226267c56ebd22c520c7b3640331cde87f3c4fb01
1791655766,NVIDIA GeForce RTX 4060,595.91.07,5844,8188,0,false,true,sha256:150b59966fb5b2cb1a8fa9d226267c56ebd22c520c7b3640331cde87f3c4fb01
1791655767,NVIDIA GeForce RTX 4060,595.91.07,5844,8188,0,false,true,sha256:150b59966fb5b2cb1a8fa9d226267c56ebd22c520c7b3640331cde87f3c4fb01
1791655768,NVIDIA GeForce RTX 4060,595.91.07,5844,8188,0,false,true,sha256:150b59966fb5b2cb1a8fa9d226267c56ebd22c520c7b3640331cde87f3c4fb01
1791655769,NVIDIA GeForce RTX 4060,595.91.07,5844,8188,0,false,true,sha256:150b59966fb5b2cb1a8fa9d226267c56ebd22c520c7b3640331cde87f3c4fb01
1791655770,NVIDIA GeForce RTX 4060,595.91.07,5844,8188,0,false,true,sha256:150b59966fb5b2cb1a8fa9d226267c56ebd22c520c7b3640331cde87f3c4fb01
1791655772,NVIDIA GeForce RTX 4060,595.91.07,5844,8188,0,false,true,sha256:150b59966fb5b2cb1a8fa9d226267c56ebd22c520c7b3640331cde87f3c4fb01
1791655773,NVIDIA GeForce RTX 4060,595.91.07,5844,8188,0,false,true,sha256:150b59966fb5b2cb1a8fa9d226267c56ebd22c520c7b3640331cde87f3c4fb01
1791655774,NVIDIA GeForce RTX 4060,595.91.07,5844,8188,0,false,true,sha256:150b59966fb5b2cb1a8fa9d226267c56ebd22c520c7b3640331cde87f3c4fb01
1791655775,NVIDIA GeForce RTX 4060,595.91.07,5844,8188,0,false,true,sha256:150b59966fb5b2cb1a8fa9d226267c56ebd22c520c7b3640331cde87f3c4fb01
1791655776,NVIDIA GeForce RTX 4060,595.91.07,5844,8188,0,false,true,sha256:150b59966fb5b2cb1a8fa9d226267c56ebd22c520c7b3640331cde87f3c4fb01
1791655777,NVIDIA GeForce RTX 4060,595.91.07,5844,8188,0,false,true,sha256:150b59966fb5b2cb1a8fa9d226267c56ebd22c520c7b3640331cde87f3c4fb01
1791655778,NVIDIA GeForce RTX 4060,595.91.07,5844,8188,0,false,true,sha256:150b59966fb5b2cb1a8fa9d226267c56ebd22c520c7b3640331cde87f3c4fb01
1791655779,NVIDIA GeForce RTX 4060,595.91.07,5844,8188,0,false,true,sha256:150b59966fb5b2cb1a8fa9d226267c56ebd22c520c7b3640331cde87f3c4fb01
1791655780,NVIDIA GeForce RTX 4060,595.91.07,5844,8188,0,false,true,sha256:150b59966fb5b2cb1a8fa9d226267c56ebd22c520c7b3640331cde87f3c4fb01
1791655781,NVIDIA GeForce RTX 4060,595.91.07,5844,8188,0,false,true,sha256:150b59966fb5b2cb1a8fa9d226267c56ebd22c520c7b3640331cde87f3c4fb01
1791655782,NVIDIA GeForce RTX 4060,595.91.07,5844,8188,0,false,true,sha256:150b59966fb5b2cb1a8fa9d226267c56ebd22c520c7b3640331cde87f3c4fb01
1791655783,NVIDIA GeForce RTX 4060,595.91.07,5844,8188,0,false,true,sha256:150b59966fb5b2cb1a8fa9d226267c56ebd22c520c7b3640331cde87f3c4fb01
1791655785,NVIDIA GeForce RTX 4060,595.91.07,5844,8188,0,false,true,sha256:150b59966fb5b2cb1a8fa9d226267c56ebd22c520c7b3640331cde87f3c4fb01
1791655786,NVIDIA GeForce RTX 4060,595.91.07,5844,8188,0,false,true,sha256:150b59966fb5b2cb1a8fa9d226267c56ebd22c520c7b3640331cde87f3c4fb01
1791655787,NVIDIA GeForce RTX 4060,595.91.07,5844,8188,0,false,true,sha256:150b59966fb5b2cb1a8fa9d226267c56ebd22c520c7b3640331cde87f3c4fb01
1791655788,NVIDIA GeForce RTX 4060,595.91.07,5844,8188,0,false,true,sha256:150b59966fb5b2cb1a8fa9d226267c56ebd22c520c7b3640331cde87f3c4fb01
1791655789,NVIDIA GeForce RTX 4060,595.91.07,5844,8188,0,false,true,sha256:150b59966fb5b2cb1a8fa9d226267c56ebd22c520c7b3640331cde87f3c4fb01
1791655790,NVIDIA GeForce RTX 4060,595.91.07,5844,8188,0,false,true,sha256:150b59966fb5b2cb1a8fa9d226267c56ebd22c520c7b3640331cde87f3c4fb01
1791655791,NVIDIA GeForce RTX 4060,595.91.07,5844,8188,0,false,true,sha256:150b59966fb5b2cb1a8fa9d226267c56ebd22c520c7b3640331cde87f3c4fb01
1791655792,NVIDIA GeForce RTX 4060,595.91.07,5844,8188,0,false,true,sha256:150b59966fb5b2cb1a8fa9d226267c56ebd22c520c7b3640331cde87f3c4fb01
1791655793,NVIDIA GeForce RTX 4060,595.91.07,5844,8188,0,false,true,sha256:150b59966fb5b2cb1a8fa9d226267c56ebd22c520c7b3640331cde87f3c4fb01
1791655794,NVIDIA GeForce RTX 4060,595.91.07,5844,8188,0,false,true,sha256:150b59966fb5b2cb1a8fa9d226267c56ebd22c520c7b3640331cde87f3c4fb01
1791655795,NVIDIA GeForce RTX 4060,595.91.07,5844,8188,0,false,true,sha256:150b59966fb5b2cb1a8fa9d226267c56ebd22c520c7b3640331cde87f3c4fb01
1791655796,NVIDIA GeForce RTX 4060,595.91.07,5844,8188,0,false,true,sha256:150b59966fb5b2cb1a8fa9d226267c56ebd22c520c7b3640331cde87f3c4fb01
1791655798,NVIDIA GeForce RTX 4060,595.91.07,5844,8188,0,false,true,sha256:150b59966fb5b2cb1a8fa9d226267c56ebd22c520c7b3640331cde87f3c4fb01
1791655799,NVIDIA GeForce RTX 4060,595.91.07,5844,8188,0,false,true,sha256:150b59966fb5b2cb1a8fa9d226267c56ebd22c520c7b3640331cde87f3c4fb01
1791655800,NVIDIA GeForce RTX 4060,595.91.07,5844,8188,0,false,true,sha256:150b59966fb5b2cb1a8fa9d226267c56ebd22c520c7b3640331cde87f3c4fb01
1791655801,NVIDIA GeForce RTX 4060,595.91.07,5844,8188,0,false,true,sha256:150b59966fb5b2cb1a8fa9d226267c56ebd22c520c7b3640331cde87f3c4fb01
1791655802,NVIDIA GeForce RTX 4060,595.91.07,5844,8188,0,false,true,sha256:150b59966fb5b2cb1a8fa9d226267c56ebd22c520c7b3640331cde87f3c4fb01
1791655803,NVIDIA GeForce RTX 4060,595.91.07,5844,8188,0,false,true,sha256:150b59966fb5b2cb1a8fa9d226267c56ebd22c520c7b3640331cde87f3c4fb01
1791655804,NVIDIA GeForce RTX 4060,595.91.07,5844,8188,0,false,true,sha256:150b59966fb5b2cb1a8fa9d226267c56ebd22c520c7b3640331cde87f3c4fb01
1791655805,NVIDIA GeForce RTX 4060,595.91.07,5844,8188,0,false,true,sha256:150b59966fb5b2cb1a8fa9d226267c56ebd22c520c7b3640331cde87f3c4fb01
1791655806,NVIDIA GeForce RTX 4060,595.91.07,5844,8188,0,false,true,sha256:150b59966fb5b2cb1a8fa9d226267c56ebd22c520c7b3640331cde87f3c4fb01
1791655807,NVIDIA GeForce RTX 4060,595.91.07,5844,8188,0,false,true,sha256:150b59966fb5b2cb1a8fa9d226267c56ebd22c520c7b3640331cde87f3c4fb01
1791655808,NVIDIA GeForce RTX 4060,595.91.07,5844,8188,0,false,true,sha256:150b59966fb5b2cb1a8fa9d226267c56ebd22c520c7b3640331cde87f3c4fb01
1791655809,NVIDIA GeForce RTX 4060,595.91.07,5844,8188,0,false,true,sha256:150b59966fb5b2cb1a8fa9d226267c56ebd22c520c7b3640331cde87f3c4fb01
1791655811,NVIDIA GeForce RTX 4060,595.91.07,5844,8188,0,false,true,sha256:150b59966fb5b2cb1a8fa9d226267c56ebd22c520c7b3640331cde87f3c4fb01
1791655812,NVIDIA GeForce RTX 4060,595.91.07,5844,8188,0,false,true,sha256:150b59966fb5b2cb1a8fa9d226267c56ebd22c520c7b3640331cde87f3c4fb01
1791655813,NVIDIA GeForce RTX 4060,595.91.07,5844,8188,0,false,true,sha256:150b59966fb5b2cb1a8fa9d226267c56ebd22c520c7b3640331cde87f3c4fb01
1791655814,NVIDIA GeForce RTX 4060,595.91.07,5844,8188,0,false,true,sha256:150b59966fb5b2cb1a8fa9d226267c56ebd22c520c7b3640331cde87f3c4fb01
1791655815,NVIDIA GeForce RTX 4060,595.91.07,5844,8188,0,false,true,sha256:150b59966fb5b2cb1a8fa9d226267c56ebd22c520c7b3640331cde87f3c4fb01
1791655816,NVIDIA GeForce RTX 4060,595.91.07,5844,8188,0,false,true,sha256:150b59966fb5b2cb1a8fa9d226267c56ebd22c520c7b3640331cde87f3c4fb01
1791655817,NVIDIA GeForce RTX 4060,595.91.07,5844,8188,0,false,true,sha256:150b59966fb5b2cb1a8fa9d226267c56ebd22c520c7b3640331cde87f3c4fb01
1791655818,NVIDIA GeForce RTX 4060,595.91.07,5844,8188,0,false,true,sha256:150b59966fb5b2cb1a8fa9d226267c56ebd22c520c7b3640331cde87f3c4fb01
1791655819,NVIDIA GeForce RTX 4060,595.91.07,5844,8188,0,false,true,sha256:150b59966fb5b2cb1a8fa9d226267c56ebd22c520c7b3640331cde87f3c4fb01
1791655820,NVIDIA GeForce RTX 4060,595.91.07,5844,8188,0,false,true,sha256:150b59966fb5b2cb1a8fa9d226267c56ebd22c520c7b3640331cde87f3c4fb01
1791655821,NVIDIA GeForce RTX 4060,595.91.07,5844,8188,0,false,true,sha256:150b59966fb5b2cb1a8fa9d226267c56ebd22c520c7b3640331cde87f3c4fb01
1791655822,NVIDIA GeForce RTX 4060,595.91.07,5844,8188,0,false,true,sha256:150b59966fb5b2cb1a8fa9d226267c56ebd22c520c7b3640331cde87f3c4fb01
1791655824,NVIDIA GeForce RTX 4060,595.91.07,5844,8188,0,false,true,sha256:150b59966fb5b2cb1a8fa9d226267c56ebd22c520c7b3640331cde87f3c4fb01
1791655825,NVIDIA GeForce RTX 4060,595.91.07,5844,8188,0,false,true,sha256:150b59966fb5b2cb1a8fa9d226267c56ebd22c520c7b3640331cde87f3c4fb01
1791655826,NVIDIA GeForce RTX 4060,595.91.07,5844,8188,0,false,true,sha256:150b59966fb5b2cb1a8fa9d226267c56ebd22c520c7b3640331cde87f3c4fb01
1791655827,NVIDIA GeForce RTX 4060,595.91.07,5844,8188,0,false,true,sha256:150b59966fb5b2cb1a8fa9d226267c56ebd22c520c7b3640331cde87f3c4fb01
1791655828,NVIDIA GeForce RTX 4060,595.91.07,5844,8188,0,false,true,sha256:150b59966fb5b2cb1a8fa9d226267c56ebd22c520c7b3640331cde87f3c4fb01
1791655829,NVIDIA GeForce RTX 4060,595.91.07,5844,8188,0,false,true,sha256:150b59966fb5b2cb1a8fa9d226267c56ebd22c520c7b3640331cde87f3c4fb01
1791655830,NVIDIA GeForce RTX 4060,595.91.07,5844,8188,0,false,true,sha256:150b59966fb5b2cb1a8fa9d226267c56ebd22c520c7b3640331cde87f3c4fb01
1791655831,NVIDIA GeForce RTX 4060,595.91.07,5844,8188,0,false,true,sha256:150b59966fb5b2cb1a8fa9d226267c56ebd22c520c7b3640331cde87f3c4fb01
1791655832,NVIDIA GeForce RTX 4060,595.91.07,5844,8188,0,false,true,sha256:150b59966fb5b2cb1a8fa9d226267c56ebd22c520c7b3640331cde87f3c4fb01
1791655833,NVIDIA GeForce RTX 4060,595.91.07,5844,8188,0,false,true,sha256:150b59966fb5b2cb1a8fa9d226267c56ebd22c520c7b3640331cde87f3c4fb01
1791655834,NVIDIA GeForce RTX 4060,595.91.07,5844,8188,0,false,true,sha256:150b59966fb5b2cb1a8fa9d226267c56ebd22c520c7b3640331cde87f3c4fb01
1791655836,NVIDIA GeForce RTX 4060,595.91.07,5844,8188,0,false,true,sha256:150b59966fb5b2cb1a8fa9d226267c56ebd22c520c7b3640331cde87f3c4fb01
1791655837,NVIDIA GeForce RTX 4060,595.91.07,5844,8188,0,false,true,sha256:150b59966fb5b2cb1a8fa9d226267c56ebd22c520c7b3640331cde87f3c4fb01
1791655838,NVIDIA GeForce RTX 4060,595.91.07,5844,8188,0,false,true,sha256:150b59966fb5b2cb1a8fa9d226267c56ebd22c520c7b3640331cde87f3c4fb01
1791655839,NVIDIA GeForce RTX 4060,595.91.07,5844,8188,0,false,true,sha256:150b59966fb5b2cb1a8fa9d226267c56ebd22c520c7b3640331cde87f3c4fb01
1791655840,NVIDIA GeForce RTX 4060,595.91.07,5844,8188,0,false,true,sha256:150b59966fb5b2cb1a8fa9d226267c56ebd22c520c7b3640331cde87f3c4fb01
1791655841,NVIDIA GeForce RTX 4060,595.91.07,5844,8188,0,false,true,sha256:150b59966fb5b2cb1a8fa9d226267c56ebd22c520c7b3640331cde87f3c4fb01
1791655842,NVIDIA GeForce RTX 4060,595.91.07,5844,8188,0,false,true,sha256:150b59966fb5b2cb1a8fa9d226267c56ebd22c520c7b3640331cde87f3c4fb01
1791655843,NVIDIA GeForce RTX 4060,595.91.07,5844,8188,0,false,true,sha256:150b59966fb5b2cb1a8fa9d226267c56ebd22c520c7b3640331cde87f3c4fb01
1791655844,NVIDIA GeForce RTX 4060,595.91.07,5844,8188,0,false,true,sha256:150b59966fb5b2cb1a8fa9d226267c56ebd22c520c7b3640331cde87f3c4fb01
1791655845,NVIDIA GeForce RTX 4060,595.91.07,5844,8188,0,false,true,sha256:150b59966fb5b2cb1a8fa9d226267c56ebd22c520c7b3640331cde87f3c4fb01
1791655846,NVIDIA GeForce RTX 4060,595.91.07,5844,8188,0,false,true,sha256:150b59966fb5b2cb1a8fa9d226267c56ebd22c520c7b3640331cde87f3c4fb01
1791655847,NVIDIA GeForce RTX 4060,595.91.07,5844,8188,0,false,true,sha256:150b59966fb5b2cb1a8fa9d226267c56ebd22c520c7b3640331cde87f3c4fb01
1791655849,NVIDIA GeForce RTX 4060,595.91.07,5844,8188,0,false,true,sha256:150b59966fb5b2cb1a8fa9d226267c56ebd22c520c7b3640331cde87f3c4fb01
1791655850,NVIDIA GeForce RTX 4060,595.91.07,5844,8188,0,false,true,sha256:150b59966fb5b2cb1a8fa9d226267c56ebd22c520c7b3640331cde87f3c4fb01
1791655851,NVIDIA GeForce RTX 4060,595.91.07,5844,8188,0,false,true,sha256:150b59966fb5b2cb1a8fa9d226267c56ebd22c520c7b3640331cde87f3c4fb01
1791655852,NVIDIA GeForce RTX 4060,595.91.07,5844,8188,0,false,true,sha256:150b59966fb5b2cb1a8fa9d226267c56ebd22c520c7b3640331cde87f3c4fb01
1791655853,NVIDIA GeForce RTX 4060,595.91.07,5844,8188,0,false,true,sha256:150b59966fb5b2cb1a8fa9d226267c56ebd22c520c7b3640331cde87f3c4fb01
1791655854,NVIDIA GeForce RTX 4060,595.91.07,5844,8188,0,false,true,sha256:150b59966fb5b2cb1a8fa9d226267c56ebd22c520c7b3640331cde87f3c4fb01
1791655855,NVIDIA GeForce RTX 4060,595.91.07,5844,8188,0,false,true,sha256:150b59966fb5b2cb1a8fa9d226267c56ebd22c520c7b3640331cde87f3c4fb01
1791655856,NVIDIA GeForce RTX 4060,595.91.07,5844,8188,0,false,true,sha256:150b59966fb5b2cb1a8fa9d226267c56ebd22c520c7b3640331cde87f3c4fb01
1791655857,NVIDIA GeForce RTX 4060,595.91.07,5844,8188,0,false,true,sha256:150b59966fb5b2cb1a8fa9d226267c56ebd22c520c7b3640331cde87f3c4fb01
1791655858,NVIDIA GeForce RTX 4060,595.91.07,5844,8188,0,false,true,sha256:150b59966fb5b2cb1a8fa9d226267c56ebd22c520c7b3640331cde87f3c4fb01
1791655859,NVIDIA GeForce RTX 4060,595.91.07,5844,8188,0,false,true,sha256:150b59966fb5b2cb1a8fa9d226267c56ebd22c520c7b3640331cde87f3c4fb01
1791655861,NVIDIA GeForce RTX 4060,595.91.07,5844,8188,0,false,true,sha256:150b59966fb5b2cb1a8fa9d226267c56ebd22c520c7b3640331cde87f3c4fb01
1791655862,NVIDIA GeForce RTX 4060,595.91.07,5844,8188,0,false,true,sha256:150b59966fb5b2cb1a8fa9d226267c56ebd22c520c7b3640331cde87f3c4fb01
1791655863,NVIDIA GeForce RTX 4060,595.91.07,5844,8188,0,false,true,sha256:150b59966fb5b2cb1a8fa9d226267c56ebd22c520c7b3640331cde87f3c4fb01
1791655864,NVIDIA GeForce RTX 4060,595.91.07,5844,8188,0,false,true,sha256:150b59966fb5b2cb1a8fa9d226267c56ebd22c520c7b3640331cde87f3c4fb01
1791655865,NVIDIA GeForce RTX 4060,595.91.07,5844,8188,0,false,true,sha256:150b59966fb5b2cb1a8fa9d226267c56ebd22c520c7b3640331cde87f3c4fb01
1791655866,NVIDIA GeForce RTX 4060,595.91.07,5844,8188,0,false,true,sha256:150b59966fb5b2cb1a8fa9d226267c56ebd22c520c7b3640331cde87f3c4fb01
1791655867,NVIDIA GeForce RTX 4060,595.91.07,5844,8188,0,false,true,sha256:150b59966fb5b2cb1a8fa9d226267c56ebd22c520c7b3640331cde87f3c4fb01
1791655868,NVIDIA GeForce RTX 4060,595.91.07,5844,8188,0,false,true,sha256:150b59966fb5b2cb1a8fa9d226267c56ebd22c520c7b3640331cde87f3c4fb01
1791655869,NVIDIA GeForce RTX 4060,595.91.07,5844,8188,0,false,true,sha256:150b59966fb5b2cb1a8fa9d226267c56ebd22c520c7b3640331cde87f3c4fb01
1791655870,NVIDIA GeForce RTX 4060,595.91.07,5844,8188,0,false,true,sha256:150b59966fb5b2cb1a8fa9d226267c56ebd22c520c7b3640331cde87f3c4fb01
1791655871,NVIDIA GeForce RTX 4060,595.91.07,5844,8188,0,false,true,sha256:150b59966fb5b2cb1a8fa9d226267c56ebd22c520c7b3640331cde87f3c4fb01
1791655872,NVIDIA GeForce RTX 4060,595.91.07,5844,8188,0,false,true,sha256:150b59966fb5b2cb1a8fa9d226267c56ebd22c520c7b3640331cde87f3c4fb01
1791655874,NVIDIA GeForce RTX 4060,595.91.07,5844,8188,0,false,true,sha256:150b59966fb5b2cb1a8fa9d226267c56ebd22c520c7b3640331cde87f3c4fb01
1791655875,NVIDIA GeForce RTX 4060,595.91.07,5844,8188,0,false,true,sha256:150b59966fb5b2cb1a8fa9d226267c56ebd22c520c7b3640331cde87f3c4fb01
1791655876,NVIDIA GeForce RTX 4060,595.91.07,5844,8188,0,false,true,sha256:150b59966fb5b2cb1a8fa9d226267c56ebd22c520c7b3640331cde87f3c4fb01
1791655877,NVIDIA GeForce RTX 4060,595.91.07,5844,8188,0,false,true,sha256:150b59966fb5b2cb1a8fa9d226267c56ebd22c520c7b3640331cde87f3c4fb01
1791655878,NVIDIA GeForce RTX 4060,595.91.07,5844,8188,0,false,true,sha256:150b59966fb5b2cb1a8fa9d226267c56ebd22c520c7b3640331cde87f3c4fb01
1791655879,NVIDIA GeForce RTX 4060,595.91.07,5844,8188,0,false,true,sha256:150b59966fb5b2cb1a8fa9d226267c56ebd22c520c7b3640331cde87f3c4fb01
1791655880,NVIDIA GeForce RTX 4060,595.91.07,5844,8188,0,false,true,sha256:150b59966fb5b2cb1a8fa9d226267c56ebd22c520c7b3640331cde87f3c4fb01
1791655881,NVIDIA GeForce RTX 4060,595.91.07,5844,8188,0,false,true,sha256:150b59966fb5b2cb1a8fa9d226267c56ebd22c520c7b3640331cde87f3c4fb01
1791655882,NVIDIA GeForce RTX 4060,595.91.07,5844,8188,0,false,true,sha256:150b59966fb5b2cb1a8fa9d226267c56ebd22c520c7b3640331cde87f3c4fb01
1791655883,NVIDIA GeForce RTX 4060,595.91.07,5844,8188,0,false,true,sha256:150b59966fb5b2cb1a8fa9d226267c56ebd22c520c7b3640331cde87f3c4fb01
1791655884,NVIDIA GeForce RTX 4060,595.91.07,5844,8188,0,false,true,sha256:150b59966fb5b2cb1a8fa9d226267c56ebd22c520c7b3640331cde87f3c4fb01
1791655885,NVIDIA GeForce RTX 4060,595.91.07,5844,8188,0,false,true,sha256:150b59966fb5b2cb1a8fa9d226267c56ebd22c520c7b3640331cde87f3c4fb01
1791655887,NVIDIA GeForce RTX 4060,595.91.07,5844,8188,0,false,true,sha256:150b59966fb5b2cb1a8fa9d226267c56ebd22c520c7b3640331cde87f3c4fb01
1791655888,NVIDIA GeForce RTX 4060,595.91.07,5844,8188,0,false,true,sha256:150b59966fb5b2cb1a8fa9d226267c56ebd22c520c7b3640331cde87f3c4fb01
1791655889,NVIDIA GeForce RTX 4060,595.91.07,5844,8188,0,false,true,sha256:150b59966fb5b2cb1a8fa9d226267c56ebd22c520c7b3640331cde87f3c4fb01
1791655890,NVIDIA GeForce RTX 4060,595.91.07,5844,8188,0,false,true,sha256:150b59966fb5b2cb1a8fa9d226267c56ebd22c520c7b3640331cde87f3c4fb01
1791655891,NVIDIA GeForce RTX 4060,595.91.07,5844,8188,0,false,true,sha256:150b59966fb5b2cb1a8fa9d226267c56ebd22c520c7b3640331cde87f3c4fb01
1791655892,NVIDIA GeForce RTX 4060,595.91.07,5844,8188,0,false,true,sha256:150b59966fb5b2cb1a8fa9d226267c56ebd22c520c7b3640331cde87f3c4fb01
1791655893,NVIDIA GeForce RTX 4060,595.91.07,5844,8188,0,false,true,sha256:150b59966fb5b2cb1a8fa9d226267c56ebd22c520c7b3640331cde87f3c4fb01
1791655894,NVIDIA GeForce RTX 4060,595.91.07,5844,8188,0,false,true,sha256:150b59966fb5b2cb1a8fa9d226267c56ebd22c520c7b3640331cde87f3c4fb01
1791655895,NVIDIA GeForce RTX 4060,595.91.07,5844,8188,0,false,true,sha256:150b59966fb5b2cb1a8fa9d226267c56ebd22c520c7b3640331cde87f3c4fb01
1791655896,NVIDIA GeForce RTX 4060,595.91.07,5844,8188,0,false,true,sha256:150b59966fb5b2cb1a8fa9d226267c56ebd22c520c7b3640331cde87f3c4fb01
1791655897,NVIDIA GeForce RTX 4060,595.91.07,5844,8188,0,false,true,sha256:150b59966fb5b2cb1a8fa9d226267c56ebd22c520c7b3640331cde87f3c4fb01
1791655898,NVIDIA GeForce RTX 4060,595.91.07,5844,8188,0,false,true,sha256:150b59966fb5b2cb1a8fa9d226267c56ebd22c520c7b3640331cde87f3c4fb01
1791655900,NVIDIA GeForce RTX 4060,595.91.07,5844,8188,0,false,true,sha256:150b59966fb5b2cb1a8fa9d226267c56ebd22c520c7b3640331cde87f3c4fb01
1791655901,NVIDIA GeForce RTX 4060,595.91.07,5844,8188,0,false,true,sha256:150b59966fb5b2cb1a8fa9d226267c56ebd22c520c7b3640331cde87f3c4fb01
1791655902,NVIDIA GeForce RTX 4060,595.91.07,5844,8188,0,false,true,sha256:150b59966fb5b2cb1a8fa9d226267c56ebd22c520c7b3640331cde87f3c4fb01
1791655903,NVIDIA GeForce RTX 4060,595.91.07,5844,8188,0,false,true,sha256:150b59966fb5b2cb1a8fa9d226267c56ebd22c520c7b3640331cde87f3c4fb01
1791655904,NVIDIA GeForce RTX 4060,595.91.07,5844,8188,0,false,true,sha256:150b59966fb5b2cb1a8fa9d226267c56ebd22c520c7b3640331cde87f3c4fb01
1791655905,NVIDIA GeForce RTX 4060,595.91.07,5844,8188,0,false,true,sha256:150b59966fb5b2cb1a8fa9d226267c56ebd22c520c7b3640331cde87f3c4fb01
1791655906,NVIDIA GeForce RTX 4060,595.91.07,5844,8188,0,false,true,sha256:150b59966fb5b2cb1a8fa9d226267c56ebd22c520c7b3640331cde87f3c4fb01
1791655907,NVIDIA GeForce RTX 4060,595.91.07,5844,8188,0,false,true,sha256:150b59966fb5b2cb1a8fa9d226267c56ebd22c520c7b3640331cde87f3c4fb01
1791655908,NVIDIA GeForce RTX 4060,595.91.07,5844,8188,0,false,true,sha256:150b59966fb5b2cb1a8fa9d226267c56ebd22c520c7b3640331cde87f3c4fb01
1791655909,NVIDIA GeForce RTX 4060,595.91.07,5844,8188,0,false,true,sha256:150b59966fb5b2cb1a8fa9d226267c56ebd22c520c7b3640331cde87f3c4fb01
1791655910,NVIDIA GeForce RTX 4060,595.91.07,5844,8188,0,false,true,sha256:150b59966fb5b2cb1a8fa9d226267c56ebd22c520c7b3640331cde87f3c4fb01
1791655911,NVIDIA GeForce RTX 4060,595.91.07,5844,8188,0,false,true,sha256:150b59966fb5b2cb1a8fa9d226267c56ebd22c520c7b3640331cde87f3c4fb01
1791655913,NVIDIA GeForce RTX 4060,595.91.07,5844,8188,0,false,true,sha256:150b59966fb5b2cb1a8fa9d226267c56ebd22c520c7b3640331cde87f3c4fb01
1791655914,NVIDIA GeForce RTX 4060,595.91.07,5844,8188,0,false,true,sha256:150b59966fb5b2cb1a8fa9d226267c56ebd22c520c7b3640331cde87f3c4fb01
1791655915,NVIDIA GeForce RTX 4060,595.91.07,5844,8188,0,false,true,sha256:150b59966fb5b2cb1a8fa9d226267c56ebd22c520c7b3640331cde87f3c4fb01
1791655916,NVIDIA GeForce RTX 4060,595.91.07,5844,8188,0,false,true,sha256:150b59966fb5b2cb1a8fa9d226267c56ebd22c520c7b3640331cde87f3c4fb01
1791655917,NVIDIA GeForce RTX 4060,595.91.07,5844,8188,0,false,true,sha256:150b59966fb5b2cb1a8fa9d226267c56ebd22c520c7b3640331cde87f3c4fb01
1791655918,NVIDIA GeForce RTX 4060,595.91.07,5844,8188,0,false,true,sha256:150b59966fb5b2cb1a8fa9d226267c56ebd22c520c7b3640331cde87f3c4fb01
1791655919,NVIDIA GeForce RTX 4060,595.91.07,5844,8188,0,false,true,sha256:150b59966fb5b2cb1a8fa9d226267c56ebd22c520c7b3640331cde87f3c4fb01
1791655920,NVIDIA GeForce RTX 4060,595.91.07,5844,8188,0,false,true,sha256:150b59966fb5b2cb1a8fa9d226267c56ebd22c520c7b3640331cde87f3c4fb01
1791655921,NVIDIA GeForce RTX 4060,595.91.07,5844,8188,0,false,true,sha256:150b59966fb5b2cb1a8fa9d226267c56ebd22c520c7b3640331cde87f3c4fb01
1791655922,NVIDIA GeForce RTX 4060,595.91.07,5844,8188,0,false,true,sha256:150b59966fb5b2cb1a8fa9d226267c56ebd22c520c7b3640331cde87f3c4fb01
1791655923,NVIDIA GeForce RTX 4060,595.91.07,5844,8188,0,false,true,sha256:150b59966fb5b2cb1a8fa9d226267c56ebd22c520c7b3640331cde87f3c4fb01
1791655925,NVIDIA GeForce RTX 4060,595.91.07,5844,8188,0,false,true,sha256:150b59966fb5b2cb1a8fa9d226267c56ebd22c520c7b3640331cde87f3c4fb01
1791655926,NVIDIA GeForce RTX 4060,595.91.07,5844,8188,0,false,true,sha256:150b59966fb5b2cb1a8fa9d226267c56ebd22c520c7b3640331cde87f3c4fb01
1791655927,NVIDIA GeForce RTX 4060,595.91.07,5844,8188,0,false,true,sha256:150b59966fb5b2cb1a8fa9d226267c56ebd22c520c7b3640331cde87f3c4fb01
1791655928,NVIDIA GeForce RTX 4060,595.91.07,5844,8188,0,false,true,sha256:150b59966fb5b2cb1a8fa9d226267c56ebd22c520c7b3640331cde87f3c4fb01
1791655929,NVIDIA GeForce RTX 4060,595.91.07,5844,8188,0,false,true,sha256:150b59966fb5b2cb1a8fa9d226267c56ebd22c520c7b3640331cde87f3c4fb01
1791655930,NVIDIA GeForce RTX 4060,595.91.07,5844,8188,0,false,true,sha256:150b59966fb5b2cb1a8fa9d226267c56ebd22c520c7b3640331cde87f3c4fb01
1791655931,NVIDIA GeForce RTX 4060,595.91.07,5844,8188,0,false,true,sha256:150b59966fb5b2cb1a8fa9d226267c56ebd22c520c7b3640331cde87f3c4fb01
1791655932,NVIDIA GeForce RTX 4060,595.91.07,5844,8188,0,false,true,sha256:150b59966fb5b2cb1a8fa9d226267c56ebd22c520c7b3640331cde87f3c4fb01
1791655933,NVIDIA GeForce RTX 4060,595.91.07,5844,8188,0,false,true,sha256:150b59966fb5b2cb1a8fa9d226267c56ebd22c520c7b3640331cde87f3c4fb01
1791655934,NVIDIA GeForce RTX 4060,595.91.07,5844,8188,0,false,true,sha256:150b59966fb5b2cb1a8fa9d226267c56ebd22c520c7b3640331cde87f3c4fb01
1791655935,NVIDIA GeForce RTX 4060,595.91.07,5844,8188,0,false,true,sha256:150b59966fb5b2cb1a8fa9d226267c56ebd22c520c7b3640331cde87f3c4fb01
1791655936,NVIDIA GeForce RTX 4060,595.91.07,5844,8188,0,false,true,sha256:150b59966fb5b2cb1a8fa9d226267c56ebd22c520c7b3640331cde87f3c4fb01
1791655938,NVIDIA GeForce RTX 4060,595.91.07,5844,8188,0,false,true,sha256:150b59966fb5b2cb1a8fa9d226267c56ebd22c520c7b3640331cde87f3c4fb01
1791655939,NVIDIA GeForce RTX 4060,595.91.07,5844,8188,0,false,true,sha256:150b59966fb5b2cb1a8fa9d226267c56ebd22c520c7b3640331cde87f3c4fb01
1791655940,NVIDIA GeForce RTX 4060,595.91.07,5844,8188,0,false,true,sha256:150b59966fb5b2cb1a8fa9d226267c56ebd22c520c7b3640331cde87f3c4fb01
1791655941,NVIDIA GeForce RTX 4060,595.91.07,5844,8188,0,false,true,sha256:150b59966fb5b2cb1a8fa9d226267c56ebd22c520c7b3640331cde87f3c4fb01
1791655942,NVIDIA GeForce RTX 4060,595.91.07,5844,8188,0,false,true,sha256:150b59966fb5b2cb1a8fa9d226267c56ebd22c520c7b3640331cde87f3c4fb01
1791655943,NVIDIA GeForce RTX 4060,595.91.07,5844,8188,0,false,true,sha256:150b59966fb5b2cb1a8fa9d226267c56ebd22c520c7b3640331cde87f3c4fb01
1791655944,NVIDIA GeForce RTX 4060,595.91.07,5844,8188,0,false,true,sha256:150b59966fb5b2cb1a8fa9d226267c56ebd22c520c7b3640331cde87f3c4fb01
1791655945,NVIDIA GeForce RTX 4060,595.91.07,5844,8188,0,false,true,sha256:150b59966fb5b2cb1a8fa9d226267c56ebd22c520c7b3640331cde87f3c4fb01
1791655946,NVIDIA GeForce RTX 4060,595.91.07,5844,8188,0,false,true,sha256:150b59966fb5b2cb1a8fa9d226267c56ebd22c520c7b3640331cde87f3c4fb01
1791655947,NVIDIA GeForce RTX 4060,595.91.07,5844,8188,0,false,true,sha256:150b59966fb5b2cb1a8fa9d226267c56ebd22c520c7b3640331cde87f3c4fb01
1791655948,NVIDIA GeForce RTX 4060,595.91.07,5844,8188,0,false,true,sha256:150b59966fb5b2cb1a8fa9d226267c56ebd22c520c7b3640331cde87f3c4fb01
1791655949,NVIDIA GeForce RTX 4060,595.91.07,5844,8188,0,false,true,sha256:150b59966fb5b2cb1a8fa9d226267c56ebd22c520c7b3640331cde87f3c4fb01
1791655950,NVIDIA GeForce RTX 4060,595.91.07,5844,8188,0,false,true,sha256:150b59966fb5b2cb1a8fa9d226267c56ebd22c520c7b3640331cde87f3c4fb01
1791655952,NVIDIA GeForce RTX 4060,595.91.07,5844,8188,0,false,true,sha256:150b59966fb5b2cb1a8fa9d226267c56ebd22c520c7b3640331cde87f3c4fb01
1791655953,NVIDIA GeForce RTX 4060,595.91.07,5844,8188,0,false,true,sha256:150b59966fb5b2cb1a8fa9d226267c56ebd22c520c7b3640331cde87f3c4fb01
1791655954,NVIDIA GeForce RTX 4060,595.91.07,5844,8188,0,false,true,sha256:150b59966fb5b2cb1a8fa9d226267c56ebd22c520c7b3640331cde87f3c4fb01
1791655955,NVIDIA GeForce RTX 4060,595.91.07,5844,8188,0,false,true,sha256:150b59966fb5b2cb1a8fa9d226267c56ebd22c520c7b3640331cde87f3c4fb01
1791655956,NVIDIA GeForce RTX 4060,595.91.07,5844,8188,0,false,true,sha256:150b59966fb5b2cb1a8fa9d226267c56ebd22c520c7b3640331cde87f3c4fb01
1791655957,NVIDIA GeForce RTX 4060,595.91.07,5844,8188,0,false,true,sha256:150b59966fb5b2cb1a8fa9d226267c56ebd22c520c7b3640331cde87f3c4fb01
1791655958,NVIDIA GeForce RTX 4060,595.91.07,5844,8188,0,false,true,sha256:150b59966fb5b2cb1a8fa9d226267c56ebd22c520c7b3640331cde87f3c4fb01
1791655959,NVIDIA GeForce RTX 4060,595.91.07,5844,8188,0,false,true,sha256:150b59966fb5b2cb1a8fa9d226267c56ebd22c520c7b3640331cde87f3c4fb01
1791655960,NVIDIA GeForce RTX 4060,595.91.07,5844,8188,0,false,true,sha256:150b59966fb5b2cb1a8fa9d226267c56ebd22c520c7b3640331cde87f3c4fb01
1791655961,NVIDIA GeForce RTX 4060,595.91.07,5844,8188,0,false,true,sha256:150b59966fb5b2cb1a8fa9d226267c56ebd22c520c7b3640331cde87f3c4fb01
1791655962,NVIDIA GeForce RTX 4060,595.91.07,5844,8188,0,false,true,sha256:150b59966fb5b2cb1a8fa9d226267c56ebd22c520c7b3640331cde87f3c4fb01
1791655963,NVIDIA GeForce RTX 4060,595.91.07,5844,8188,0,false,true,sha256:150b59966fb5b2cb1a8fa9d226267c56ebd22c520c7b3640331cde87f3c4fb01
1791655965,NVIDIA GeForce RTX 4060,595.91.07,5844,8188,0,false,true,sha256:150b59966fb5b2cb1a8fa9d226267c56ebd22c520c7b3640331cde87f3c4fb01
1791655966,NVIDIA GeForce RTX 4060,595.91.07,5844,8188,0,false,true,sha256:150b59966fb5b2cb1a8fa9d226267c56ebd22c520c7b3640331cde87f3c4fb01
1791655967,NVIDIA GeForce RTX 4060,595.91.07,5844,8188,0,false,true,sha256:150b59966fb5b2cb1a8fa9d226267c56ebd22c520c7b3640331cde87f3c4fb01
1791655968,NVIDIA GeForce RTX 4060,595.91.07,5844,8188,0,false,true,sha256:150b59966fb5b2cb1a8fa9d226267c56ebd22c520c7b3640331cde87f3c4fb01
1791655969,NVIDIA GeForce RTX 4060,595.91.07,5844,8188,0,false,true,sha256:150b59966fb5b2cb1a8fa9d226267c56ebd22c520c7b3640331cde87f3c4fb01
1791655970,NVIDIA GeForce RTX 4060,595.91.07,5844,8188,0,false,true,sha256:150b59966fb5b2cb1a8fa9d226267c56ebd22c520c7b3640331cde87f3c4fb01
1791655971,NVIDIA GeForce RTX 4060,595.91.07,5844,8188,0,false,true,sha256:150b59966fb5b2cb1a8fa9d226267c56ebd22c520c7b3640331cde87f3c4fb01
1791655972,NVIDIA GeForce RTX 4060,595.91.07,5844,8188,0,false,true,sha256:150b59966fb5b2cb1a8fa9d226267c56ebd22c520c7b3640331cde87f3c4fb01
1791655973,NVIDIA GeForce RTX 4060,595.91.07,5844,8188,0,false,true,sha256:150b59966fb5b2cb1a8fa9d226267c56ebd22c520c7b3640331cde87f3c4fb01
1791655974,NVIDIA GeForce RTX 4060,595.91.07,5844,8188,0,false,true,sha256:150b59966fb5b2cb1a8fa9d226267c56ebd22c520c7b3640331cde87f3c4fb01
1791655975,NVIDIA GeForce RTX 4060,595.91.07,5844,8188,0,false,true,sha256:150b59966fb5b2cb1a8fa9d226267c56ebd22c520c7b3640331cde87f3c4fb01
1791655976,NVIDIA GeForce RTX 4060,595.91.07,5844,8188,0,false,true,sha256:150b59966fb5b2cb1a8fa9d226267c56ebd22c520c7b3640331cde87f3c4fb01
1791655978,NVIDIA GeForce RTX 4060,595.91.07,5844,8188,0,false,true,sha256:150b59966fb5b2cb1a8fa9d226267c56ebd22c520c7b3640331cde87f3c4fb01
1791655979,NVIDIA GeForce RTX 4060,595.91.07,5844,8188,0,false,true,sha256:150b59966fb5b2cb1a8fa9d226267c56ebd22c520c7b3640331cde87f3c4fb01
1791655980,NVIDIA GeForce RTX 4060,595.91.07,5844,8188,0,false,true,sha256:150b59966fb5b2cb1a8fa9d226267c56ebd22c520c7b3640331cde87f3c4fb01
1791655981,NVIDIA GeForce RTX 4060,595.91.07,5844,8188,0,false,true,sha256:150b59966fb5b2cb1a8fa9d226267c56ebd22c520c7b3640331cde87f3c4fb01
1791655982,NVIDIA GeForce RTX 4060,595.91.07,5844,8188,0,false,true,sha256:150b59966fb5b2cb1a8fa9d226267c56ebd22c520c7b3640331cde87f3c4fb01
1791655983,NVIDIA GeForce RTX 4060,595.91.07,5844,8188,0,false,true,sha256:150b59966fb5b2cb1a8fa9d226267c56ebd22c520c7b3640331cde87f3c4fb01
1791655984,NVIDIA GeForce RTX 4060,595.91.07,5844,8188,0,false,true,sha256:150b59966fb5b2cb1a8fa9d226267c56ebd22c520c7b3640331cde87f3c4fb01
1791655985,NVIDIA GeForce RTX 4060,595.91.07,5844,8188,0,false,true,sha256:150b59966fb5b2cb1a8fa9d226267c56ebd22c520c7b3640331cde87f3c4fb01
1791655986,NVIDIA GeForce RTX 4060,595.91.07,5844,8188,0,false,true,sha256:150b59966fb5b2cb1a8fa9d226267c56ebd22c520c7b3640331cde87f3c4fb01
1791655987,NVIDIA GeForce RTX 4060,595.91.07,5844,8188,0,false,true,sha256:150b59966fb5b2cb1a8fa9d226267c56ebd22c520c7b3640331cde87f3c4fb01
1791655988,NVIDIA GeForce RTX 4060,595.91.07,5844,8188,0,false,true,sha256:150b59966fb5b2cb1a8fa9d226267c56ebd22c520c7b3640331cde87f3c4fb01
1791655989,NVIDIA GeForce RTX 4060,595.91.07,5844,8188,0,false,true,sha256:150b59966fb5b2cb1a8fa9d226267c56ebd22c520c7b3640331cde87f3c4fb01
1791655991,NVIDIA GeForce RTX 4060,595.91.07,5844,8188,0,false,true,sha256:150b59966fb5b2cb1a8fa9d226267c56ebd22c520c7b3640331cde87f3c4fb01
1791655992,NVIDIA GeForce RTX 4060,595.91.07,5844,8188,0,false,true,sha256:150b59966fb5b2cb1a8fa9d226267c56ebd22c520c7b3640331cde87f3c4fb01
1791655993,NVIDIA GeForce RTX 4060,595.91.07,5844,8188,0,false,true,sha256:150b59966fb5b2cb1a8fa9d226267c56ebd22c520c7b3640331cde87f3c4fb01
1791655994,NVIDIA GeForce RTX 4060,595.91.07,5844,8188,0,false,true,sha256:150b59966fb5b2cb1a8fa9d226267c56ebd22c520c7b3640331cde87f3c4fb01
1791655995,NVIDIA GeForce RTX 4060,595.91.07,5844,8188,0,false,true,sha256:150b59966fb5b2cb1a8fa9d226267c56ebd22c520c7b3640331cde87f3c4fb01
1791655996,NVIDIA GeForce RTX 4060,595.91.07,5844,8188,0,false,true,sha256:150b59966fb5b2cb1a8fa9d226267c56ebd22c520c7b3640331cde87f3c4fb01
1791655997,NVIDIA GeForce RTX 4060,595.91.07,5844,8188,0,false,true,sha256:150b59966fb5b2cb1a8fa9d226267c56ebd22c520c7b3640331cde87f3c4fb01
1791655998,NVIDIA GeForce RTX 4060,595.91.07,5844,8188,0,false,true,sha256:150b59966fb5b2cb1a8fa9d226267c56ebd22c520c7b3640331cde87f3c4fb01
1791655999,NVIDIA GeForce RTX 4060,595.91.07,5844,8188,0,false,true,sha256:150b59966fb5b2cb1a8fa9d226267c56ebd22c520c7b3640331cde87f3c4fb01
1791656000,NVIDIA GeForce RTX 4060,595.91.07,5844,8188,0,false,true,sha256:150b59966fb5b2cb1a8fa9d226267c56ebd22c520c7b3640331cde87f3c4fb01
1791656001,NVIDIA GeForce RTX 4060,595.91.07,5844,8188,0,false,true,sha256:150b59966fb5b2cb1a8fa9d226267c56ebd22c520c7b3640331cde87f3c4fb01
1791656002,NVIDIA GeForce RTX 4060,595.91.07,5844,8188,0,false,true,sha256:150b59966fb5b2cb1a8fa9d226267c56ebd22c520c7b3640331cde87f3c4fb01
1791656004,NVIDIA GeForce RTX 4060,595.91.07,5844,8188,0,false,true,sha256:150b59966fb5b2cb1a8fa9d226267c56ebd22c520c7b3640331cde87f3c4fb01
1791656005,NVIDIA GeForce RTX 4060,595.91.07,5844,8188,0,false,true,sha256:150b59966fb5b2cb1a8fa9d226267c56ebd22c520c7b3640331cde87f3c4fb01
1791656006,NVIDIA GeForce RTX 4060,595.91.07,5844,8188,0,false,true,sha256:150b59966fb5b2cb1a8fa9d226267c56ebd22c520c7b3640331cde87f3c4fb01
1791656007,NVIDIA GeForce RTX 4060,595.91.07,5844,8188,0,false,true,sha256:150b59966fb5b2cb1a8fa9d226267c56ebd22c520c7b3640331cde87f3c4fb01
1791656008,NVIDIA GeForce RTX 4060,595.91.07,5844,8188,0,false,true,sha256:150b59966fb5b2cb1a8fa9d226267c56ebd22c520c7b3640331cde87f3c4fb01
1791656009,NVIDIA GeForce RTX 4060,595.91.07,5844,8188,0,false,true,sha256:150b59966fb5b2cb1a8fa9d226267c56ebd22c520c7b3640331cde87f3c4fb01
1791656010,NVIDIA GeForce RTX 4060,595.91.07,5844,8188,0,false,true,sha256:150b59966fb5b2cb1a8fa9d226267c56ebd22c520c7b3640331cde87f3c4fb01
1791656011,NVIDIA GeForce RTX 4060,595.91.07,5844,8188,0,false,true,sha256:150b59966fb5b2cb1a8fa9d226267c56ebd22c520c7b3640331cde87f3c4fb01
1791656012,NVIDIA GeForce RTX 4060,595.91.07,5844,8188,0,false,true,sha256:150b59966fb5b2cb1a8fa9d226267c56ebd22c520c7b3640331cde87f3c4fb01
1791656013,NVIDIA GeForce RTX 4060,595.91.07,5844,8188,0,false,true,sha256:150b59966fb5b2cb1a8fa9d226267c56ebd22c520c7b3640331cde87f3c4fb01
1791656014,NVIDIA GeForce RTX 4060,595.91.07,5844,8188,0,false,true,sha256:150b59966fb5b2cb1a8fa9d226267c56ebd22c520c7b3640331cde87f3c4fb01
1791656015,NVIDIA GeForce RTX 4060,595.91.07,5844,8188,0,false,true,sha256:150b59966fb5b2cb1a8fa9d226267c56ebd22c520c7b3640331cde87f3c4fb01
1791656017,NVIDIA GeForce RTX 4060,595.91.07,5844,8188,0,false,true,sha256:150b59966fb5b2cb1a8fa9d226267c56ebd22c520c7b3640331cde87f3c4fb01
1791656018,NVIDIA GeForce RTX 4060,595.91.07,5844,8188,0,false,true,sha256:150b59966fb5b2cb1a8fa9d226267c56ebd22c520c7b3640331cde87f3c4fb01
1791656019,NVIDIA GeForce RTX 4060,595.91.07,5844,8188,0,false,true,sha256:150b59966fb5b2cb1a8fa9d226267c56ebd22c520c7b3640331cde87f3c4fb01
1791656020,NVIDIA GeForce RTX 4060,595.91.07,5844,8188,0,false,true,sha256:150b59966fb5b2cb1a8fa9d226267c56ebd22c520c7b3640331cde87f3c4fb01
1791656021,NVIDIA GeForce RTX 4060,595.91.07,5844,8188,0,false,true,sha256:150b59966fb5b2cb1a8fa9d226267c56ebd22c520c7b3640331cde87f3c4fb01
1791656022,NVIDIA GeForce RTX 4060,595.91.07,5844,8188,0,false,true,sha256:150b59966fb5b2cb1a8fa9d226267c56ebd22c520c7b3640331cde87f3c4fb01
1791656023,NVIDIA GeForce RTX 4060,595.91.07,5844,8188,0,false,true,sha256:150b59966fb5b2cb1a8fa9d226267c56ebd22c520c7b3640331cde87f3c4fb01
1791656024,NVIDIA GeForce RTX 4060,595.91.07,5844,8188,0,false,true,sha256:150b59966fb5b2cb1a8fa9d226267c56ebd22c520c7b3640331cde87f3c4fb01
1791656025,NVIDIA GeForce RTX 4060,595.91.07,5844,8188,0,false,true,sha256:150b59966fb5b2cb1a8fa9d226267c56ebd22c520c7b3640331cde87f3c4fb01
1791656026,NVIDIA GeForce RTX 4060,595.91.07,5844,8188,0,false,true,sha256:150b59966fb5b2cb1a8fa9d226267c56ebd22c520c7b3640331cde87f3c4fb01
1791656027,NVIDIA GeForce RTX 4060,595.91.07,5844,8188,0,false,true,sha256:150b59966fb5b2cb1a8fa9d226267c56ebd22c520c7b3640331cde87f3c4fb01
1791656028,NVIDIA GeForce RTX 4060,595.91.07,5844,8188,0,false,true,sha256:150b59966fb5b2cb1a8fa9d226267c56ebd22c520c7b3640331cde87f3c4fb01
1791656030,NVIDIA GeForce RTX 4060,595.91.07,5844,8188,0,false,true,sha256:150b59966fb5b2cb1a8fa9d226267c56ebd22c520c7b3640331cde87f3c4fb01
1791656031,NVIDIA GeForce RTX 4060,595.91.07,5844,8188,0,false,true,sha256:150b59966fb5b2cb1a8fa9d226267c56ebd22c520c7b3640331cde87f3c4fb01
1791656032,NVIDIA GeForce RTX 4060,595.91.07,5844,8188,0,false,true,sha256:150b59966fb5b2cb1a8fa9d226267c56ebd22c520c7b3640331cde87f3c4fb01
1791656033,NVIDIA GeForce RTX 4060,595.91.07,5844,8188,0,false,true,sha256:150b59966fb5b2cb1a8fa9d226267c56ebd22c520c7b3640331cde87f3c4fb01
1791656034,NVIDIA GeForce RTX 4060,595.91.07,5844,8188,0,false,true,sha256:150b59966fb5b2cb1a8fa9d226267c56ebd22c520c7b3640331cde87f3c4fb01
1791656035,NVIDIA GeForce RTX 4060,595.91.07,5844,8188,0,false,true,sha256:150b59966fb5b2cb1a8fa9d226267c56ebd22c520c7b3640331cde87f3c4fb01
1791656036,NVIDIA GeForce RTX 4060,595.91.07,5844,8188,0,false,true,sha256:150b59966fb5b2cb1a8fa9d226267c56ebd22c520c7b3640331cde87f3c4fb01
1791656037,NVIDIA GeForce RTX 4060,595.91.07,5844,8188,0,false,true,sha256:150b59966fb5b2cb1a8fa9d226267c56ebd22c520c7b3640331cde87f3c4fb01
1791656038,NVIDIA GeForce RTX 4060,595.91.07,5844,8188,0,false,true,sha256:150b59966fb5b2cb1a8fa9d226267c56ebd22c520c7b3640331cde87f3c4fb01
1791656039,NVIDIA GeForce RTX 4060,595.91.07,5844,8188,0,false,true,sha256:150b59966fb5b2cb1a8fa9d226267c56ebd22c520c7b3640331cde87f3c4fb01
1791656040,NVIDIA GeForce RTX 4060,595.91.07,5844,8188,0,false,true,sha256:150b59966fb5b2cb1a8fa9d226267c56ebd22c520c7b3640331cde87f3c4fb01
1791656041,NVIDIA GeForce RTX 4060,595.91.07,5844,8188,0,false,true,sha256:150b59966fb5b2cb1a8fa9d226267c56ebd22c520c7b3640331cde87f3c4fb01
1791656043,NVIDIA GeForce RTX 4060,595.91.07,5844,8188,0,false,true,sha256:150b59966fb5b2cb1a8fa9d226267c56ebd22c520c7b3640331cde87f3c4fb01
1791656044,NVIDIA GeForce RTX 4060,595.91.07,5844,8188,0,false,true,sha256:150b59966fb5b2cb1a8fa9d226267c56ebd22c520c7b3640331cde87f3c4fb01
1791656045,NVIDIA GeForce RTX 4060,595.91.07,5844,8188,0,false,true,sha256:150b59966fb5b2cb1a8fa9d226267c56ebd22c520c7b3640331cde87f3c4fb01
1791656046,NVIDIA GeForce RTX 4060,595.91.07,5844,8188,0,false,true,sha256:150b59966fb5b2cb1a8fa9d226267c56ebd22c520c7b3640331cde87f3c4fb01
1791656047,NVIDIA GeForce RTX 4060,595.91.07,5844,8188,0,false,true,sha256:150b59966fb5b2cb1a8fa9d226267c56ebd22c520c7b3640331cde87f3c4fb01
1791656048,NVIDIA GeForce RTX 4060,595.91.07,5844,8188,0,false,true,sha256:150b59966fb5b2cb1a8fa9d226267c56ebd22c520c7b3640331cde87f3c4fb01
1791656049,NVIDIA GeForce RTX 4060,595.91.07,5844,8188,0,false,true,sha256:150b59966fb5b2cb1a8fa9d226267c56ebd22c520c7b3640331cde87f3c4fb01
1791656050,NVIDIA GeForce RTX 4060,595.91.07,5844,8188,0,false,true,sha256:150b59966fb5b2cb1a8fa9d226267c56ebd22c520c7b3640331cde87f3c4fb01
1791656051,NVIDIA GeForce RTX 4060,595.91.07,5844,8188,0,false,true,sha256:150b59966fb5b2cb1a8fa9d226267c56ebd22c520c7b3640331cde87f3c4fb01
1791656052,NVIDIA GeForce RTX 4060,595.91.07,5844,8188,0,false,true,sha256:150b59966fb5b2cb1a8fa9d226267c56ebd22c520c7b3640331cde87f3c4fb01
1791656053,NVIDIA GeForce RTX 4060,595.91.07,5844,8188,0,false,true,sha256:150b59966fb5b2cb1a8fa9d226267c56ebd22c520c7b3640331cde87f3c4fb01
1791656054,NVIDIA GeForce RTX 4060,595.91.07,5844,8188,0,false,true,sha256:150b59966fb5b2cb1a8fa9d226267c56ebd22c520c7b3640331cde87f3c4fb01
1791656056,NVIDIA GeForce RTX 4060,595.91.07,5844,8188,0,false,true,sha256:150b59966fb5b2cb1a8fa9d226267c56ebd22c520c7b3640331cde87f3c4fb01
1791656057,NVIDIA GeForce RTX 4060,595.91.07,5844,8188,0,false,true,sha256:150b59966fb5b2cb1a8fa9d226267c56ebd22c520c7b3640331cde87f3c4fb01
1791656058,NVIDIA GeForce RTX 4060,595.91.07,5844,8188,0,false,true,sha256:150b59966fb5b2cb1a8fa9d226267c56ebd22c520c7b3640331cde87f3c4fb01
1791656059,NVIDIA GeForce RTX 4060,595.91.07,5844,8188,0,false,true,sha256:150b59966fb5b2cb1a8fa9d226267c56ebd22c520c7b3640331cde87f3c4fb01
1791656060,NVIDIA GeForce RTX 4060,595.91.07,5844,8188,0,false,true,sha256:150b59966fb5b2cb1a8fa9d226267c56ebd22c520c7b3640331cde87f3c4fb01
1791656061,NVIDIA GeForce RTX 4060,595.91.07,5844,8188,0,false,true,sha256:150b59966fb5b2cb1a8fa9d226267c56ebd22c520c7b3640331cde87f3c4fb01
1791656062,NVIDIA GeForce RTX 4060,595.91.07,5844,8188,0,false,true,sha256:150b59966fb5b2cb1a8fa9d226267c56ebd22c520c7b3640331cde87f3c4fb01
1791656063,NVIDIA GeForce RTX 4060,595.91.07,5844,8188,0,false,true,sha256:150b59966fb5b2cb1a8fa9d226267c56ebd22c520c7b3640331cde87f3c4fb01
1791656064,NVIDIA GeForce RTX 4060,595.91.07,5844,8188,0,false,true,sha256:150b59966fb5b2cb1a8fa9d226267c56ebd22c520c7b3640331cde87f3c4fb01
1791656065,NVIDIA GeForce RTX 4060,595.91.07,5844,8188,0,false,true,sha256:150b59966fb5b2cb1a8fa9d226267c56ebd22c520c7b3640331cde87f3c4fb01
1791656066,NVIDIA GeForce RTX 4060,595.91.07,5844,8188,0,false,true,sha256:150b59966fb5b2cb1a8fa9d226267c56ebd22c520c7b3640331cde87f3c4fb01
1791656067,NVIDIA GeForce RTX 4060,595.91.07,5844,8188,0,false,true,sha256:150b59966fb5b2cb1a8fa9d226267c56ebd22c520c7b3640331cde87f3c4fb01
1791656069,NVIDIA GeForce RTX 4060,595.91.07,5844,8188,0,false,true,sha256:150b59966fb5b2cb1a8fa9d226267c56ebd22c520c7b3640331cde87f3c4fb01
1791656070,NVIDIA GeForce RTX 4060,595.91.07,5844,8188,0,false,true,sha256:150b59966fb5b2cb1a8fa9d226267c56ebd22c520c7b3640331cde87f3c4fb01
1791656071,NVIDIA GeForce RTX 4060,595.91.07,5844,8188,0,false,true,sha256:150b59966fb5b2cb1a8fa9d226267c56ebd22c520c7b3640331cde87f3c4fb01
1791656072,NVIDIA GeForce RTX 4060,595.91.07,5844,8188,0,false,true,sha256:150b59966fb5b2cb1a8fa9d226267c56ebd22c520c7b3640331cde87f3c4fb01
1791656073,NVIDIA GeForce RTX 4060,595.91.07,5844,8188,0,false,true,sha256:150b59966fb5b2cb1a8fa9d226267c56ebd22c520c7b3640331cde87f3c4fb01
1791656074,NVIDIA GeForce RTX 4060,595.91.07,5844,8188,0,false,true,sha256:150b59966fb5b2cb1a8fa9d226267c56ebd22c520c7b3640331cde87f3c4fb01
1791656075,NVIDIA GeForce RTX 4060,595.91.07,5844,8188,0,false,true,sha256:150b59966fb5b2cb1a8fa9d226267c56ebd22c520c7b3640331cde87f3c4fb01
1791656076,NVIDIA GeForce RTX 4060,595.91.07,5844,8188,0,false,true,sha256:150b59966fb5b2cb1a8fa9d226267c56ebd22c520c7b3640331cde87f3c4fb01
1791656077,NVIDIA GeForce RTX 4060,595.91.07,5844,8188,0,false,true,sha256:150b59966fb5b2cb1a8fa9d226267c56ebd22c520c7b3640331cde87f3c4fb01
1791656078,NVIDIA GeForce RTX 4060,595.91.07,5844,8188,0,false,true,sha256:150b59966fb5b2cb1a8fa9d226267c56ebd22c520c7b3640331cde87f3c4fb01
1791656079,NVIDIA GeForce RTX 4060,595.91.07,5844,8188,0,false,true,sha256:150b59966fb5b2cb1a8fa9d226267c56ebd22c520c7b3640331cde87f3c4fb01
1791656081,NVIDIA GeForce RTX 4060,595.91.07,5844,8188,0,false,true,sha256:150b59966fb5b2cb1a8fa9d226267c56ebd22c520c7b3640331cde87f3c4fb01
1791656082,NVIDIA GeForce RTX 4060,595.91.07,5844,8188,0,false,true,sha256:150b59966fb5b2cb1a8fa9d226267c56ebd22c520c7b3640331cde87f3c4fb01
1791656083,NVIDIA GeForce RTX 4060,595.91.07,5844,8188,0,false,true,sha256:150b59966fb5b2cb1a8fa9d226267c56ebd22c520c7b3640331cde87f3c4fb01
1791656084,NVIDIA GeForce RTX 4060,595.91.07,5844,8188,0,false,true,sha256:150b59966fb5b2cb1a8fa9d226267c56ebd22c520c7b3640331cde87f3c4fb01
1791656085,NVIDIA GeForce RTX 4060,595.91.07,5844,8188,0,false,true,sha256:150b59966fb5b2cb1a8fa9d226267c56ebd22c520c7b3640331cde87f3c4fb01
1791656086,NVIDIA GeForce RTX 4060,595.91.07,5844,8188,0,false,true,sha256:150b59966fb5b2cb1a8fa9d226267c56ebd22c520c7b3640331cde87f3c4fb01
1791656087,NVIDIA GeForce RTX 4060,595.91.07,5844,8188,0,false,true,sha256:150b59966fb5b2cb1a8fa9d226267c56ebd22c520c7b3640331cde87f3c4fb01
1791656088,NVIDIA GeForce RTX 4060,595.91.07,5844,8188,0,false,true,sha256:150b59966fb5b2cb1a8fa9d226267c56ebd22c520c7b3640331cde87f3c4fb01
1791656089,NVIDIA GeForce RTX 4060,595.91.07,5844,8188,0,false,true,sha256:150b59966fb5b2cb1a8fa9d226267c56ebd22c520c7b3640331cde87f3c4fb01
1791656090,NVIDIA GeForce RTX 4060,595.91.07,5844,8188,0,false,true,sha256:150b59966fb5b2cb1a8fa9d226267c56ebd22c520c7b3640331cde87f3c4fb01
1791656091,NVIDIA GeForce RTX 4060,595.91.07,5844,8188,0,false,true,sha256:150b59966fb5b2cb1a8fa9d226267c56ebd22c520c7b3640331cde87f3c4fb01
1791656092,NVIDIA GeForce RTX 4060,595.91.07,5844,8188,0,false,true,sha256:150b59966fb5b2cb1a8fa9d226267c56ebd22c520c7b3640331cde87f3c4fb01
1791656094,NVIDIA GeForce RTX 4060,595.91.07,5844,8188,0,false,true,sha256:150b59966fb5b2cb1a8fa9d226267c56ebd22c520c7b3640331cde87f3c4fb01
1791656095,NVIDIA GeForce RTX 4060,595.91.07,5844,8188,0,false,true,sha256:150b59966fb5b2cb1a8fa9d226267c56ebd22c520c7b3640331cde87f3c4fb01
1791656096,NVIDIA GeForce RTX 4060,595.91.07,5844,8188,0,false,true,sha256:150b59966fb5b2cb1a8fa9d226267c56ebd22c520c7b3640331cde87f3c4fb01
1791656097,NVIDIA GeForce RTX 4060,595.91.07,5844,8188,0,false,true,sha256:150b59966fb5b2cb1a8fa9d226267c56ebd22c520c7b3640331cde87f3c4fb01
1791656098,NVIDIA GeForce RTX 4060,595.91.07,5844,8188,0,false,true,sha256:150b59966fb5b2cb1a8fa9d226267c56ebd22c520c7b3640331cde87f3c4fb01
1791656099,NVIDIA GeForce RTX 4060,595.91.07,5844,8188,0,false,true,sha256:150b59966fb5b2cb1a8fa9d226267c56ebd22c520c7b3640331cde87f3c4fb01
1791656100,NVIDIA GeForce RTX 4060,595.91.07,5844,8188,0,false,true,sha256:150b59966fb5b2cb1a8fa9d226267c56ebd22c520c7b3640331cde87f3c4fb01
1791656101,NVIDIA GeForce RTX 4060,595.91.07,5844,8188,0,false,true,sha256:150b59966fb5b2cb1a8fa9d226267c56ebd22c520c7b3640331cde87f3c4fb01
1791656102,NVIDIA GeForce RTX 4060,595.91.07,5844,8188,0,false,true,sha256:150b59966fb5b2cb1a8fa9d226267c56ebd22c520c7b3640331cde87f3c4fb01
1791656103,NVIDIA GeForce RTX 4060,595.91.07,5844,8188,0,false,true,sha256:150b59966fb5b2cb1a8fa9d226267c56ebd22c520c7b3640331cde87f3c4fb01
1791656104,NVIDIA GeForce RTX 4060,595.91.07,5844,8188,0,false,true,sha256:150b59966fb5b2cb1a8fa9d226267c56ebd22c520c7b3640331cde87f3c4fb01
1791656105,NVIDIA GeForce RTX 4060,595.91.07,5844,8188,0,false,true,sha256:150b59966fb5b2cb1a8fa9d226267c56ebd22c520c7b3640331cde87f3c4fb01
1791656107,NVIDIA GeForce RTX 4060,595.91.07,5844,8188,0,false,true,sha256:150b59966fb5b2cb1a8fa9d226267c56ebd22c520c7b3640331cde87f3c4fb01
1791656108,NVIDIA GeForce RTX 4060,595.91.07,5844,8188,0,false,true,sha256:150b59966fb5b2cb1a8fa9d226267c56ebd22c520c7b3640331cde87f3c4fb01
1791656109,NVIDIA GeForce RTX 4060,595.91.07,5844,8188,0,false,true,sha256:150b59966fb5b2cb1a8fa9d226267c56ebd22c520c7b3640331cde87f3c4fb01
1791656110,NVIDIA GeForce RTX 4060,595.91.07,5844,8188,0,false,true,sha256:150b59966fb5b2cb1a8fa9d226267c56ebd22c520c7b3640331cde87f3c4fb01
1791656111,NVIDIA GeForce RTX 4060,595.91.07,5844,8188,0,false,true,sha256:150b59966fb5b2cb1a8fa9d226267c56ebd22c520c7b3640331cde87f3c4fb01
1791656112,NVIDIA GeForce RTX 4060,595.91.07,5844,8188,0,false,true,sha256:150b59966fb5b2cb1a8fa9d226267c56ebd22c520c7b3640331cde87f3c4fb01
1791656113,NVIDIA GeForce RTX 4060,595.91.07,5844,8188,0,false,true,sha256:150b59966fb5b2cb1a8fa9d226267c56ebd22c520c7b3640331cde87f3c4fb01
1791656114,NVIDIA GeForce RTX 4060,595.91.07,5844,8188,0,false,true,sha256:150b59966fb5b2cb1a8fa9d226267c56ebd22c520c7b3640331cde87f3c4fb01
1791656115,NVIDIA GeForce RTX 4060,595.91.07,5844,8188,0,false,true,sha256:150b59966fb5b2cb1a8fa9d226267c56ebd22c520c7b3640331cde87f3c4fb01
1791656116,NVIDIA GeForce RTX 4060,595.91.07,5844,8188,0,false,true,sha256:150b59966fb5b2cb1a8fa9d226267c56ebd22c520c7b3640331cde87f3c4fb01
1791656117,NVIDIA GeForce RTX 4060,595.91.07,5844,8188,0,false,true,sha256:150b59966fb5b2cb1a8fa9d226267c56ebd22c520c7b3640331cde87f3c4fb01
1791656118,NVIDIA GeForce RTX 4060,595.91.07,5844,8188,0,false,true,sha256:150b59966fb5b2cb1a8fa9d226267c56ebd22c520c7b3640331cde87f3c4fb01
1791656120,NVIDIA GeForce RTX 4060,595.91.07,5844,8188,0,false,true,sha256:150b59966fb5b2cb1a8fa9d226267c56ebd22c520c7b3640331cde87f3c4fb01
1791656121,NVIDIA GeForce RTX 4060,595.91.07,5844,8188,0,false,true,sha256:150b59966fb5b2cb1a8fa9d226267c56ebd22c520c7b3640331cde87f3c4fb01
1791656122,NVIDIA GeForce RTX 4060,595.91.07,5844,8188,0,false,true,sha256:150b59966fb5b2cb1a8fa9d226267c56ebd22c520c7b3640331cde87f3c4fb01
1791656123,NVIDIA GeForce RTX 4060,595.91.07,5844,8188,0,false,true,sha256:150b59966fb5b2cb1a8fa9d226267c56ebd22c520c7b3640331cde87f3c4fb01
1791656124,NVIDIA GeForce RTX 4060,595.91.07,5844,8188,0,false,true,sha256:150b59966fb5b2cb1a8fa9d226267c56ebd22c520c7b3640331cde87f3c4fb01
1791656125,NVIDIA GeForce RTX 4060,595.91.07,5844,8188,0,false,true,sha256:150b59966fb5b2cb1a8fa9d226267c56ebd22c520c7b3640331cde87f3c4fb01
1791656126,NVIDIA GeForce RTX 4060,595.91.07,5844,8188,0,false,true,sha256:150b59966fb5b2cb1a8fa9d226267c56ebd22c520c7b3640331cde87f3c4fb01
1791656127,NVIDIA GeForce RTX 4060,595.91.07,5844,8188,0,false,true,sha256:150b59966fb5b2cb1a8fa9d226267c56ebd22c520c7b3640331cde87f3c4fb01
1791656128,NVIDIA GeForce RTX 4060,595.91.07,5844,8188,0,false,true,sha256:150b59966fb5b2cb1a8fa9d226267c56ebd22c520c7b3640331cde87f3c4fb01
1791656129,NVIDIA GeForce RTX 4060,595.91.07,5844,8188,0,false,true,sha256:150b59966fb5b2cb1a8fa9d226267c56ebd22c520c7b3640331cde87f3c4fb01
1791656130,NVIDIA GeForce RTX 4060,595.91.07,5844,8188,0,false,true,sha256:150b59966fb5b2cb1a8fa9d226267c56ebd22c520c7b3640331cde87f3c4fb01
1791656132,NVIDIA GeForce RTX 4060,595.91.07,5844,8188,0,false,true,sha256:150b59966fb5b2cb1a8fa9d226267c56ebd22c520c7b3640331cde87f3c4fb01
1791656133,NVIDIA GeForce RTX 4060,595.91.07,5844,8188,0,false,true,sha256:150b59966fb5b2cb1a8fa9d226267c56ebd22c520c7b3640331cde87f3c4fb01
1791656134,NVIDIA GeForce RTX 4060,595.91.07,5844,8188,0,false,true,sha256:150b59966fb5b2cb1a8fa9d226267c56ebd22c520c7b3640331cde87f3c4fb01
1791656135,NVIDIA GeForce RTX 4060,595.91.07,5844,8188,0,false,true,sha256:150b59966fb5b2cb1a8fa9d226267c56ebd22c520c7b3640331cde87f3c4fb01
1791656136,NVIDIA GeForce RTX 4060,595.91.07,5844,8188,0,false,true,sha256:150b59966fb5b2cb1a8fa9d226267c56ebd22c520c7b3640331cde87f3c4fb01
1791656137,NVIDIA GeForce RTX 4060,595.91.07,5844,8188,0,false,true,sha256:150b59966fb5b2cb1a8fa9d226267c56ebd22c520c7b3640331cde87f3c4fb01
1791656138,NVIDIA GeForce RTX 4060,595.91.07,5844,8188,0,false,true,sha256:150b59966fb5b2cb1a8fa9d226267c56ebd22c520c7b3640331cde87f3c4fb01
1791656139,NVIDIA GeForce RTX 4060,595.91.07,5844,8188,0,false,true,sha256:150b59966fb5b2cb1a8fa9d226267c56ebd22c520c7b3640331cde87f3c4fb01
1791656140,NVIDIA GeForce RTX 4060,595.91.07,5844,8188,0,false,true,sha256:150b59966fb5b2cb1a8fa9d226267c56ebd22c520c7b3640331cde87f3c4fb01
1791656141,NVIDIA GeForce RTX 4060,595.91.07,5844,8188,0,false,true,sha256:150b59966fb5b2cb1a8fa9d226267c56ebd22c520c7b3640331cde87f3c4fb01
1791656142,NVIDIA GeForce RTX 4060,595.91.07,5844,8188,0,false,true,sha256:150b59966fb5b2cb1a8fa9d226267c56ebd22c520c7b3640331cde87f3c4fb01
1791656143,NVIDIA GeForce RTX 4060,595.91.07,5844,8188,0,false,true,sha256:150b59966fb5b2cb1a8fa9d226267c56ebd22c520c7b3640331cde87f3c4fb01
1791656145,NVIDIA GeForce RTX 4060,595.91.07,5844,8188,0,false,true,sha256:150b59966fb5b2cb1a8fa9d226267c56ebd22c520c7b3640331cde87f3c4fb01
1791656146,NVIDIA GeForce RTX 4060,595.91.07,5844,8188,0,false,true,sha256:150b59966fb5b2cb1a8fa9d226267c56ebd22c520c7b3640331cde87f3c4fb01
1791656147,NVIDIA GeForce RTX 4060,595.91.07,5844,8188,0,false,true,sha256:150b59966fb5b2cb1a8fa9d226267c56ebd22c520c7b3640331cde87f3c4fb01
1791656148,NVIDIA GeForce RTX 4060,595.91.07,5844,8188,0,false,true,sha256:150b59966fb5b2cb1a8fa9d226267c56ebd22c520c7b3640331cde87f3c4fb01
1791656149,NVIDIA GeForce RTX 4060,595.91.07,5844,8188,0,false,true,sha256:150b59966fb5b2cb1a8fa9d226267c56ebd22c520c7b3640331cde87f3c4fb01
1791656150,NVIDIA GeForce RTX 4060,595.91.07,5844,8188,0,false,true,sha256:150b59966fb5b2cb1a8fa9d226267c56ebd22c520c7b3640331cde87f3c4fb01
1791656151,NVIDIA GeForce RTX 4060,595.91.07,5844,8188,0,false,true,sha256:150b59966fb5b2cb1a8fa9d226267c56ebd22c520c7b3640331cde87f3c4fb01
1791656152,NVIDIA GeForce RTX 4060,595.91.07,5844,8188,0,false,true,sha256:150b59966fb5b2cb1a8fa9d226267c56ebd22c520c7b3640331cde87f3c4fb01
1791656153,NVIDIA GeForce RTX 4060,595.91.07,5844,8188,0,false,true,sha256:150b59966fb5b2cb1a8fa9d226267c56ebd22c520c7b3640331cde87f3c4fb01
1791656154,NVIDIA GeForce RTX 4060,595.91.07,5844,8188,0,false,true,sha256:150b59966fb5b2cb1a8fa9d226267c56ebd22c520c7b3640331cde87f3c4fb01
1791656155,NVIDIA GeForce RTX 4060,595.91.07,5844,8188,0,false,true,sha256:150b59966fb5b2cb1a8fa9d226267c56ebd22c520c7b3640331cde87f3c4fb01
1791656156,NVIDIA GeForce RTX 4060,595.91.07,5844,8188,0,false,true,sha256:150b59966fb5b2cb1a8fa9d226267c56ebd22c520c7b3640331cde87f3c4fb01
1791656158,NVIDIA GeForce RTX 4060,595.91.07,5844,8188,0,false,true,sha256:150b59966fb5b2cb1a8fa9d226267c56ebd22c520c7b3640331cde87f3c4fb01
1791656159,NVIDIA GeForce RTX 4060,595.91.07,5844,8188,0,false,true,sha256:150b59966fb5b2cb1a8fa9d226267c56ebd22c520c7b3640331cde87f3c4fb01
1791656160,NVIDIA GeForce RTX 4060,595.91.07,5844,8188,0,false,true,sha256:150b59966fb5b2cb1a8fa9d226267c56ebd22c520c7b3640331cde87f3c4fb01
1791656161,NVIDIA GeForce RTX 4060,595.91.07,5844,8188,0,false,true,sha256:150b59966fb5b2cb1a8fa9d226267c56ebd22c520c7b3640331cde87f3c4fb01
1791656162,NVIDIA GeForce RTX 4060,595.91.07,5844,8188,0,false,true,sha256:150b59966fb5b2cb1a8fa9d226267c56ebd22c520c7b3640331cde87f3c4fb01
1791656163,NVIDIA GeForce RTX 4060,595.91.07,5844,8188,0,false,true,sha256:150b59966fb5b2cb1a8fa9d226267c56ebd22c520c7b3640331cde87f3c4fb01
1791656164,NVIDIA GeForce RTX 4060,595.91.07,5844,8188,0,false,true,sha256:150b59966fb5b2cb1a8fa9d226267c56ebd22c520c7b3640331cde87f3c4fb01
1791656165,NVIDIA GeForce RTX 4060,595.91.07,5844,8188,0,false,true,sha256:150b59966fb5b2cb1a8fa9d226267c56ebd22c520c7b3640331cde87f3c4fb01
1791656166,NVIDIA GeForce RTX 4060,595.91.07,5844,8188,0,false,true,sha256:150b59966fb5b2cb1a8fa9d226267c56ebd22c520c7b3640331cde87f3c4fb01
1791656167,NVIDIA GeForce RTX 4060,595.91.07,5844,8188,0,false,true,sha256:150b59966fb5b2cb1a8fa9d226267c56ebd22c520c7b3640331cde87f3c4fb01
1791656168,NVIDIA GeForce RTX 4060,595.91.07,5844,8188,0,false,true,sha256:150b59966fb5b2cb1a8fa9d226267c56ebd22c520c7b3640331cde87f3c4fb01
1791656169,NVIDIA GeForce RTX 4060,595.91.07,5844,8188,0,false,true,sha256:150b59966fb5b2cb1a8fa9d226267c56ebd22c520c7b3640331cde87f3c4fb01
1791656171,NVIDIA GeForce RTX 4060,595.91.07,5844,8188,0,false,true,sha256:150b59966fb5b2cb1a8fa9d226267c56ebd22c520c7b3640331cde87f3c4fb01
1791656172,NVIDIA GeForce RTX 4060,595.91.07,5844,8188,0,false,true,sha256:150b59966fb5b2cb1a8fa9d226267c56ebd22c520c7b3640331cde87f3c4fb01
1791656173,NVIDIA GeForce RTX 4060,595.91.07,5844,8188,0,false,true,sha256:150b59966fb5b2cb1a8fa9d226267c56ebd22c520c7b3640331cde87f3c4fb01
1791656174,NVIDIA GeForce RTX 4060,595.91.07,5844,8188,0,false,true,sha256:150b59966fb5b2cb1a8fa9d226267c56ebd22c520c7b3640331cde87f3c4fb01
1791656175,NVIDIA GeForce RTX 4060,595.91.07,5844,8188,0,false,true,sha256:150b59966fb5b2cb1a8fa9d226267c56ebd22c520c7b3640331cde87f3c4fb01
1791656176,NVIDIA GeForce RTX 4060,595.91.07,5844,8188,0,false,true,sha256:150b59966fb5b2cb1a8fa9d226267c56ebd22c520c7b3640331cde87f3c4fb01
1791656177,NVIDIA GeForce RTX 4060,595.91.07,5844,8188,0,false,true,sha256:150b59966fb5b2cb1a8fa9d226267c56ebd22c520c7b3640331cde87f3c4fb01
1791656178,NVIDIA GeForce RTX 4060,595.91.07,5844,8188,0,false,true,sha256:150b59966fb5b2cb1a8fa9d226267c56ebd22c520c7b3640331cde87f3c4fb01
1791656179,NVIDIA GeForce RTX 4060,595.91.07,5844,8188,0,false,true,sha256:150b59966fb5b2cb1a8fa9d226267c56ebd22c520c7b3640331cde87f3c4fb01
1791656180,NVIDIA GeForce RTX 4060,595.91.07,5844,8188,0,false,true,sha256:150b59966fb5b2cb1a8fa9d226267c56ebd22c520c7b3640331cde87f3c4fb01
1791656181,NVIDIA GeForce RTX 4060,595.91.07,5844,8188,0,false,true,sha256:150b59966fb5b2cb1a8fa9d226267c56ebd22c520c7b3640331cde87f3c4fb01
1791656182,NVIDIA GeForce RTX 4060,595.91.07,5844,8188,0,false,true,sha256:150b59966fb5b2cb1a8fa9d226267c56ebd22c520c7b3640331cde87f3c4fb01
1791656184,NVIDIA GeForce RTX 4060,595.91.07,5844,8188,0,false,true,sha256:150b59966fb5b2cb1a8fa9d226267c56ebd22c520c7b3640331cde87f3c4fb01
1791656185,NVIDIA GeForce RTX 4060,595.91.07,5844,8188,0,false,true,sha256:150b59966fb5b2cb1a8fa9d226267c56ebd22c520c7b3640331cde87f3c4fb01
1791656186,NVIDIA GeForce RTX 4060,595.91.07,5844,8188,0,false,true,sha256:150b59966fb5b2cb1a8fa9d226267c56ebd22c520c7b3640331cde87f3c4fb01
1791656187,NVIDIA GeForce RTX 4060,595.91.07,5844,8188,0,false,true,sha256:150b59966fb5b2cb1a8fa9d226267c56ebd22c520c7b3640331cde87f3c4fb01
1791656188,NVIDIA GeForce RTX 4060,595.91.07,5844,8188,0,false,true,sha256:150b59966fb5b2cb1a8fa9d226267c56ebd22c520c7b3640331cde87f3c4fb01
1791656189,NVIDIA GeForce RTX 4060,595.91.07,5844,8188,0,false,true,sha256:150b59966fb5b2cb1a8fa9d226267c56ebd22c520c7b3640331cde87f3c4fb01
1791656190,NVIDIA GeForce RTX 4060,595.91.07,5844,8188,0,false,true,sha256:150b59966fb5b2cb1a8fa9d226267c56ebd22c520c7b3640331cde87f3c4fb01
1791656191,NVIDIA GeForce RTX 4060,595.91.07,5844,8188,0,false,true,sha256:150b59966fb5b2cb1a8fa9d226267c56ebd22c520c7b3640331cde87f3c4fb01
1791656192,NVIDIA GeForce RTX 4060,595.91.07,5844,8188,0,false,true,sha256:150b59966fb5b2cb1a8fa9d226267c56ebd22c520c7b3640331cde87f3c4fb01
1791656193,NVIDIA GeForce RTX 4060,595.91.07,5844,8188,0,false,true,sha256:150b59966fb5b2cb1a8fa9d226267c56ebd22c520c7b3640331cde87f3c4fb01
1791656194,NVIDIA GeForce RTX 4060,595.91.07,5844,8188,0,false,true,sha256:150b59966fb5b2cb1a8fa9d226267c56ebd22c520c7b3640331cde87f3c4fb01
1791656195,NVIDIA GeForce RTX 4060,595.91.07,5844,8188,0,false,true,sha256:150b59966fb5b2cb1a8fa9d226267c56ebd22c520c7b3640331cde87f3c4fb01
1791656197,NVIDIA GeForce RTX 4060,595.91.07,5844,8188,0,false,true,sha256:150b59966fb5b2cb1a8fa9d226267c56ebd22c520c7b3640331cde87f3c4fb01
1791656198,NVIDIA GeForce RTX 4060,595.91.07,5844,8188,0,false,true,sha256:150b59966fb5b2cb1a8fa9d226267c56ebd22c520c7b3640331cde87f3c4fb01
1791656199,NVIDIA GeForce RTX 4060,595.91.07,5844,8188,0,false,true,sha256:150b59966fb5b2cb1a8fa9d226267c56ebd22c520c7b3640331cde87f3c4fb01
1791656200,NVIDIA GeForce RTX 4060,595.91.07,5844,8188,0,false,true,sha256:150b59966fb5b2cb1a8fa9d226267c56ebd22c520c7b3640331cde87f3c4fb01
1791656201,NVIDIA GeForce RTX 4060,595.91.07,5844,8188,0,false,true,sha256:150b59966fb5b2cb1a8fa9d226267c56ebd22c520c7b3640331cde87f3c4fb01
1791656202,NVIDIA GeForce RTX 4060,595.91.07,5844,8188,0,false,true,sha256:150b59966fb5b2cb1a8fa9d226267c56ebd22c520c7b3640331cde87f3c4fb01
1791656203,NVIDIA GeForce RTX 4060,595.91.07,5844,8188,0,false,true,sha256:150b59966fb5b2cb1a8fa9d226267c56ebd22c520c7b3640331cde87f3c4fb01
1791656204,NVIDIA GeForce RTX 4060,595.91.07,5844,8188,0,false,true,sha256:150b59966fb5b2cb1a8fa9d226267c56ebd22c520c7b3640331cde87f3c4fb01
1791656205,NVIDIA GeForce RTX 4060,595.91.07,5844,8188,0,false,true,sha256:150b59966fb5b2cb1a8fa9d226267c56ebd22c520c7b3640331cde87f3c4fb01
1791656206,NVIDIA GeForce RTX 4060,595.91.07,5844,8188,0,false,true,sha256:150b59966fb5b2cb1a8fa9d226267c56ebd22c520c7b3640331cde87f3c4fb01
1791656207,NVIDIA GeForce RTX 4060,595.91.07,5844,8188,0,false,true,sha256:150b59966fb5b2cb1a8fa9d226267c56ebd22c520c7b3640331cde87f3c4fb01
1791656208,NVIDIA GeForce RTX 4060,595.91.07,5844,8188,0,false,true,sha256:150b59966fb5b2cb1a8fa9d226267c56ebd22c520c7b3640331cde87f3c4fb01
1791656210,NVIDIA GeForce RTX 4060,595.91.07,5844,8188,0,false,true,sha256:150b59966fb5b2cb1a8fa9d226267c56ebd22c520c7b3640331cde87f3c4fb01
1791656211,NVIDIA GeForce RTX 4060,595.91.07,5844,8188,0,false,true,sha256:150b59966fb5b2cb1a8fa9d226267c56ebd22c520c7b3640331cde87f3c4fb01
1791656212,NVIDIA GeForce RTX 4060,595.91.07,5844,8188,0,false,true,sha256:150b59966fb5b2cb1a8fa9d226267c56ebd22c520c7b3640331cde87f3c4fb01
1791656213,NVIDIA GeForce RTX 4060,595.91.07,5844,8188,0,false,true,sha256:150b59966fb5b2cb1a8fa9d226267c56ebd22c520c7b3640331cde87f3c4fb01
1791656214,NVIDIA GeForce RTX 4060,595.91.07,5844,8188,0,false,true,sha256:150b59966fb5b2cb1a8fa9d226267c56ebd22c520c7b3640331cde87f3c4fb01
1791656215,NVIDIA GeForce RTX 4060,595.91.07,5844,8188,0,false,true,sha256:150b59966fb5b2cb1a8fa9d226267c56ebd22c520c7b3640331cde87f3c4fb01
1791656216,NVIDIA GeForce RTX 4060,595.91.07,5844,8188,0,false,true,sha256:150b59966fb5b2cb1a8fa9d226267c56ebd22c520c7b3640331cde87f3c4fb01
1791656217,NVIDIA GeForce RTX 4060,595.91.07,5844,8188,0,false,true,sha256:150b59966fb5b2cb1a8fa9d226267c56ebd22c520c7b3640331cde87f3c4fb01
1791656218,NVIDIA GeForce RTX 4060,595.91.07,5844,8188,0,false,true,sha256:150b59966fb5b2cb1a8fa9d226267c56ebd22c520c7b3640331cde87f3c4fb01
1791656219,NVIDIA GeForce RTX 4060,595.91.07,5844,8188,0,false,true,sha256:150b59966fb5b2cb1a8fa9d226267c56ebd22c520c7b3640331cde87f3c4fb01
1791656220,NVIDIA GeForce RTX 4060,595.91.07,5844,8188,0,false,true,sha256:150b59966fb5b2cb1a8fa9d226267c56ebd22c520c7b3640331cde87f3c4fb01
1791656221,NVIDIA GeForce RTX 4060,595.91.07,5844,8188,0,false,true,sha256:150b59966fb5b2cb1a8fa9d226267c56ebd22c520c7b3640331cde87f3c4fb01
1791656223,NVIDIA GeForce RTX 4060,595.91.07,5844,8188,0,false,true,sha256:150b59966fb5b2cb1a8fa9d226267c56ebd22c520c7b3640331cde87f3c4fb01
1791656224,NVIDIA GeForce RTX 4060,595.91.07,5844,8188,0,false,true,sha256:150b59966fb5b2cb1a8fa9d226267c56ebd22c520c7b3640331cde87f3c4fb01
1791656225,NVIDIA GeForce RTX 4060,595.91.07,5844,8188,0,false,true,sha256:150b59966fb5b2cb1a8fa9d226267c56ebd22c520c7b3640331cde87f3c4fb01
1791656226,NVIDIA GeForce RTX 4060,595.91.07,5844,8188,0,false,true,sha256:150b59966fb5b2cb1a8fa9d226267c56ebd22c520c7b3640331cde87f3c4fb01
1791656227,NVIDIA GeForce RTX 4060,595.91.07,5844,8188,0,false,true,sha256:150b59966fb5b2cb1a8fa9d226267c56ebd22c520c7b3640331cde87f3c4fb01
1791656228,NVIDIA GeForce RTX 4060,595.91.07,5844,8188,0,false,true,sha256:150b59966fb5b2cb1a8fa9d226267c56ebd22c520c7b3640331cde87f3c4fb01
1791656229,NVIDIA GeForce RTX 4060,595.91.07,5844,8188,0,false,true,sha256:150b59966fb5b2cb1a8fa9d226267c56ebd22c520c7b3640331cde87f3c4fb01
1791656230,NVIDIA GeForce RTX 4060,595.91.07,5844,8188,0,false,true,sha256:150b59966fb5b2cb1a8fa9d226267c56ebd22c520c7b3640331cde87f3c4fb01
1791656231,NVIDIA GeForce RTX 4060,595.91.07,5844,8188,0,false,true,sha256:150b59966fb5b2cb1a8fa9d226267c56ebd22c520c7b3640331cde87f3c4fb01
1791656232,NVIDIA GeForce RTX 4060,595.91.07,5844,8188,0,false,true,sha256:150b59966fb5b2cb1a8fa9d226267c56ebd22c520c7b3640331cde87f3c4fb01
1791656233,NVIDIA GeForce RTX 4060,595.91.07,5844,8188,0,false,true,sha256:150b59966fb5b2cb1a8fa9d226267c56ebd22c520c7b3640331cde87f3c4fb01
1791656234,NVIDIA GeForce RTX 4060,595.91.07,5844,8188,0,false,true,sha256:150b59966fb5b2cb1a8fa9d226267c56ebd22c520c7b3640331cde87f3c4fb01
1791656236,NVIDIA GeForce RTX 4060,595.91.07,5844,8188,0,false,true,sha256:150b59966fb5b2cb1a8fa9d226267c56ebd22c520c7b3640331cde87f3c4fb01
1791656237,NVIDIA GeForce RTX 4060,595.91.07,5844,8188,0,false,true,sha256:150b59966fb5b2cb1a8fa9d226267c56ebd22c520c7b3640331cde87f3c4fb01
1791656238,NVIDIA GeForce RTX 4060,595.91.07,5844,8188,0,false,true,sha256:150b59966fb5b2cb1a8fa9d226267c56ebd22c520c7b3640331cde87f3c4fb01
1791656239,NVIDIA GeForce RTX 4060,595.91.07,5844,8188,0,false,true,sha256:150b59966fb5b2cb1a8fa9d226267c56ebd22c520c7b3640331cde87f3c4fb01
1791656240,NVIDIA GeForce RTX 4060,595.91.07,5844,8188,0,false,true,sha256:150b59966fb5b2cb1a8fa9d226267c56ebd22c520c7b3640331cde87f3c4fb01
1791656241,NVIDIA GeForce RTX 4060,595.91.07,5844,8188,0,false,true,sha256:150b59966fb5b2cb1a8fa9d226267c56ebd22c520c7b3640331cde87f3c4fb01
1791656242,NVIDIA GeForce RTX 4060,595.91.07,5844,8188,0,false,true,sha256:150b59966fb5b2cb1a8fa9d226267c56ebd22c520c7b3640331cde87f3c4fb01
1791656243,NVIDIA GeForce RTX 4060,595.91.07,5844,8188,0,false,true,sha256:150b59966fb5b2cb1a8fa9d226267c56ebd22c520c7b3640331cde87f3c4fb01
1791656244,NVIDIA GeForce RTX 4060,595.91.07,5844,8188,0,false,true,sha256:150b59966fb5b2cb1a8fa9d226267c56ebd22c520c7b3640331cde87f3c4fb01
1791656245,NVIDIA GeForce RTX 4060,595.91.07,5844,8188,0,false,true,sha256:150b59966fb5b2cb1a8fa9d226267c56ebd22c520c7b3640331cde87f3c4fb01
1791656246,NVIDIA GeForce RTX 4060,595.91.07,5844,8188,0,false,true,sha256:150b59966fb5b2cb1a8fa9d226267c56ebd22c520c7b3640331cde87f3c4fb01
1791656247,NVIDIA GeForce RTX 4060,595.91.07,5844,8188,0,false,true,sha256:150b59966fb5b2cb1a8fa9d226267c56ebd22c520c7b3640331cde87f3c4fb01
1791656249,NVIDIA GeForce RTX 4060,595.91.07,5844,8188,0,false,true,sha256:150b59966fb5b2cb1a8fa9d226267c56ebd22c520c7b3640331cde87f3c4fb01
1791656250,NVIDIA GeForce RTX 4060,595.91.07,5844,8188,0,false,true,sha256:150b59966fb5b2cb1a8fa9d226267c56ebd22c520c7b3640331cde87f3c4fb01
1791656251,NVIDIA GeForce RTX 4060,595.91.07,5844,8188,0,false,true,sha256:150b59966fb5b2cb1a8fa9d226267c56ebd22c520c7b3640331cde87f3c4fb01
1791656252,NVIDIA GeForce RTX 4060,595.91.07,5844,8188,0,false,true,sha256:150b59966fb5b2cb1a8fa9d226267c56ebd22c520c7b3640331cde87f3c4fb01
1791656253,NVIDIA GeForce RTX 4060,595.91.07,5844,8188,0,false,true,sha256:150b59966fb5b2cb1a8fa9d226267c56ebd22c520c7b3640331cde87f3c4fb01
1791656254,NVIDIA GeForce RTX 4060,595.91.07,5844,8188,0,false,true,sha256:150b59966fb5b2cb1a8fa9d226267c56ebd22c520c7b3640331cde87f3c4fb01
1791656255,NVIDIA GeForce RTX 4060,595.91.07,5844,8188,0,false,true,sha256:150b59966fb5b2cb1a8fa9d226267c56ebd22c520c7b3640331cde87f3c4fb01
1791656256,NVIDIA GeForce RTX 4060,595.91.07,5844,8188,0,false,true,sha256:150b59966fb5b2cb1a8fa9d226267c56ebd22c520c7b3640331cde87f3c4fb01
1791656257,NVIDIA GeForce RTX 4060,595.91.07,5844,8188,0,false,true,sha256:150b59966fb5b2cb1a8fa9d226267c56ebd22c520c7b3640331cde87f3c4fb01
1791656258,NVIDIA GeForce RTX 4060,595.91.07,5844,8188,0,false,true,sha256:150b59966fb5b2cb1a8fa9d226267c56ebd22c520c7b3640331cde87f3c4fb01
1791656259,NVIDIA GeForce RTX 4060,595.91.07,5844,8188,0,false,true,sha256:150b59966fb5b2cb1a8fa9d226267c56ebd22c520c7b3640331cde87f3c4fb01
1791656261,NVIDIA GeForce RTX 4060,595.91.07,5844,8188,0,false,true,sha256:150b59966fb5b2cb1a8fa9d226267c56ebd22c520c7b3640331cde87f3c4fb01
1791656262,NVIDIA GeForce RTX 4060,595.91.07,5844,8188,0,false,true,sha256:150b59966fb5b2cb1a8fa9d226267c56ebd22c520c7b3640331cde87f3c4fb01
1791656263,NVIDIA GeForce RTX 4060,595.91.07,5844,8188,0,false,true,sha256:150b59966fb5b2cb1a8fa9d226267c56ebd22c520c7b3640331cde87f3c4fb01
1791656264,NVIDIA GeForce RTX 4060,595.91.07,5844,8188,0,false,true,sha256:150b59966fb5b2cb1a8fa9d226267c56ebd22c520c7b3640331cde87f3c4fb01
1791656265,NVIDIA GeForce RTX 4060,595.91.07,5844,8188,0,false,true,sha256:150b59966fb5b2cb1a8fa9d226267c56ebd22c520c7b3640331cde87f3c4fb01
1791656266,NVIDIA GeForce RTX 4060,595.91.07,5844,8188,0,false,true,sha256:150b59966fb5b2cb1a8fa9d226267c56ebd22c520c7b3640331cde87f3c4fb01
1791656267,NVIDIA GeForce RTX 4060,595.91.07,5844,8188,0,false,true,sha256:150b59966fb5b2cb1a8fa9d226267c56ebd22c520c7b3640331cde87f3c4fb01
1791656268,NVIDIA GeForce RTX 4060,595.91.07,5844,8188,0,false,true,sha256:150b59966fb5b2cb1a8fa9d226267c56ebd22c520c7b3640331cde87f3c4fb01
1791656269,NVIDIA GeForce RTX 4060,595.91.07,5844,8188,0,false,true,sha256:150b59966fb5b2cb1a8fa9d226267c56ebd22c520c7b3640331cde87f3c4fb01
1791656270,NVIDIA GeForce RTX 4060,595.91.07,5844,8188,0,false,true,sha256:150b59966fb5b2cb1a8fa9d226267c56ebd22c520c7b3640331cde87f3c4fb01
1791656271,NVIDIA GeForce RTX 4060,595.91.07,5844,8188,0,false,true,sha256:150b59966fb5b2cb1a8fa9d226267c56ebd22c520c7b3640331cde87f3c4fb01
1791656272,NVIDIA GeForce RTX 4060,595.91.07,5844,8188,0,false,true,sha256:150b59966fb5b2cb1a8fa9d226267c56ebd22c520c7b3640331cde87f3c4fb01
1791656274,NVIDIA GeForce RTX 4060,595.91.07,5844,8188,0,false,true,sha256:150b59966fb5b2cb1a8fa9d226267c56ebd22c520c7b3640331cde87f3c4fb01
1791656275,NVIDIA GeForce RTX 4060,595.91.07,5844,8188,0,false,true,sha256:150b59966fb5b2cb1a8fa9d226267c56ebd22c520c7b3640331cde87f3c4fb01
1791656276,NVIDIA GeForce RTX 4060,595.91.07,5844,8188,0,false,true,sha256:150b59966fb5b2cb1a8fa9d226267c56ebd22c520c7b3640331cde87f3c4fb01
1791656277,NVIDIA GeForce RTX 4060,595.91.07,5844,8188,0,false,true,sha256:150b59966fb5b2cb1a8fa9d226267c56ebd22c520c7b3640331cde87f3c4fb01
1791656278,NVIDIA GeForce RTX 4060,595.91.07,5844,8188,0,false,true,sha256:150b59966fb5b2cb1a8fa9d226267c56ebd22c520c7b3640331cde87f3c4fb01
1791656279,NVIDIA GeForce RTX 4060,595.91.07,5844,8188,0,false,true,sha256:150b59966fb5b2cb1a8fa9d226267c56ebd22c520c7b3640331cde87f3c4fb01
1791656280,NVIDIA GeForce RTX 4060,595.91.07,5844,8188,0,false,true,sha256:150b59966fb5b2cb1a8fa9d226267c56ebd22c520c7b3640331cde87f3c4fb01
1791656281,NVIDIA GeForce RTX 4060,595.91.07,5844,8188,0,false,true,sha256:150b59966fb5b2cb1a8fa9d226267c56ebd22c520c7b3640331cde87f3c4fb01
1791656282,NVIDIA GeForce RTX 4060,595.91.07,5844,8188,0,false,true,sha256:150b59966fb5b2cb1a8fa9d226267c56ebd22c520c7b3640331cde87f3c4fb01
1791656283,NVIDIA GeForce RTX 4060,595.91.07,5844,8188,0,false,true,sha256:150b59966fb5b2cb1a8fa9d226267c56ebd22c520c7b3640331cde87f3c4fb01
1791656284,NVIDIA GeForce RTX 4060,595.91.07,5844,8188,0,false,true,sha256:150b59966fb5b2cb1a8fa9d226267c56ebd22c520c7b3640331cde87f3c4fb01
1791656285,NVIDIA GeForce RTX 4060,595.91.07,5844,8188,0,false,true,sha256:150b59966fb5b2cb1a8fa9d226267c56ebd22c520c7b3640331cde87f3c4fb01
1791656287,NVIDIA GeForce RTX 4060,595.91.07,5844,8188,0,false,true,sha256:150b59966fb5b2cb1a8fa9d226267c56ebd22c520c7b3640331cde87f3c4fb01
1791656288,NVIDIA GeForce RTX 4060,595.91.07,5844,8188,0,false,true,sha256:150b59966fb5b2cb1a8fa9d226267c56ebd22c520c7b3640331cde87f3c4fb01
1791656289,NVIDIA GeForce RTX 4060,595.91.07,5844,8188,0,false,true,sha256:150b59966fb5b2cb1a8fa9d226267c56ebd22c520c7b3640331cde87f3c4fb01
1791656290,NVIDIA GeForce RTX 4060,595.91.07,5844,8188,0,false,true,sha256:150b59966fb5b2cb1a8fa9d226267c56ebd22c520c7b3640331cde87f3c4fb01
1791656291,NVIDIA GeForce RTX 4060,595.91.07,5844,8188,0,false,true,sha256:150b59966fb5b2cb1a8fa9d226267c56ebd22c520c7b3640331cde87f3c4fb01
1791656292,NVIDIA GeForce RTX 4060,595.91.07,5844,8188,0,false,true,sha256:150b59966fb5b2cb1a8fa9d226267c56ebd22c520c7b3640331cde87f3c4fb01
1791656293,NVIDIA GeForce RTX 4060,595.91.07,5844,8188,0,false,true,sha256:150b59966fb5b2cb1a8fa9d226267c56ebd22c520c7b3640331cde87f3c4fb01
1791656294,NVIDIA GeForce RTX 4060,595.91.07,5844,8188,0,false,true,sha256:150b59966fb5b2cb1a8fa9d226267c56ebd22c520c7b3640331cde87f3c4fb01
1791656295,NVIDIA GeForce RTX 4060,595.91.07,5844,8188,0,false,true,sha256:150b59966fb5b2cb1a8fa9d226267c56ebd22c520c7b3640331cde87f3c4fb01
1791656296,NVIDIA GeForce RTX 4060,595.91.07,5844,8188,0,false,true,sha256:150b59966fb5b2cb1a8fa9d226267c56ebd22c520c7b3640331cde87f3c4fb01
1791656297,NVIDIA GeForce RTX 4060,595.91.07,5844,8188,0,false,true,sha256:150b59966fb5b2cb1a8fa9d226267c56ebd22c520c7b3640331cde87f3c4fb01
1791656299,NVIDIA GeForce RTX 4060,595.91.07,5844,8188,0,false,true,sha256:150b59966fb5b2cb1a8fa9d226267c56ebd22c520c7b3640331cde87f3c4fb01
1791656300,NVIDIA GeForce RTX 4060,595.91.07,5844,8188,0,false,true,sha256:150b59966fb5b2cb1a8fa9d226267c56ebd22c520c7b3640331cde87f3c4fb01
1791656301,NVIDIA GeForce RTX 4060,595.91.07,5844,8188,0,false,true,sha256:150b59966fb5b2cb1a8fa9d226267c56ebd22c520c7b3640331cde87f3c4fb01
1791656302,NVIDIA GeForce RTX 4060,595.91.07,5844,8188,0,false,true,sha256:150b59966fb5b2cb1a8fa9d226267c56ebd22c520c7b3640331cde87f3c4fb01
1791656303,NVIDIA GeForce RTX 4060,595.91.07,5844,8188,0,false,true,sha256:150b59966fb5b2cb1a8fa9d226267c56ebd22c520c7b3640331cde87f3c4fb01
1791656304,NVIDIA GeForce RTX 4060,595.91.07,5844,8188,0,false,true,sha256:150b59966fb5b2cb1a8fa9d226267c56ebd22c520c7b3640331cde87f3c4fb01
1791656305,NVIDIA GeForce RTX 4060,595.91.07,5844,8188,0,false,true,sha256:150b59966fb5b2cb1a8fa9d226267c56ebd22c520c7b3640331cde87f3c4fb01
1791656306,NVIDIA GeForce RTX 4060,595.91.07,5844,8188,0,false,true,sha256:150b59966fb5b2cb1a8fa9d226267c56ebd22c520c7b3640331cde87f3c4fb01
1791656307,NVIDIA GeForce RTX 4060,595.91.07,5844,8188,0,false,true,sha256:150b59966fb5b2cb1a8fa9d226267c56ebd22c520c7b3640331cde87f3c4fb01
1791656308,NVIDIA GeForce RTX 4060,595.91.07,5844,8188,0,false,true,sha256:150b59966fb5b2cb1a8fa9d226267c56ebd22c520c7b3640331cde87f3c4fb01
1791656309,NVIDIA GeForce RTX 4060,595.91.07,5844,8188,0,false,true,sha256:150b59966fb5b2cb1a8fa9d226267c56ebd22c520c7b3640331cde87f3c4fb01
1791656310,NVIDIA GeForce RTX 4060,595.91.07,5844,8188,0,false,true,sha256:150b59966fb5b2cb1a8fa9d226267c56ebd22c520c7b3640331cde87f3c4fb01
1791656312,NVIDIA GeForce RTX 4060,595.91.07,5844,8188,0,false,true,sha256:150b59966fb5b2cb1a8fa9d226267c56ebd22c520c7b3640331cde87f3c4fb01
1791656313,NVIDIA GeForce RTX 4060,595.91.07,5844,8188,0,false,true,sha256:150b59966fb5b2cb1a8fa9d226267c56ebd22c520c7b3640331cde87f3c4fb01
1791656314,NVIDIA GeForce RTX 4060,595.91.07,5844,8188,0,false,true,sha256:150b59966fb5b2cb1a8fa9d226267c56ebd22c520c7b3640331cde87f3c4fb01
1791656315,NVIDIA GeForce RTX 4060,595.91.07,5844,8188,0,false,true,sha256:150b59966fb5b2cb1a8fa9d226267c56ebd22c520c7b3640331cde87f3c4fb01
1791656316,NVIDIA GeForce RTX 4060,595.91.07,5844,8188,0,false,true,sha256:150b59966fb5b2cb1a8fa9d226267c56ebd22c520c7b3640331cde87f3c4fb01
1791656317,NVIDIA GeForce RTX 4060,595.91.07,5844,8188,0,false,true,sha256:150b59966fb5b2cb1a8fa9d226267c56ebd22c520c7b3640331cde87f3c4fb01
1791656318,NVIDIA GeForce RTX 4060,595.91.07,5844,8188,0,false,true,sha256:150b59966fb5b2cb1a8fa9d226267c56ebd22c520c7b3640331cde87f3c4fb01
1791656319,NVIDIA GeForce RTX 4060,595.91.07,5844,8188,0,false,true,sha256:150b59966fb5b2cb1a8fa9d226267c56ebd22c520c7b3640331cde87f3c4fb01
1791656320,NVIDIA GeForce RTX 4060,595.91.07,5844,8188,0,false,true,sha256:150b59966fb5b2cb1a8fa9d226267c56ebd22c520c7b3640331cde87f3c4fb01
1791656321,NVIDIA GeForce RTX 4060,595.91.07,5844,8188,0,false,true,sha256:150b59966fb5b2cb1a8fa9d226267c56ebd22c520c7b3640331cde87f3c4fb01
1791656322,NVIDIA GeForce RTX 4060,595.91.07,5844,8188,0,false,true,sha256:150b59966fb5b2cb1a8fa9d226267c56ebd22c520c7b3640331cde87f3c4fb01
1791656323,NVIDIA GeForce RTX 4060,595.91.07,5844,8188,0,false,true,sha256:150b59966fb5b2cb1a8fa9d226267c56ebd22c520c7b3640331cde87f3c4fb01
1791656325,NVIDIA GeForce RTX 4060,595.91.07,5844,8188,0,false,true,sha256:150b59966fb5b2cb1a8fa9d226267c56ebd22c520c7b3640331cde87f3c4fb01
1791656326,NVIDIA GeForce RTX 4060,595.91.07,5844,8188,0,false,true,sha256:150b59966fb5b2cb1a8fa9d226267c56ebd22c520c7b3640331cde87f3c4fb01
1791656327,NVIDIA GeForce RTX 4060,595.91.07,5844,8188,0,false,true,sha256:150b59966fb5b2cb1a8fa9d226267c56ebd22c520c7b3640331cde87f3c4fb01
1791656328,NVIDIA GeForce RTX 4060,595.91.07,5844,8188,0,false,true,sha256:150b59966fb5b2cb1a8fa9d226267c56ebd22c520c7b3640331cde87f3c4fb01
1791656329,NVIDIA GeForce RTX 4060,595.91.07,5844,8188,0,false,true,sha256:150b59966fb5b2cb1a8fa9d226267c56ebd22c520c7b3640331cde87f3c4fb01
1791656330,NVIDIA GeForce RTX 4060,595.91.07,5844,8188,0,false,true,sha256:150b59966fb5b2cb1a8fa9d226267c56ebd22c520c7b3640331cde87f3c4fb01
1791656331,NVIDIA GeForce RTX 4060,595.91.07,5844,8188,0,false,true,sha256:150b59966fb5b2cb1a8fa9d226267c56ebd22c520c7b3640331cde87f3c4fb01
1791656332,NVIDIA GeForce RTX 4060,595.91.07,5844,8188,0,false,true,sha256:150b59966fb5b2cb1a8fa9d226267c56ebd22c520c7b3640331cde87f3c4fb01
1791656333,NVIDIA GeForce RTX 4060,595.91.07,5844,8188,0,false,true,sha256:150b59966fb5b2cb1a8fa9d226267c56ebd22c520c7b3640331cde87f3c4fb01
1791656334,NVIDIA GeForce RTX 4060,595.91.07,5844,8188,0,false,true,sha256:150b59966fb5b2cb1a8fa9d226267c56ebd22c520c7b3640331cde87f3c4fb01
1791656335,NVIDIA GeForce RTX 4060,595.91.07,5844,8188,0,false,true,sha256:150b59966fb5b2cb1a8fa9d226267c56ebd22c520c7b3640331cde87f3c4fb01
1791656336,NVIDIA GeForce RTX 4060,595.91.07,5844,8188,0,false,true,sha256:150b59966fb5b2cb1a8fa9d226267c56ebd22c520c7b3640331cde87f3c4fb01
1791656338,NVIDIA GeForce RTX 4060,595.91.07,5844,8188,0,false,true,sha256:150b59966fb5b2cb1a8fa9d226267c56ebd22c520c7b3640331cde87f3c4fb01
1791656339,NVIDIA GeForce RTX 4060,595.91.07,5844,8188,0,false,true,sha256:150b59966fb5b2cb1a8fa9d226267c56ebd22c520c7b3640331cde87f3c4fb01
1791656340,NVIDIA GeForce RTX 4060,595.91.07,5844,8188,0,false,true,sha256:150b59966fb5b2cb1a8fa9d226267c56ebd22c520c7b3640331cde87f3c4fb01
1791656341,NVIDIA GeForce RTX 4060,595.91.07,5844,8188,0,false,true,sha256:150b59966fb5b2cb1a8fa9d226267c56ebd22c520c7b3640331cde87f3c4fb01
1791656342,NVIDIA GeForce RTX 4060,595.91.07,5844,8188,0,false,true,sha256:150b59966fb5b2cb1a8fa9d226267c56ebd22c520c7b3640331cde87f3c4fb01
1791656343,NVIDIA GeForce RTX 4060,595.91.07,5844,8188,0,false,true,sha256:150b59966fb5b2cb1a8fa9d226267c56ebd22c520c7b3640331cde87f3c4fb01
1791656344,NVIDIA GeForce RTX 4060,595.91.07,5844,8188,0,false,true,sha256:150b59966fb5b2cb1a8fa9d226267c56ebd22c520c7b3640331cde87f3c4fb01
1791656345,NVIDIA GeForce RTX 4060,595.91.07,5844,8188,0,false,true,sha256:150b59966fb5b2cb1a8fa9d226267c56ebd22c520c7b3640331cde87f3c4fb01
1791656346,NVIDIA GeForce RTX 4060,595.91.07,5844,8188,0,false,true,sha256:150b59966fb5b2cb1a8fa9d226267c56ebd22c520c7b3640331cde87f3c4fb01
1791656347,NVIDIA GeForce RTX 4060,595.91.07,5844,8188,0,false,true,sha256:150b59966fb5b2cb1a8fa9d226267c56ebd22c520c7b3640331cde87f3c4fb01
1791656348,NVIDIA GeForce RTX 4060,595.91.07,5844,8188,0,false,true,sha256:150b59966fb5b2cb1a8fa9d226267c56ebd22c520c7b3640331cde87f3c4fb01
1791656349,NVIDIA GeForce RTX 4060,595.91.07,5844,8188,0,false,true,sha256:150b59966fb5b2cb1a8fa9d226267c56ebd22c520c7b3640331cde87f3c4fb01
1791656351,NVIDIA GeForce RTX 4060,595.91.07,5844,8188,0,false,true,sha256:150b59966fb5b2cb1a8fa9d226267c56ebd22c520c7b3640331cde87f3c4fb01
1791656352,NVIDIA GeForce RTX 4060,595.91.07,5844,8188,0,false,true,sha256:150b59966fb5b2cb1a8fa9d226267c56ebd22c520c7b3640331cde87f3c4fb01
1791656353,NVIDIA GeForce RTX 4060,595.91.07,5844,8188,0,false,true,sha256:150b59966fb5b2cb1a8fa9d226267c56ebd22c520c7b3640331cde87f3c4fb01
1791656354,NVIDIA GeForce RTX 4060,595.91.07,5844,8188,0,false,true,sha256:150b59966fb5b2cb1a8fa9d226267c56ebd22c520c7b3640331cde87f3c4fb01
1791656355,NVIDIA GeForce RTX 4060,595.91.07,5844,8188,0,false,true,sha256:150b59966fb5b2cb1a8fa9d226267c56ebd22c520c7b3640331cde87f3c4fb01
1791656356,NVIDIA GeForce RTX 4060,595.91.07,5844,8188,0,false,true,sha256:150b59966fb5b2cb1a8fa9d226267c56ebd22c520c7b3640331cde87f3c4fb01
1791656357,NVIDIA GeForce RTX 4060,595.91.07,5844,8188,0,false,true,sha256:150b59966fb5b2cb1a8fa9d226267c56ebd22c520c7b3640331cde87f3c4fb01
1791656358,NVIDIA GeForce RTX 4060,595.91.07,5844,8188,0,false,true,sha256:150b59966fb5b2cb1a8fa9d226267c56ebd22c520c7b3640331cde87f3c4fb01
1791656359,NVIDIA GeForce RTX 4060,595.91.07,5844,8188,0,false,true,sha256:150b59966fb5b2cb1a8fa9d226267c56ebd22c520c7b3640331cde87f3c4fb01
1791656360,NVIDIA GeForce RTX 4060,595.91.07,5844,8188,0,false,true,sha256:150b59966fb5b2cb1a8fa9d226267c56ebd22c520c7b3640331cde87f3c4fb01
1791656361,NVIDIA GeForce RTX 4060,595.91.07,5844,8188,0,false,true,sha256:150b59966fb5b2cb1a8fa9d226267c56ebd22c520c7b3640331cde87f3c4fb01
1791656362,NVIDIA GeForce RTX 4060,595.91.07,5844,8188,0,false,true,sha256:150b59966fb5b2cb1a8fa9d226267c56ebd22c520c7b3640331cde87f3c4fb01
1791656364,NVIDIA GeForce RTX 4060,595.91.07,5844,8188,0,false,true,sha256:150b59966fb5b2cb1a8fa9d226267c56ebd22c520c7b3640331cde87f3c4fb01
1791656365,NVIDIA GeForce RTX 4060,595.91.07,5844,8188,0,false,true,sha256:150b59966fb5b2cb1a8fa9d226267c56ebd22c520c7b3640331cde87f3c4fb01
1791656366,NVIDIA GeForce RTX 4060,595.91.07,5844,8188,0,false,true,sha256:150b59966fb5b2cb1a8fa9d226267c56ebd22c520c7b3640331cde87f3c4fb01
1791656367,NVIDIA GeForce RTX 4060,595.91.07,5844,8188,0,false,true,sha256:150b59966fb5b2cb1a8fa9d226267c56ebd22c520c7b3640331cde87f3c4fb01
1791656368,NVIDIA GeForce RTX 4060,595.91.07,5844,8188,0,false,true,sha256:150b59966fb5b2cb1a8fa9d226267c56ebd22c520c7b3640331cde87f3c4fb01
1791656369,NVIDIA GeForce RTX 4060,595.91.07,5844,8188,0,false,true,sha256:150b59966fb5b2cb1a8fa9d226267c56ebd22c520c7b3640331cde87f3c4fb01
1791656370,NVIDIA GeForce RTX 4060,595.91.07,5844,8188,0,false,true,sha256:150b59966fb5b2cb1a8fa9d226267c56ebd22c520c7b3640331cde87f3c4fb01
1791656371,NVIDIA GeForce RTX 4060,595.91.07,5844,8188,0,false,true,sha256:150b59966fb5b2cb1a8fa9d226267c56ebd22c520c7b3640331cde87f3c4fb01
1791656372,NVIDIA GeForce RTX 4060,595.91.07,5844,8188,0,false,true,sha256:150b59966fb5b2cb1a8fa9d226267c56ebd22c520c7b3640331cde87f3c4fb01
1791656373,NVIDIA GeForce RTX 4060,595.91.07,5844,8188,0,false,true,sha256:150b59966fb5b2cb1a8fa9d226267c56ebd22c520c7b3640331cde87f3c4fb01
1791656374,NVIDIA GeForce RTX 4060,595.91.07,5844,8188,0,false,true,sha256:150b59966fb5b2cb1a8fa9d226267c56ebd22c520c7b3640331cde87f3c4fb01
1791656375,NVIDIA GeForce RTX 4060,595.91.07,5844,8188,0,false,true,sha256:150b59966fb5b2cb1a8fa9d226267c56ebd22c520c7b3640331cde87f3c4fb01
1791656377,NVIDIA GeForce RTX 4060,595.91.07,5844,8188,0,false,true,sha256:150b59966fb5b2cb1a8fa9d226267c56ebd22c520c7b3640331cde87f3c4fb01
1791656378,NVIDIA GeForce RTX 4060,595.91.07,5844,8188,0,false,true,sha256:150b59966fb5b2cb1a8fa9d226267c56ebd22c520c7b3640331cde87f3c4fb01
1791656379,NVIDIA GeForce RTX 4060,595.91.07,5844,8188,0,false,true,sha256:150b59966fb5b2cb1a8fa9d226267c56ebd22c520c7b3640331cde87f3c4fb01
1791656380,NVIDIA GeForce RTX 4060,595.91.07,5844,8188,0,false,true,sha256:150b59966fb5b2cb1a8fa9d226267c56ebd22c520c7b3640331cde87f3c4fb01
1791656381,NVIDIA GeForce RTX 4060,595.91.07,5844,8188,0,false,true,sha256:150b59966fb5b2cb1a8fa9d226267c56ebd22c520c7b3640331cde87f3c4fb01
1791656382,NVIDIA GeForce RTX 4060,595.91.07,5844,8188,0,false,true,sha256:150b59966fb5b2cb1a8fa9d226267c56ebd22c520c7b3640331cde87f3c4fb01
1791656383,NVIDIA GeForce RTX 4060,595.91.07,5844,8188,0,false,true,sha256:150b59966fb5b2cb1a8fa9d226267c56ebd22c520c7b3640331cde87f3c4fb01
1791656384,NVIDIA GeForce RTX 4060,595.91.07,5844,8188,0,false,true,sha256:150b59966fb5b2cb1a8fa9d226267c56ebd22c520c7b3640331cde87f3c4fb01
1791656385,NVIDIA GeForce RTX 4060,595.91.07,5844,8188,0,false,true,sha256:150b59966fb5b2cb1a8fa9d226267c56ebd22c520c7b3640331cde87f3c4fb01
1791656386,NVIDIA GeForce RTX 4060,595.91.07,5844,8188,0,false,true,sha256:150b59966fb5b2cb1a8fa9d226267c56ebd22c520c7b3640331cde87f3c4fb01
1791656387,NVIDIA GeForce RTX 4060,595.91.07,5844,8188,0,false,true,sha256:150b59966fb5b2cb1a8fa9d226267c56ebd22c520c7b3640331cde87f3c4fb01
1791656388,NVIDIA GeForce RTX 4060,595.91.07,5844,8188,0,false,true,sha256:150b59966fb5b2cb1a8fa9d226267c56ebd22c520c7b3640331cde87f3c4fb01
1791656390,NVIDIA GeForce RTX 4060,595.91.07,5844,8188,0,false,true,sha256:150b59966fb5b2cb1a8fa9d226267c56ebd22c520c7b3640331cde87f3c4fb01
1791656391,NVIDIA GeForce RTX 4060,595.91.07,5844,8188,0,false,true,sha256:150b59966fb5b2cb1a8fa9d226267c56ebd22c520c7b3640331cde87f3c4fb01
1791656392,NVIDIA GeForce RTX 4060,595.91.07,5844,8188,0,false,true,sha256:150b59966fb5b2cb1a8fa9d226267c56ebd22c520c7b3640331cde87f3c4fb01
1791656393,NVIDIA GeForce RTX 4060,595.91.07,5844,8188,0,false,true,sha256:150b59966fb5b2cb1a8fa9d226267c56ebd22c520c7b3640331cde87f3c4fb01
1791656394,NVIDIA GeForce RTX 4060,595.91.07,5844,8188,0,false,true,sha256:150b59966fb5b2cb1a8fa9d226267c56ebd22c520c7b3640331cde87f3c4fb01
1791656395,NVIDIA GeForce RTX 4060,595.91.07,5844,8188,0,false,true,sha256:150b59966fb5b2cb1a8fa9d226267c56ebd22c520c7b3640331cde87f3c4fb01
1791656396,NVIDIA GeForce RTX 4060,595.91.07,5844,8188,0,false,true,sha256:150b59966fb5b2cb1a8fa9d226267c56ebd22c520c7b3640331cde87f3c4fb01
1791656397,NVIDIA GeForce RTX 4060,595.91.07,5844,8188,0,false,true,sha256:150b59966fb5b2cb1a8fa9d226267c56ebd22c520c7b3640331cde87f3c4fb01
1791656398,NVIDIA GeForce RTX 4060,595.91.07,5844,8188,0,false,true,sha256:150b59966fb5b2cb1a8fa9d226267c56ebd22c520c7b3640331cde87f3c4fb01
1791656399,NVIDIA GeForce RTX 4060,595.91.07,5844,8188,0,false,true,sha256:150b59966fb5b2cb1a8fa9d226267c56ebd22c520c7b3640331cde87f3c4fb01
1791656400,NVIDIA GeForce RTX 4060,595.91.07,5844,8188,0,false,true,sha256:150b59966fb5b2cb1a8fa9d226267c56ebd22c520c7b3640331cde87f3c4fb01
1791656402,NVIDIA GeForce RTX 4060,595.91.07,5844,8188,0,false,true,sha256:150b59966fb5b2cb1a8fa9d226267c56ebd22c520c7b3640331cde87f3c4fb01
1791656403,NVIDIA GeForce RTX 4060,595.91.07,5844,8188,0,false,true,sha256:150b59966fb5b2cb1a8fa9d226267c56ebd22c520c7b3640331cde87f3c4fb01
1791656404,NVIDIA GeForce RTX 4060,595.91.07,5844,8188,0,false,true,sha256:150b59966fb5b2cb1a8fa9d226267c56ebd22c520c7b3640331cde87f3c4fb01
1791656405,NVIDIA GeForce RTX 4060,595.91.07,5844,8188,0,false,true,sha256:150b59966fb5b2cb1a8fa9d226267c56ebd22c520c7b3640331cde87f3c4fb01
1791656406,NVIDIA GeForce RTX 4060,595.91.07,5844,8188,0,false,true,sha256:150b59966fb5b2cb1a8fa9d226267c56ebd22c520c7b3640331cde87f3c4fb01
1791656407,NVIDIA GeForce RTX 4060,595.91.07,5844,8188,0,false,true,sha256:150b59966fb5b2cb1a8fa9d226267c56ebd22c520c7b3640331cde87f3c4fb01
1791656408,NVIDIA GeForce RTX 4060,595.91.07,5844,8188,0,false,true,sha256:150b59966fb5b2cb1a8fa9d226267c56ebd22c520c7b3640331cde87f3c4fb01
1791656409,NVIDIA GeForce RTX 4060,595.91.07,5844,8188,0,false,true,sha256:150b59966fb5b2cb1a8fa9d226267c56ebd22c520c7b3640331cde87f3c4fb01
1791656410,NVIDIA GeForce RTX 4060,595.91.07,5844,8188,0,false,true,sha256:150b59966fb5b2cb1a8fa9d226267c56ebd22c520c7b3640331cde87f3c4fb01
1791656411,NVIDIA GeForce RTX 4060,595.91.07,5844,8188,0,false,true,sha256:150b59966fb5b2cb1a8fa9d226267c56ebd22c520c7b3640331cde87f3c4fb01
1791656412,NVIDIA GeForce RTX 4060,595.91.07,5844,8188,0,false,true,sha256:150b59966fb5b2cb1a8fa9d226267c56ebd22c520c7b3640331cde87f3c4fb01
1791656413,NVIDIA GeForce RTX 4060,595.91.07,5844,8188,0,false,true,sha256:150b59966fb5b2cb1a8fa9d226267c56ebd22c520c7b3640331cde87f3c4fb01
1791656415,NVIDIA GeForce RTX 4060,595.91.07,5844,8188,0,false,true,sha256:150b59966fb5b2cb1a8fa9d226267c56ebd22c520c7b3640331cde87f3c4fb01
1791656416,NVIDIA GeForce RTX 4060,595.91.07,5844,8188,0,false,true,sha256:150b59966fb5b2cb1a8fa9d226267c56ebd22c520c7b3640331cde87f3c4fb01
1791656417,NVIDIA GeForce RTX 4060,595.91.07,5844,8188,0,false,true,sha256:150b59966fb5b2cb1a8fa9d226267c56ebd22c520c7b3640331cde87f3c4fb01
1791656418,NVIDIA GeForce RTX 4060,595.91.07,5844,8188,0,false,true,sha256:150b59966fb5b2cb1a8fa9d226267c56ebd22c520c7b3640331cde87f3c4fb01
1791656419,NVIDIA GeForce RTX 4060,595.91.07,5844,8188,0,false,true,sha256:150b59966fb5b2cb1a8fa9d226267c56ebd22c520c7b3640331cde87f3c4fb01
1791656420,NVIDIA GeForce RTX 4060,595.91.07,5844,8188,0,false,true,sha256:150b59966fb5b2cb1a8fa9d226267c56ebd22c520c7b3640331cde87f3c4fb01
1791656421,NVIDIA GeForce RTX 4060,595.91.07,5844,8188,0,false,true,sha256:150b59966fb5b2cb1a8fa9d226267c56ebd22c520c7b3640331cde87f3c4fb01
1791656422,NVIDIA GeForce RTX 4060,595.91.07,5844,8188,0,false,true,sha256:150b59966fb5b2cb1a8fa9d226267c56ebd22c520c7b3640331cde87f3c4fb01
1791656423,NVIDIA GeForce RTX 4060,595.91.07,5844,8188,0,false,true,sha256:150b59966fb5b2cb1a8fa9d226267c56ebd22c520c7b3640331cde87f3c4fb01
1791656424,NVIDIA GeForce RTX 4060,595.91.07,5844,8188,0,false,true,sha256:150b59966fb5b2cb1a8fa9d226267c56ebd22c520c7b3640331cde87f3c4fb01
1791656425,NVIDIA GeForce RTX 4060,595.91.07,5844,8188,0,false,true,sha256:150b59966fb5b2cb1a8fa9d226267c56ebd22c520c7b3640331cde87f3c4fb01
1791656426,NVIDIA GeForce RTX 4060,595.91.07,5844,8188,0,false,true,sha256:150b59966fb5b2cb1a8fa9d226267c56ebd22c520c7b3640331cde87f3c4fb01
1791656428,NVIDIA GeForce RTX 4060,595.91.07,5844,8188,0,false,true,sha256:150b59966fb5b2cb1a8fa9d226267c56ebd22c520c7b3640331cde87f3c4fb01
1791656429,NVIDIA GeForce RTX 4060,595.91.07,5844,8188,0,false,true,sha256:150b59966fb5b2cb1a8fa9d226267c56ebd22c520c7b3640331cde87f3c4fb01
1791656430,NVIDIA GeForce RTX 4060,595.91.07,5844,8188,0,false,true,sha256:150b59966fb5b2cb1a8fa9d226267c56ebd22c520c7b3640331cde87f3c4fb01
1791656431,NVIDIA GeForce RTX 4060,595.91.07,5844,8188,0,false,true,sha256:150b59966fb5b2cb1a8fa9d226267c56ebd22c520c7b3640331cde87f3c4fb01
1791656432,NVIDIA GeForce RTX 4060,595.91.07,5844,8188,0,false,true,sha256:150b59966fb5b2cb1a8fa9d226267c56ebd22c520c7b3640331cde87f3c4fb01
1791656433,NVIDIA GeForce RTX 4060,595.91.07,5844,8188,0,false,true,sha256:150b59966fb5b2cb1a8fa9d226267c56ebd22c520c7b3640331cde87f3c4fb01
1791656434,NVIDIA GeForce RTX 4060,595.91.07,5844,8188,0,false,true,sha256:150b59966fb5b2cb1a8fa9d226267c56ebd22c520c7b3640331cde87f3c4fb01
1791656435,NVIDIA GeForce RTX 4060,595.91.07,5844,8188,0,false,true,sha256:150b59966fb5b2cb1a8fa9d226267c56ebd22c520c7b3640331cde87f3c4fb01
1791656436,NVIDIA GeForce RTX 4060,595.91.07,5844,8188,0,false,true,sha256:150b59966fb5b2cb1a8fa9d226267c56ebd22c520c7b3640331cde87f3c4fb01
1791656437,NVIDIA GeForce RTX 4060,595.91.07,5844,8188,0,false,true,sha256:150b59966fb5b2cb1a8fa9d226267c56ebd22c520c7b3640331cde87f3c4fb01
1791656438,NVIDIA GeForce RTX 4060,595.91.07,5844,8188,0,false,true,sha256:150b59966fb5b2cb1a8fa9d226267c56ebd22c520c7b3640331cde87f3c4fb01
1791656439,NVIDIA GeForce RTX 4060,595.91.07,5844,8188,0,false,true,sha256:150b59966fb5b2cb1a8fa9d226267c56ebd22c520c7b3640331cde87f3c4fb01
1791656441,NVIDIA GeForce RTX 4060,595.91.07,5844,8188,0,false,true,sha256:150b59966fb5b2cb1a8fa9d226267c56ebd22c520c7b3640331cde87f3c4fb01
1791656442,NVIDIA GeForce RTX 4060,595.91.07,5844,8188,0,false,true,sha256:150b59966fb5b2cb1a8fa9d226267c56ebd22c520c7b3640331cde87f3c4fb01
1791656443,NVIDIA GeForce RTX 4060,595.91.07,5844,8188,0,false,true,sha256:150b59966fb5b2cb1a8fa9d226267c56ebd22c520c7b3640331cde87f3c4fb01
1791656444,NVIDIA GeForce RTX 4060,595.91.07,5844,8188,0,false,true,sha256:150b59966fb5b2cb1a8fa9d226267c56ebd22c520c7b3640331cde87f3c4fb01
1791656445,NVIDIA GeForce RTX 4060,595.91.07,5844,8188,0,false,true,sha256:150b59966fb5b2cb1a8fa9d226267c56ebd22c520c7b3640331cde87f3c4fb01
1791656446,NVIDIA GeForce RTX 4060,595.91.07,5844,8188,0,false,true,sha256:150b59966fb5b2cb1a8fa9d226267c56ebd22c520c7b3640331cde87f3c4fb01
1791656447,NVIDIA GeForce RTX 4060,595.91.07,5844,8188,0,false,true,sha256:150b59966fb5b2cb1a8fa9d226267c56ebd22c520c7b3640331cde87f3c4fb01
1791656448,NVIDIA GeForce RTX 4060,595.91.07,5844,8188,0,false,true,sha256:150b59966fb5b2cb1a8fa9d226267c56ebd22c520c7b3640331cde87f3c4fb01
1791656449,NVIDIA GeForce RTX 4060,595.91.07,5844,8188,0,false,true,sha256:150b59966fb5b2cb1a8fa9d226267c56ebd22c520c7b3640331cde87f3c4fb01
1791656450,NVIDIA GeForce RTX 4060,595.91.07,5844,8188,0,false,true,sha256:150b59966fb5b2cb1a8fa9d226267c56ebd22c520c7b3640331cde87f3c4fb01
1791656451,NVIDIA GeForce RTX 4060,595.91.07,5844,8188,0,false,true,sha256:150b59966fb5b2cb1a8fa9d226267c56ebd22c520c7b3640331cde87f3c4fb01
1791656452,NVIDIA GeForce RTX 4060,595.91.07,5844,8188,0,false,true,sha256:150b59966fb5b2cb1a8fa9d226267c56ebd22c520c7b3640331cde87f3c4fb01
1791656454,NVIDIA GeForce RTX 4060,595.91.07,5844,8188,0,false,true,sha256:150b59966fb5b2cb1a8fa9d226267c56ebd22c520c7b3640331cde87f3c4fb01
1791656455,NVIDIA GeForce RTX 4060,595.91.07,5844,8188,0,false,true,sha256:150b59966fb5b2cb1a8fa9d226267c56ebd22c520c7b3640331cde87f3c4fb01
1791656456,NVIDIA GeForce RTX 4060,595.91.07,5844,8188,0,false,true,sha256:150b59966fb5b2cb1a8fa9d226267c56ebd22c520c7b3640331cde87f3c4fb01
1791656457,NVIDIA GeForce RTX 4060,595.91.07,5844,8188,0,false,true,sha256:150b59966fb5b2cb1a8fa9d226267c56ebd22c520c7b3640331cde87f3c4fb01
1791656458,NVIDIA GeForce RTX 4060,595.91.07,5844,8188,0,false,true,sha256:150b59966fb5b2cb1a8fa9d226267c56ebd22c520c7b3640331cde87f3c4fb01
1791656459,NVIDIA GeForce RTX 4060,595.91.07,5844,8188,0,false,true,sha256:150b59966fb5b2cb1a8fa9d226267c56ebd22c520c7b3640331cde87f3c4fb01
1791656460,NVIDIA GeForce RTX 4060,595.91.07,5844,8188,0,false,true,sha256:150b59966fb5b2cb1a8fa9d226267c56ebd22c520c7b3640331cde87f3c4fb01
1791656461,NVIDIA GeForce RTX 4060,595.91.07,5844,8188,0,false,true,sha256:150b59966fb5b2cb1a8fa9d226267c56ebd22c520c7b3640331cde87f3c4fb01
1791656462,NVIDIA GeForce RTX 4060,595.91.07,5844,8188,0,false,true,sha256:150b59966fb5b2cb1a8fa9d226267c56ebd22c520c7b3640331cde87f3c4fb01
1791656463,NVIDIA GeForce RTX 4060,595.91.07,5844,8188,0,false,true,sha256:150b59966fb5b2cb1a8fa9d226267c56ebd22c520c7b3640331cde87f3c4fb01
1791656464,NVIDIA GeForce RTX 4060,595.91.07,5844,8188,0,false,true,sha256:150b59966fb5b2cb1a8fa9d226267c56ebd22c520c7b3640331cde87f3c4fb01
1791656465,NVIDIA GeForce RTX 4060,595.91.07,5844,8188,0,false,true,sha256:150b59966fb5b2cb1a8fa9d226267c56ebd22c520c7b3640331cde87f3c4fb01
1791656467,NVIDIA GeForce RTX 4060,595.91.07,5844,8188,0,false,true,sha256:150b59966fb5b2cb1a8fa9d226267c56ebd22c520c7b3640331cde87f3c4fb01
1791656468,NVIDIA GeForce RTX 4060,595.91.07,5844,8188,0,false,true,sha256:150b59966fb5b2cb1a8fa9d226267c56ebd22c520c7b3640331cde87f3c4fb01
1791656469,NVIDIA GeForce RTX 4060,595.91.07,5844,8188,0,false,true,sha256:150b59966fb5b2cb1a8fa9d226267c56ebd22c520c7b3640331cde87f3c4fb01
1791656470,NVIDIA GeForce RTX 4060,595.91.07,5844,8188,0,false,true,sha256:150b59966fb5b2cb1a8fa9d226267c56ebd22c520c7b3640331cde87f3c4fb01
1791656471,NVIDIA GeForce RTX 4060,595.91.07,5844,8188,0,false,true,sha256:150b59966fb5b2cb1a8fa9d226267c56ebd22c520c7b3640331cde87f3c4fb01
1791656472,NVIDIA GeForce RTX 4060,595.91.07,5844,8188,0,false,true,sha256:150b59966fb5b2cb1a8fa9d226267c56ebd22c520c7b3640331cde87f3c4fb01
1791656473,NVIDIA GeForce RTX 4060,595.91.07,5844,8188,0,false,true,sha256:150b59966fb5b2cb1a8fa9d226267c56ebd22c520c7b3640331cde87f3c4fb01
1791656474,NVIDIA GeForce RTX 4060,595.91.07,5844,8188,0,false,true,sha256:150b59966fb5b2cb1a8fa9d226267c56ebd22c520c7b3640331cde87f3c4fb01
1791656475,NVIDIA GeForce RTX 4060,595.91.07,5844,8188,0,false,true,sha256:150b59966fb5b2cb1a8fa9d226267c56ebd22c520c7b3640331cde87f3c4fb01
1791656476,NVIDIA GeForce RTX 4060,595.91.07,5844,8188,0,false,true,sha256:150b59966fb5b2cb1a8fa9d226267c56ebd22c520c7b3640331cde87f3c4fb01
1791656477,NVIDIA GeForce RTX 4060,595.91.07,5844,8188,0,false,true,sha256:150b59966fb5b2cb1a8fa9d226267c56ebd22c520c7b3640331cde87f3c4fb01
1791656478,NVIDIA GeForce RTX 4060,595.91.07,5844,8188,0,false,true,sha256:150b59966fb5b2cb1a8fa9d226267c56ebd22c520c7b3640331cde87f3c4fb01
1791656479,NVIDIA GeForce RTX 4060,595.91.07,5844,8188,0,false,true,sha256:150b59966fb5b2cb1a8fa9d226267c56ebd22c520c7b3640331cde87f3c4fb01
1791656481,NVIDIA GeForce RTX 4060,595.91.07,5844,8188,0,false,true,sha256:150b59966fb5b2cb1a8fa9d226267c56ebd22c520c7b3640331cde87f3c4fb01
1791656482,NVIDIA GeForce RTX 4060,595.91.07,5844,8188,0,false,true,sha256:150b59966fb5b2cb1a8fa9d226267c56ebd22c520c7b3640331cde87f3c4fb01
1791656483,NVIDIA GeForce RTX 4060,595.91.07,5844,8188,0,false,true,sha256:150b59966fb5b2cb1a8fa9d226267c56ebd22c520c7b3640331cde87f3c4fb01
1791656484,NVIDIA GeForce RTX 4060,595.91.07,5844,8188,0,false,true,sha256:150b59966fb5b2cb1a8fa9d226267c56ebd22c520c7b3640331cde87f3c4fb01
1791656485,NVIDIA GeForce RTX 4060,595.91.07,5844,8188,0,false,true,sha256:150b59966fb5b2cb1a8fa9d226267c56ebd22c520c7b3640331cde87f3c4fb01
1791656486,NVIDIA GeForce RTX 4060,595.91.07,5844,8188,0,false,true,sha256:150b59966fb5b2cb1a8fa9d226267c56ebd22c520c7b3640331cde87f3c4fb01
1791656487,NVIDIA GeForce RTX 4060,595.91.07,5844,8188,0,false,true,sha256:150b59966fb5b2cb1a8fa9d226267c56ebd22c520c7b3640331cde87f3c4fb01
1791656488,NVIDIA GeForce RTX 4060,595.91.07,5844,8188,0,false,true,sha256:150b59966fb5b2cb1a8fa9d226267c56ebd22c520c7b3640331cde87f3c4fb01
1791656489,NVIDIA GeForce RTX 4060,595.91.07,5844,8188,0,false,true,sha256:150b59966fb5b2cb1a8fa9d226267c56ebd22c520c7b3640331cde87f3c4fb01
1791656490,NVIDIA GeForce RTX 4060,595.91.07,5844,8188,0,false,true,sha256:150b59966fb5b2cb1a8fa9d226267c56ebd22c520c7b3640331cde87f3c4fb01
1791656491,NVIDIA GeForce RTX 4060,595.91.07,5844,8188,0,false,true,sha256:150b59966fb5b2cb1a8fa9d226267c56ebd22c520c7b3640331cde87f3c4fb01
1791656492,NVIDIA GeForce RTX 4060,595.91.07,5844,8188,0,false,true,sha256:150b59966fb5b2cb1a8fa9d226267c56ebd22c520c7b3640331cde87f3c4fb01
1791656494,NVIDIA GeForce RTX 4060,595.91.07,5844,8188,0,false,true,sha256:150b59966fb5b2cb1a8fa9d226267c56ebd22c520c7b3640331cde87f3c4fb01
1791656495,NVIDIA GeForce RTX 4060,595.91.07,5844,8188,0,false,true,sha256:150b59966fb5b2cb1a8fa9d226267c56ebd22c520c7b3640331cde87f3c4fb01
1791656496,NVIDIA GeForce RTX 4060,595.91.07,5844,8188,0,false,true,sha256:150b59966fb5b2cb1a8fa9d226267c56ebd22c520c7b3640331cde87f3c4fb01
1791656497,NVIDIA GeForce RTX 4060,595.91.07,5844,8188,0,false,true,sha256:150b59966fb5b2cb1a8fa9d226267c56ebd22c520c7b3640331cde87f3c4fb01
1791656498,NVIDIA GeForce RTX 4060,595.91.07,5844,8188,0,false,true,sha256:150b59966fb5b2cb1a8fa9d226267c56ebd22c520c7b3640331cde87f3c4fb01
1791656499,NVIDIA GeForce RTX 4060,595.91.07,5844,8188,0,false,true,sha256:150b59966fb5b2cb1a8fa9d226267c56ebd22c520c7b3640331cde87f3c4fb01
1791656500,NVIDIA GeForce RTX 4060,595.91.07,5844,8188,0,false,true,sha256:150b59966fb5b2cb1a8fa9d226267c56ebd22c520c7b3640331cde87f3c4fb01
1791656501,NVIDIA GeForce RTX 4060,595.91.07,5844,8188,0,false,true,sha256:150b59966fb5b2cb1a8fa9d226267c56ebd22c520c7b3640331cde87f3c4fb01
1791656502,NVIDIA GeForce RTX 4060,595.91.07,5844,8188,0,false,true,sha256:150b59966fb5b2cb1a8fa9d226267c56ebd22c520c7b3640331cde87f3c4fb01
1791656503,NVIDIA GeForce RTX 4060,595.91.07,5844,8188,0,false,true,sha256:150b59966fb5b2cb1a8fa9d226267c56ebd22c520c7b3640331cde87f3c4fb01
1791656504,NVIDIA GeForce RTX 4060,595.91.07,5844,8188,0,false,true,sha256:150b59966fb5b2cb1a8fa9d226267c56ebd22c520c7b3640331cde87f3c4fb01
1791656505,NVIDIA GeForce RTX 4060,595.91.07,5844,8188,0,false,true,sha256:150b59966fb5b2cb1a8fa9d226267c56ebd22c520c7b3640331cde87f3c4fb01
1791656507,NVIDIA GeForce RTX 4060,595.91.07,5844,8188,0,false,true,sha256:150b59966fb5b2cb1a8fa9d226267c56ebd22c520c7b3640331cde87f3c4fb01
1791656508,NVIDIA GeForce RTX 4060,595.91.07,5844,8188,0,false,true,sha256:150b59966fb5b2cb1a8fa9d226267c56ebd22c520c7b3640331cde87f3c4fb01
1791656509,NVIDIA GeForce RTX 4060,595.91.07,5844,8188,0,false,true,sha256:150b59966fb5b2cb1a8fa9d226267c56ebd22c520c7b3640331cde87f3c4fb01
1791656510,NVIDIA GeForce RTX 4060,595.91.07,5844,8188,0,false,true,sha256:150b59966fb5b2cb1a8fa9d226267c56ebd22c520c7b3640331cde87f3c4fb01
1791656511,NVIDIA GeForce RTX 4060,595.91.07,5844,8188,0,false,true,sha256:150b59966fb5b2cb1a8fa9d226267c56ebd22c520c7b3640331cde87f3c4fb01
1791656512,NVIDIA GeForce RTX 4060,595.91.07,5844,8188,0,false,true,sha256:150b59966fb5b2cb1a8fa9d226267c56ebd22c520c7b3640331cde87f3c4fb01
1791656513,NVIDIA GeForce RTX 4060,595.91.07,5844,8188,0,false,true,sha256:150b59966fb5b2cb1a8fa9d226267c56ebd22c520c7b3640331cde87f3c4fb01
1791656514,NVIDIA GeForce RTX 4060,595.91.07,5844,8188,0,false,true,sha256:150b59966fb5b2cb1a8fa9d226267c56ebd22c520c7b3640331cde87f3c4fb01
1791656515,NVIDIA GeForce RTX 4060,595.91.07,5844,8188,0,false,true,sha256:150b59966fb5b2cb1a8fa9d226267c56ebd22c520c7b3640331cde87f3c4fb01
1791656516,NVIDIA GeForce RTX 4060,595.91.07,5844,8188,0,false,true,sha256:150b59966fb5b2cb1a8fa9d226267c56ebd22c520c7b3640331cde87f3c4fb01
1791656517,NVIDIA GeForce RTX 4060,595.91.07,5844,8188,0,false,true,sha256:150b59966fb5b2cb1a8fa9d226267c56ebd22c520c7b3640331cde87f3c4fb01
1791656518,NVIDIA GeForce RTX 4060,595.91.07,5844,8188,0,false,true,sha256:150b59966fb5b2cb1a8fa9d226267c56ebd22c520c7b3640331cde87f3c4fb01
1791656519,NVIDIA GeForce RTX 4060,595.91.07,5844,8188,0,false,true,sha256:150b59966fb5b2cb1a8fa9d226267c56ebd22c520c7b3640331cde87f3c4fb01
1791656521,NVIDIA GeForce RTX 4060,595.91.07,5844,8188,0,false,true,sha256:150b59966fb5b2cb1a8fa9d226267c56ebd22c520c7b3640331cde87f3c4fb01
1791656522,NVIDIA GeForce RTX 4060,595.91.07,5844,8188,0,false,true,sha256:150b59966fb5b2cb1a8fa9d226267c56ebd22c520c7b3640331cde87f3c4fb01
1791656523,NVIDIA GeForce RTX 4060,595.91.07,5844,8188,0,false,true,sha256:150b59966fb5b2cb1a8fa9d226267c56ebd22c520c7b3640331cde87f3c4fb01
1791656524,NVIDIA GeForce RTX 4060,595.91.07,5844,8188,0,false,true,sha256:150b59966fb5b2cb1a8fa9d226267c56ebd22c520c7b3640331cde87f3c4fb01
1791656525,NVIDIA GeForce RTX 4060,595.91.07,5844,8188,0,false,true,sha256:150b59966fb5b2cb1a8fa9d226267c56ebd22c520c7b3640331cde87f3c4fb01
1791656526,NVIDIA GeForce RTX 4060,595.91.07,5844,8188,0,false,true,sha256:150b59966fb5b2cb1a8fa9d226267c56ebd22c520c7b3640331cde87f3c4fb01
